=== Training Log ===
Config: random_50
Training Time: 363.90s
Return Code: 0

=== stdout ===
/data/users/cyang/repos/MSMT-CSD_INR/diffusion_calculator.py:69: UserWarning: Pass ['name'] as keyword args. From version 2.0.0 passing these as positional arguments will result in an error. 
  sphere = get_sphere("repulsion724")  # 100, 200, 724
Wandb logging disabled
Fod_NeSH(
  (mlp): Sequential(
    (0): Linear(in_features=10000, out_features=1024, bias=True)
    (1): ReLU()
    (2): Linear(in_features=1024, out_features=1024, bias=True)
    (3): ReLU()
    (4): Linear(in_features=1024, out_features=1024, bias=True)
    (5): ReLU()
    (6): Linear(in_features=1024, out_features=1024, bias=True)
    (7): ReLU()
    (8): Linear(in_features=1024, out_features=45, bias=True)
  )
)
cuda:0

Epoch 1/5

Training:   0%|                                                             | 0/863 [00:00<?, ?it/s]
Training (loss=47.4460):   0%|                                              | 0/863 [00:00<?, ?it/s]
Training (loss=47.4460):   0%|                                      | 1/863 [00:00<05:51,  2.45it/s]
Training (loss=14.7571):   0%|                                      | 1/863 [00:00<05:51,  2.45it/s]
Training (loss=6.7889):   0%|                                       | 1/863 [00:00<05:51,  2.45it/s]
Training (loss=15.2355):   0%|                                      | 1/863 [00:00<05:51,  2.45it/s]
Training (loss=16.6906):   0%|                                      | 1/863 [00:00<05:51,  2.45it/s]
Training (loss=12.3767):   0%|                                      | 1/863 [00:00<05:51,  2.45it/s]
Training (loss=7.8171):   0%|                                       | 1/863 [00:00<05:51,  2.45it/s]
Training (loss=5.6987):   0%|                                       | 1/863 [00:00<05:51,  2.45it/s]
Training (loss=5.4143):   0%|                                       | 1/863 [00:00<05:51,  2.45it/s]
Training (loss=7.0339):   0%|                                       | 1/863 [00:00<05:51,  2.45it/s]
Training (loss=7.7476):   0%|                                       | 1/863 [00:00<05:51,  2.45it/s]
Training (loss=8.5866):   0%|                                       | 1/863 [00:00<05:51,  2.45it/s]
Training (loss=8.3561):   0%|                                       | 1/863 [00:00<05:51,  2.45it/s]
Training (loss=7.6179):   0%|                                       | 1/863 [00:00<05:51,  2.45it/s]
Training (loss=7.0354):   0%|                                       | 1/863 [00:00<05:51,  2.45it/s]
Training (loss=5.6812):   0%|                                       | 1/863 [00:00<05:51,  2.45it/s]
Training (loss=5.6812):   2%|▋                                     | 16/863 [00:00<00:21, 40.10it/s]
Training (loss=5.2172):   2%|▋                                     | 16/863 [00:00<00:21, 40.10it/s]
Training (loss=5.2390):   2%|▋                                     | 16/863 [00:00<00:21, 40.10it/s]
Training (loss=5.0723):   2%|▋                                     | 16/863 [00:00<00:21, 40.10it/s]
Training (loss=5.2097):   2%|▋                                     | 16/863 [00:00<00:21, 40.10it/s]
Training (loss=5.5486):   2%|▋                                     | 16/863 [00:00<00:21, 40.10it/s]
Training (loss=5.5796):   2%|▋                                     | 16/863 [00:00<00:21, 40.10it/s]
Training (loss=5.3960):   2%|▋                                     | 16/863 [00:00<00:21, 40.10it/s]
Training (loss=5.5875):   2%|▋                                     | 16/863 [00:00<00:21, 40.10it/s]
Training (loss=4.8601):   2%|▋                                     | 16/863 [00:00<00:21, 40.10it/s]
Training (loss=4.7513):   2%|▋                                     | 16/863 [00:00<00:21, 40.10it/s]
Training (loss=4.4905):   2%|▋                                     | 16/863 [00:00<00:21, 40.10it/s]
Training (loss=4.4017):   2%|▋                                     | 16/863 [00:00<00:21, 40.10it/s]
Training (loss=4.3669):   2%|▋                                     | 16/863 [00:00<00:21, 40.10it/s]
Training (loss=4.0261):   2%|▋                                     | 16/863 [00:00<00:21, 40.10it/s]
Training (loss=4.6967):   2%|▋                                     | 16/863 [00:00<00:21, 40.10it/s]
Training (loss=4.2145):   2%|▋                                     | 16/863 [00:00<00:21, 40.10it/s]
Training (loss=4.3895):   2%|▋                                     | 16/863 [00:00<00:21, 40.10it/s]
Training (loss=4.3895):   4%|█▍                                    | 33/863 [00:00<00:11, 73.86it/s]
Training (loss=4.2682):   4%|█▍                                    | 33/863 [00:00<00:11, 73.86it/s]
Training (loss=4.4583):   4%|█▍                                    | 33/863 [00:00<00:11, 73.86it/s]
Training (loss=4.4720):   4%|█▍                                    | 33/863 [00:00<00:11, 73.86it/s]
Training (loss=4.2853):   4%|█▍                                    | 33/863 [00:00<00:11, 73.86it/s]
Training (loss=3.8975):   4%|█▍                                    | 33/863 [00:00<00:11, 73.86it/s]
Training (loss=3.9786):   4%|█▍                                    | 33/863 [00:00<00:11, 73.86it/s]
Training (loss=3.8785):   4%|█▍                                    | 33/863 [00:00<00:11, 73.86it/s]
Training (loss=3.9953):   4%|█▍                                    | 33/863 [00:00<00:11, 73.86it/s]
Training (loss=4.0570):   4%|█▍                                    | 33/863 [00:00<00:11, 73.86it/s]
Training (loss=3.9057):   4%|█▍                                    | 33/863 [00:00<00:11, 73.86it/s]
Training (loss=3.8920):   4%|█▍                                    | 33/863 [00:00<00:11, 73.86it/s]
Training (loss=4.1546):   4%|█▍                                    | 33/863 [00:00<00:11, 73.86it/s]
Training (loss=3.8480):   4%|█▍                                    | 33/863 [00:00<00:11, 73.86it/s]
Training (loss=3.7221):   4%|█▍                                    | 33/863 [00:00<00:11, 73.86it/s]
Training (loss=3.7460):   4%|█▍                                    | 33/863 [00:00<00:11, 73.86it/s]
Training (loss=3.9945):   4%|█▍                                    | 33/863 [00:00<00:11, 73.86it/s]
Training (loss=3.7836):   4%|█▍                                    | 33/863 [00:00<00:11, 73.86it/s]
Training (loss=3.3396):   4%|█▍                                    | 33/863 [00:00<00:11, 73.86it/s]
Training (loss=3.3396):   6%|██▏                                  | 51/863 [00:00<00:07, 102.45it/s]
Training (loss=3.6536):   6%|██▏                                  | 51/863 [00:00<00:07, 102.45it/s]
Training (loss=3.9329):   6%|██▏                                  | 51/863 [00:00<00:07, 102.45it/s]
Training (loss=3.7264):   6%|██▏                                  | 51/863 [00:00<00:07, 102.45it/s]
Training (loss=3.5420):   6%|██▏                                  | 51/863 [00:00<00:07, 102.45it/s]
Training (loss=3.4759):   6%|██▏                                  | 51/863 [00:00<00:07, 102.45it/s]
Training (loss=3.6299):   6%|██▏                                  | 51/863 [00:00<00:07, 102.45it/s]
Training (loss=3.5484):   6%|██▏                                  | 51/863 [00:00<00:07, 102.45it/s]
Training (loss=3.7532):   6%|██▏                                  | 51/863 [00:00<00:07, 102.45it/s]
Training (loss=3.3063):   6%|██▏                                  | 51/863 [00:00<00:07, 102.45it/s]
Training (loss=3.6025):   6%|██▏                                  | 51/863 [00:00<00:07, 102.45it/s]
Training (loss=3.4646):   6%|██▏                                  | 51/863 [00:00<00:07, 102.45it/s]
Training (loss=3.2338):   6%|██▏                                  | 51/863 [00:00<00:07, 102.45it/s]
Training (loss=3.3107):   6%|██▏                                  | 51/863 [00:00<00:07, 102.45it/s]
Training (loss=3.5160):   6%|██▏                                  | 51/863 [00:00<00:07, 102.45it/s]
Training (loss=3.3496):   6%|██▏                                  | 51/863 [00:00<00:07, 102.45it/s]
Training (loss=3.4950):   6%|██▏                                  | 51/863 [00:00<00:07, 102.45it/s]
Training (loss=3.6609):   6%|██▏                                  | 51/863 [00:00<00:07, 102.45it/s]
Training (loss=3.2308):   6%|██▏                                  | 51/863 [00:00<00:07, 102.45it/s]
Training (loss=3.2308):   8%|██▉                                  | 69/863 [00:00<00:06, 122.21it/s]
Training (loss=3.4603):   8%|██▉                                  | 69/863 [00:00<00:06, 122.21it/s]
Training (loss=3.4719):   8%|██▉                                  | 69/863 [00:00<00:06, 122.21it/s]
Training (loss=3.1992):   8%|██▉                                  | 69/863 [00:00<00:06, 122.21it/s]
Training (loss=3.3862):   8%|██▉                                  | 69/863 [00:00<00:06, 122.21it/s]
Training (loss=3.7136):   8%|██▉                                  | 69/863 [00:00<00:06, 122.21it/s]
Training (loss=3.0717):   8%|██▉                                  | 69/863 [00:00<00:06, 122.21it/s]
Training (loss=3.3265):   8%|██▉                                  | 69/863 [00:00<00:06, 122.21it/s]
Training (loss=3.2593):   8%|██▉                                  | 69/863 [00:00<00:06, 122.21it/s]
Training (loss=3.3943):   8%|██▉                                  | 69/863 [00:00<00:06, 122.21it/s]
Training (loss=3.0477):   8%|██▉                                  | 69/863 [00:00<00:06, 122.21it/s]
Training (loss=3.3357):   8%|██▉                                  | 69/863 [00:00<00:06, 122.21it/s]
Training (loss=3.0039):   8%|██▉                                  | 69/863 [00:00<00:06, 122.21it/s]
Training (loss=3.1366):   8%|██▉                                  | 69/863 [00:00<00:06, 122.21it/s]
Training (loss=3.1380):   8%|██▉                                  | 69/863 [00:00<00:06, 122.21it/s]
Training (loss=3.3843):   8%|██▉                                  | 69/863 [00:00<00:06, 122.21it/s]
Training (loss=3.1823):   8%|██▉                                  | 69/863 [00:00<00:06, 122.21it/s]
Training (loss=3.1823):  10%|███▋                                 | 85/863 [00:00<00:05, 131.99it/s]
Training (loss=3.3934):  10%|███▋                                 | 85/863 [00:00<00:05, 131.99it/s]
Training (loss=3.4202):  10%|███▋                                 | 85/863 [00:00<00:05, 131.99it/s]
Training (loss=3.2232):  10%|███▋                                 | 85/863 [00:00<00:05, 131.99it/s]
Training (loss=3.2660):  10%|███▋                                 | 85/863 [00:00<00:05, 131.99it/s]
Training (loss=3.1691):  10%|███▋                                 | 85/863 [00:00<00:05, 131.99it/s]
Training (loss=3.0961):  10%|███▋                                 | 85/863 [00:00<00:05, 131.99it/s]
Training (loss=3.3348):  10%|███▋                                 | 85/863 [00:00<00:05, 131.99it/s]
Training (loss=3.2628):  10%|███▋                                 | 85/863 [00:00<00:05, 131.99it/s]
Training (loss=3.0938):  10%|███▋                                 | 85/863 [00:00<00:05, 131.99it/s]
Training (loss=3.1532):  10%|███▋                                 | 85/863 [00:00<00:05, 131.99it/s]
Training (loss=3.2970):  10%|███▋                                 | 85/863 [00:00<00:05, 131.99it/s]
Training (loss=2.9925):  10%|███▋                                 | 85/863 [00:00<00:05, 131.99it/s]
Training (loss=3.3857):  10%|███▋                                 | 85/863 [00:01<00:05, 131.99it/s]
Training (loss=3.2052):  10%|███▋                                 | 85/863 [00:01<00:05, 131.99it/s]
Training (loss=3.2209):  10%|███▋                                 | 85/863 [00:01<00:05, 131.99it/s]
Training (loss=3.0776):  10%|███▋                                 | 85/863 [00:01<00:05, 131.99it/s]
Training (loss=3.1684):  10%|███▋                                 | 85/863 [00:01<00:05, 131.99it/s]
Training (loss=3.1684):  12%|████▎                               | 102/863 [00:01<00:05, 142.21it/s]
Training (loss=3.0910):  12%|████▎                               | 102/863 [00:01<00:05, 142.21it/s]
Training (loss=2.9511):  12%|████▎                               | 102/863 [00:01<00:05, 142.21it/s]
Training (loss=3.1251):  12%|████▎                               | 102/863 [00:01<00:05, 142.21it/s]
Training (loss=2.9443):  12%|████▎                               | 102/863 [00:01<00:05, 142.21it/s]
Training (loss=2.8959):  12%|████▎                               | 102/863 [00:01<00:05, 142.21it/s]
Training (loss=3.0888):  12%|████▎                               | 102/863 [00:01<00:05, 142.21it/s]
Training (loss=3.0199):  12%|████▎                               | 102/863 [00:01<00:05, 142.21it/s]
Training (loss=2.9974):  12%|████▎                               | 102/863 [00:01<00:05, 142.21it/s]
Training (loss=2.9597):  12%|████▎                               | 102/863 [00:01<00:05, 142.21it/s]
Training (loss=3.1369):  12%|████▎                               | 102/863 [00:01<00:05, 142.21it/s]
Training (loss=3.3107):  12%|████▎                               | 102/863 [00:01<00:05, 142.21it/s]
Training (loss=2.9681):  12%|████▎                               | 102/863 [00:01<00:05, 142.21it/s]
Training (loss=2.8588):  12%|████▎                               | 102/863 [00:01<00:05, 142.21it/s]
Training (loss=2.9560):  12%|████▎                               | 102/863 [00:01<00:05, 142.21it/s]
Training (loss=2.8396):  12%|████▎                               | 102/863 [00:01<00:05, 142.21it/s]
Training (loss=3.1471):  12%|████▎                               | 102/863 [00:01<00:05, 142.21it/s]
Training (loss=3.0850):  12%|████▎                               | 102/863 [00:01<00:05, 142.21it/s]
Training (loss=3.0850):  14%|████▉                               | 119/863 [00:01<00:05, 147.91it/s]
Training (loss=3.3548):  14%|████▉                               | 119/863 [00:01<00:05, 147.91it/s]
Training (loss=2.9216):  14%|████▉                               | 119/863 [00:01<00:05, 147.91it/s]
Training (loss=3.0501):  14%|████▉                               | 119/863 [00:01<00:05, 147.91it/s]
Training (loss=2.9249):  14%|████▉                               | 119/863 [00:01<00:05, 147.91it/s]
Training (loss=2.9384):  14%|████▉                               | 119/863 [00:01<00:05, 147.91it/s]
Training (loss=3.0482):  14%|████▉                               | 119/863 [00:01<00:05, 147.91it/s]
Training (loss=2.9296):  14%|████▉                               | 119/863 [00:01<00:05, 147.91it/s]
Training (loss=2.8402):  14%|████▉                               | 119/863 [00:01<00:05, 147.91it/s]
Training (loss=3.0953):  14%|████▉                               | 119/863 [00:01<00:05, 147.91it/s]
Training (loss=3.0496):  14%|████▉                               | 119/863 [00:01<00:05, 147.91it/s]
Training (loss=3.0834):  14%|████▉                               | 119/863 [00:01<00:05, 147.91it/s]
Training (loss=3.1500):  14%|████▉                               | 119/863 [00:01<00:05, 147.91it/s]
Training (loss=2.9876):  14%|████▉                               | 119/863 [00:01<00:05, 147.91it/s]
Training (loss=3.0325):  14%|████▉                               | 119/863 [00:01<00:05, 147.91it/s]
Training (loss=3.1312):  14%|████▉                               | 119/863 [00:01<00:05, 147.91it/s]
Training (loss=3.1989):  14%|████▉                               | 119/863 [00:01<00:05, 147.91it/s]
Training (loss=3.0335):  14%|████▉                               | 119/863 [00:01<00:05, 147.91it/s]
Training (loss=3.0335):  16%|█████▋                              | 136/863 [00:01<00:04, 151.83it/s]
Training (loss=2.7928):  16%|█████▋                              | 136/863 [00:01<00:04, 151.83it/s]
Training (loss=3.0859):  16%|█████▋                              | 136/863 [00:01<00:04, 151.83it/s]
Training (loss=2.7458):  16%|█████▋                              | 136/863 [00:01<00:04, 151.83it/s]
Training (loss=2.9913):  16%|█████▋                              | 136/863 [00:01<00:04, 151.83it/s]
Training (loss=2.9438):  16%|█████▋                              | 136/863 [00:01<00:04, 151.83it/s]
Training (loss=2.9919):  16%|█████▋                              | 136/863 [00:01<00:04, 151.83it/s]
Training (loss=3.0771):  16%|█████▋                              | 136/863 [00:01<00:04, 151.83it/s]
Training (loss=3.0051):  16%|█████▋                              | 136/863 [00:01<00:04, 151.83it/s]
Training (loss=2.8293):  16%|█████▋                              | 136/863 [00:01<00:04, 151.83it/s]
Training (loss=3.0158):  16%|█████▋                              | 136/863 [00:01<00:04, 151.83it/s]
Training (loss=2.9984):  16%|█████▋                              | 136/863 [00:01<00:04, 151.83it/s]
Training (loss=2.8487):  16%|█████▋                              | 136/863 [00:01<00:04, 151.83it/s]
Training (loss=3.0571):  16%|█████▋                              | 136/863 [00:01<00:04, 151.83it/s]
Training (loss=3.0145):  16%|█████▋                              | 136/863 [00:01<00:04, 151.83it/s]
Training (loss=3.0540):  16%|█████▋                              | 136/863 [00:01<00:04, 151.83it/s]
Training (loss=2.9465):  16%|█████▋                              | 136/863 [00:01<00:04, 151.83it/s]
Training (loss=2.9910):  16%|█████▋                              | 136/863 [00:01<00:04, 151.83it/s]
Training (loss=2.9660):  16%|█████▋                              | 136/863 [00:01<00:04, 151.83it/s]
Training (loss=2.9660):  18%|██████▍                             | 154/863 [00:01<00:04, 159.62it/s]
Training (loss=2.7837):  18%|██████▍                             | 154/863 [00:01<00:04, 159.62it/s]
Training (loss=3.0121):  18%|██████▍                             | 154/863 [00:01<00:04, 159.62it/s]
Training (loss=2.7192):  18%|██████▍                             | 154/863 [00:01<00:04, 159.62it/s]
Training (loss=2.9577):  18%|██████▍                             | 154/863 [00:01<00:04, 159.62it/s]
Training (loss=3.0340):  18%|██████▍                             | 154/863 [00:01<00:04, 159.62it/s]
Training (loss=2.7871):  18%|██████▍                             | 154/863 [00:01<00:04, 159.62it/s]
Training (loss=2.8231):  18%|██████▍                             | 154/863 [00:01<00:04, 159.62it/s]
Training (loss=3.0336):  18%|██████▍                             | 154/863 [00:01<00:04, 159.62it/s]
Training (loss=2.8508):  18%|██████▍                             | 154/863 [00:01<00:04, 159.62it/s]
Training (loss=2.8873):  18%|██████▍                             | 154/863 [00:01<00:04, 159.62it/s]
Training (loss=2.7486):  18%|██████▍                             | 154/863 [00:01<00:04, 159.62it/s]
Training (loss=2.9083):  18%|██████▍                             | 154/863 [00:01<00:04, 159.62it/s]
Training (loss=2.8892):  18%|██████▍                             | 154/863 [00:01<00:04, 159.62it/s]
Training (loss=2.8544):  18%|██████▍                             | 154/863 [00:01<00:04, 159.62it/s]
Training (loss=2.9766):  18%|██████▍                             | 154/863 [00:01<00:04, 159.62it/s]
Training (loss=3.0048):  18%|██████▍                             | 154/863 [00:01<00:04, 159.62it/s]
Training (loss=3.1662):  18%|██████▍                             | 154/863 [00:01<00:04, 159.62it/s]
Training (loss=2.9284):  18%|██████▍                             | 154/863 [00:01<00:04, 159.62it/s]
Training (loss=2.9867):  18%|██████▍                             | 154/863 [00:01<00:04, 159.62it/s]
Training (loss=2.9867):  20%|███████▏                            | 173/863 [00:01<00:04, 166.31it/s]
Training (loss=2.8291):  20%|███████▏                            | 173/863 [00:01<00:04, 166.31it/s]
Training (loss=3.3914):  20%|███████▏                            | 173/863 [00:01<00:04, 166.31it/s]
Training (loss=2.9309):  20%|███████▏                            | 173/863 [00:01<00:04, 166.31it/s]
Training (loss=3.0941):  20%|███████▏                            | 173/863 [00:01<00:04, 166.31it/s]
Training (loss=2.8903):  20%|███████▏                            | 173/863 [00:01<00:04, 166.31it/s]
Training (loss=3.0997):  20%|███████▏                            | 173/863 [00:01<00:04, 166.31it/s]
Training (loss=3.0200):  20%|███████▏                            | 173/863 [00:01<00:04, 166.31it/s]
Training (loss=2.9020):  20%|███████▏                            | 173/863 [00:01<00:04, 166.31it/s]
Training (loss=2.7478):  20%|███████▏                            | 173/863 [00:01<00:04, 166.31it/s]
Training (loss=2.9602):  20%|███████▏                            | 173/863 [00:01<00:04, 166.31it/s]
Training (loss=2.9722):  20%|███████▏                            | 173/863 [00:01<00:04, 166.31it/s]
Training (loss=2.8417):  20%|███████▏                            | 173/863 [00:01<00:04, 166.31it/s]
Training (loss=2.6776):  20%|███████▏                            | 173/863 [00:01<00:04, 166.31it/s]
Training (loss=3.0364):  20%|███████▏                            | 173/863 [00:01<00:04, 166.31it/s]
Training (loss=2.7709):  20%|███████▏                            | 173/863 [00:01<00:04, 166.31it/s]
Training (loss=2.9076):  20%|███████▏                            | 173/863 [00:01<00:04, 166.31it/s]
Training (loss=2.8579):  20%|███████▏                            | 173/863 [00:01<00:04, 166.31it/s]
Training (loss=2.6543):  20%|███████▏                            | 173/863 [00:01<00:04, 166.31it/s]
Training (loss=2.6543):  22%|███████▉                            | 191/863 [00:01<00:03, 169.10it/s]
Training (loss=3.0511):  22%|███████▉                            | 191/863 [00:01<00:03, 169.10it/s]
Training (loss=2.9549):  22%|███████▉                            | 191/863 [00:01<00:03, 169.10it/s]
Training (loss=2.8291):  22%|███████▉                            | 191/863 [00:01<00:03, 169.10it/s]
Training (loss=3.0119):  22%|███████▉                            | 191/863 [00:01<00:03, 169.10it/s]
Training (loss=3.0754):  22%|███████▉                            | 191/863 [00:01<00:03, 169.10it/s]
Training (loss=2.8583):  22%|███████▉                            | 191/863 [00:01<00:03, 169.10it/s]
Training (loss=2.8414):  22%|███████▉                            | 191/863 [00:01<00:03, 169.10it/s]
Training (loss=2.8175):  22%|███████▉                            | 191/863 [00:01<00:03, 169.10it/s]
Training (loss=2.9043):  22%|███████▉                            | 191/863 [00:01<00:03, 169.10it/s]
Training (loss=2.8238):  22%|███████▉                            | 191/863 [00:01<00:03, 169.10it/s]
Training (loss=2.3977):  22%|███████▉                            | 191/863 [00:01<00:03, 169.10it/s]
Training (loss=2.9233):  22%|███████▉                            | 191/863 [00:01<00:03, 169.10it/s]
Training (loss=2.8906):  22%|███████▉                            | 191/863 [00:01<00:03, 169.10it/s]
Training (loss=2.7692):  22%|███████▉                            | 191/863 [00:01<00:03, 169.10it/s]
Training (loss=2.7059):  22%|███████▉                            | 191/863 [00:01<00:03, 169.10it/s]
Training (loss=2.9352):  22%|███████▉                            | 191/863 [00:01<00:03, 169.10it/s]
Training (loss=2.6167):  22%|███████▉                            | 191/863 [00:01<00:03, 169.10it/s]
Training (loss=2.8110):  22%|███████▉                            | 191/863 [00:01<00:03, 169.10it/s]
Training (loss=2.8110):  24%|████████▋                           | 209/863 [00:01<00:03, 167.70it/s]
Training (loss=2.8157):  24%|████████▋                           | 209/863 [00:01<00:03, 167.70it/s]
Training (loss=3.0978):  24%|████████▋                           | 209/863 [00:01<00:03, 167.70it/s]
Training (loss=2.6977):  24%|████████▋                           | 209/863 [00:01<00:03, 167.70it/s]
Training (loss=2.6463):  24%|████████▋                           | 209/863 [00:01<00:03, 167.70it/s]
Training (loss=2.9713):  24%|████████▋                           | 209/863 [00:01<00:03, 167.70it/s]
Training (loss=3.0137):  24%|████████▋                           | 209/863 [00:01<00:03, 167.70it/s]
Training (loss=2.7356):  24%|████████▋                           | 209/863 [00:01<00:03, 167.70it/s]
Training (loss=2.9024):  24%|████████▋                           | 209/863 [00:01<00:03, 167.70it/s]
Training (loss=2.8344):  24%|████████▋                           | 209/863 [00:01<00:03, 167.70it/s]
Training (loss=2.8580):  24%|████████▋                           | 209/863 [00:01<00:03, 167.70it/s]
Training (loss=2.9355):  24%|████████▋                           | 209/863 [00:01<00:03, 167.70it/s]
Training (loss=2.7470):  24%|████████▋                           | 209/863 [00:01<00:03, 167.70it/s]
Training (loss=3.0048):  24%|████████▋                           | 209/863 [00:01<00:03, 167.70it/s]
Training (loss=2.8800):  24%|████████▋                           | 209/863 [00:01<00:03, 167.70it/s]
Training (loss=2.8588):  24%|████████▋                           | 209/863 [00:01<00:03, 167.70it/s]
Training (loss=2.7727):  24%|████████▋                           | 209/863 [00:01<00:03, 167.70it/s]
Training (loss=2.8376):  24%|████████▋                           | 209/863 [00:01<00:03, 167.70it/s]
Training (loss=2.8376):  26%|█████████▍                          | 226/863 [00:01<00:03, 165.49it/s]
Training (loss=2.6631):  26%|█████████▍                          | 226/863 [00:01<00:03, 165.49it/s]
Training (loss=3.1294):  26%|█████████▍                          | 226/863 [00:01<00:03, 165.49it/s]
Training (loss=2.8176):  26%|█████████▍                          | 226/863 [00:01<00:03, 165.49it/s]
Training (loss=2.9102):  26%|█████████▍                          | 226/863 [00:01<00:03, 165.49it/s]
Training (loss=2.7021):  26%|█████████▍                          | 226/863 [00:01<00:03, 165.49it/s]
Training (loss=2.5403):  26%|█████████▍                          | 226/863 [00:01<00:03, 165.49it/s]
Training (loss=2.7401):  26%|█████████▍                          | 226/863 [00:01<00:03, 165.49it/s]
Training (loss=2.8032):  26%|█████████▍                          | 226/863 [00:01<00:03, 165.49it/s]
Training (loss=2.7372):  26%|█████████▍                          | 226/863 [00:01<00:03, 165.49it/s]
Training (loss=2.9168):  26%|█████████▍                          | 226/863 [00:01<00:03, 165.49it/s]
Training (loss=2.8361):  26%|█████████▍                          | 226/863 [00:01<00:03, 165.49it/s]
Training (loss=2.8857):  26%|█████████▍                          | 226/863 [00:01<00:03, 165.49it/s]
Training (loss=2.7570):  26%|█████████▍                          | 226/863 [00:01<00:03, 165.49it/s]
Training (loss=3.0008):  26%|█████████▍                          | 226/863 [00:01<00:03, 165.49it/s]
Training (loss=2.6729):  26%|█████████▍                          | 226/863 [00:01<00:03, 165.49it/s]
Training (loss=2.8966):  26%|█████████▍                          | 226/863 [00:01<00:03, 165.49it/s]
Training (loss=2.7336):  26%|█████████▍                          | 226/863 [00:01<00:03, 165.49it/s]
Training (loss=2.7336):  28%|██████████▏                         | 243/863 [00:01<00:03, 166.56it/s]
Training (loss=2.8094):  28%|██████████▏                         | 243/863 [00:01<00:03, 166.56it/s]
Training (loss=2.6808):  28%|██████████▏                         | 243/863 [00:01<00:03, 166.56it/s]
Training (loss=2.8763):  28%|██████████▏                         | 243/863 [00:01<00:03, 166.56it/s]
Training (loss=2.7527):  28%|██████████▏                         | 243/863 [00:01<00:03, 166.56it/s]
Training (loss=3.0043):  28%|██████████▏                         | 243/863 [00:01<00:03, 166.56it/s]
Training (loss=2.9101):  28%|██████████▏                         | 243/863 [00:01<00:03, 166.56it/s]
Training (loss=2.7526):  28%|██████████▏                         | 243/863 [00:01<00:03, 166.56it/s]
Training (loss=2.8177):  28%|██████████▏                         | 243/863 [00:01<00:03, 166.56it/s]
Training (loss=2.7996):  28%|██████████▏                         | 243/863 [00:01<00:03, 166.56it/s]
Training (loss=3.0184):  28%|██████████▏                         | 243/863 [00:01<00:03, 166.56it/s]
Training (loss=2.9721):  28%|██████████▏                         | 243/863 [00:01<00:03, 166.56it/s]
Training (loss=2.8072):  28%|██████████▏                         | 243/863 [00:01<00:03, 166.56it/s]
Training (loss=2.7605):  28%|██████████▏                         | 243/863 [00:01<00:03, 166.56it/s]
Training (loss=2.7952):  28%|██████████▏                         | 243/863 [00:01<00:03, 166.56it/s]
Training (loss=2.8247):  28%|██████████▏                         | 243/863 [00:01<00:03, 166.56it/s]
Training (loss=2.8693):  28%|██████████▏                         | 243/863 [00:01<00:03, 166.56it/s]
Training (loss=2.8012):  28%|██████████▏                         | 243/863 [00:01<00:03, 166.56it/s]
Training (loss=2.9722):  28%|██████████▏                         | 243/863 [00:01<00:03, 166.56it/s]
Training (loss=2.9722):  30%|██████████▉                         | 261/863 [00:01<00:03, 168.70it/s]
Training (loss=3.0962):  30%|██████████▉                         | 261/863 [00:01<00:03, 168.70it/s]
Training (loss=2.6798):  30%|██████████▉                         | 261/863 [00:01<00:03, 168.70it/s]
Training (loss=2.8157):  30%|██████████▉                         | 261/863 [00:01<00:03, 168.70it/s]
Training (loss=2.7073):  30%|██████████▉                         | 261/863 [00:01<00:03, 168.70it/s]
Training (loss=2.8377):  30%|██████████▉                         | 261/863 [00:01<00:03, 168.70it/s]
Training (loss=2.7264):  30%|██████████▉                         | 261/863 [00:02<00:03, 168.70it/s]
Training (loss=2.6876):  30%|██████████▉                         | 261/863 [00:02<00:03, 168.70it/s]
Training (loss=2.8434):  30%|██████████▉                         | 261/863 [00:02<00:03, 168.70it/s]
Training (loss=3.0609):  30%|██████████▉                         | 261/863 [00:02<00:03, 168.70it/s]
Training (loss=2.7345):  30%|██████████▉                         | 261/863 [00:02<00:03, 168.70it/s]
Training (loss=2.7743):  30%|██████████▉                         | 261/863 [00:02<00:03, 168.70it/s]
Training (loss=2.7732):  30%|██████████▉                         | 261/863 [00:02<00:03, 168.70it/s]
Training (loss=2.8252):  30%|██████████▉                         | 261/863 [00:02<00:03, 168.70it/s]
Training (loss=2.7735):  30%|██████████▉                         | 261/863 [00:02<00:03, 168.70it/s]
Training (loss=2.6435):  30%|██████████▉                         | 261/863 [00:02<00:03, 168.70it/s]
Training (loss=2.8697):  30%|██████████▉                         | 261/863 [00:02<00:03, 168.70it/s]
Training (loss=2.6462):  30%|██████████▉                         | 261/863 [00:02<00:03, 168.70it/s]
Training (loss=2.7365):  30%|██████████▉                         | 261/863 [00:02<00:03, 168.70it/s]
Training (loss=2.7365):  32%|███████████▋                        | 279/863 [00:02<00:03, 170.30it/s]
Training (loss=2.6414):  32%|███████████▋                        | 279/863 [00:02<00:03, 170.30it/s]
Training (loss=2.7889):  32%|███████████▋                        | 279/863 [00:02<00:03, 170.30it/s]
Training (loss=2.7645):  32%|███████████▋                        | 279/863 [00:02<00:03, 170.30it/s]
Training (loss=2.9023):  32%|███████████▋                        | 279/863 [00:02<00:03, 170.30it/s]
Training (loss=2.8150):  32%|███████████▋                        | 279/863 [00:02<00:03, 170.30it/s]
Training (loss=2.6698):  32%|███████████▋                        | 279/863 [00:02<00:03, 170.30it/s]
Training (loss=2.9884):  32%|███████████▋                        | 279/863 [00:02<00:03, 170.30it/s]
Training (loss=2.7707):  32%|███████████▋                        | 279/863 [00:02<00:03, 170.30it/s]
Training (loss=2.7666):  32%|███████████▋                        | 279/863 [00:02<00:03, 170.30it/s]
Training (loss=2.9568):  32%|███████████▋                        | 279/863 [00:02<00:03, 170.30it/s]
Training (loss=2.7592):  32%|███████████▋                        | 279/863 [00:02<00:03, 170.30it/s]
Training (loss=2.8592):  32%|███████████▋                        | 279/863 [00:02<00:03, 170.30it/s]
Training (loss=2.6325):  32%|███████████▋                        | 279/863 [00:02<00:03, 170.30it/s]
Training (loss=2.8802):  32%|███████████▋                        | 279/863 [00:02<00:03, 170.30it/s]
Training (loss=2.7589):  32%|███████████▋                        | 279/863 [00:02<00:03, 170.30it/s]
Training (loss=2.8071):  32%|███████████▋                        | 279/863 [00:02<00:03, 170.30it/s]
Training (loss=2.9005):  32%|███████████▋                        | 279/863 [00:02<00:03, 170.30it/s]
Training (loss=2.7534):  32%|███████████▋                        | 279/863 [00:02<00:03, 170.30it/s]
Training (loss=2.7534):  34%|████████████▍                       | 297/863 [00:02<00:03, 171.49it/s]
Training (loss=2.7748):  34%|████████████▍                       | 297/863 [00:02<00:03, 171.49it/s]
Training (loss=2.8327):  34%|████████████▍                       | 297/863 [00:02<00:03, 171.49it/s]
Training (loss=2.5496):  34%|████████████▍                       | 297/863 [00:02<00:03, 171.49it/s]
Training (loss=2.6718):  34%|████████████▍                       | 297/863 [00:02<00:03, 171.49it/s]
Training (loss=2.8069):  34%|████████████▍                       | 297/863 [00:02<00:03, 171.49it/s]
Training (loss=2.7404):  34%|████████████▍                       | 297/863 [00:02<00:03, 171.49it/s]
Training (loss=2.3422):  34%|████████████▍                       | 297/863 [00:02<00:03, 171.49it/s]
Training (loss=2.6384):  34%|████████████▍                       | 297/863 [00:02<00:03, 171.49it/s]
Training (loss=2.8479):  34%|████████████▍                       | 297/863 [00:02<00:03, 171.49it/s]
Training (loss=2.9426):  34%|████████████▍                       | 297/863 [00:02<00:03, 171.49it/s]
Training (loss=2.8224):  34%|████████████▍                       | 297/863 [00:02<00:03, 171.49it/s]
Training (loss=2.9899):  34%|████████████▍                       | 297/863 [00:02<00:03, 171.49it/s]
Training (loss=2.9768):  34%|████████████▍                       | 297/863 [00:02<00:03, 171.49it/s]
Training (loss=2.8072):  34%|████████████▍                       | 297/863 [00:02<00:03, 171.49it/s]
Training (loss=2.9071):  34%|████████████▍                       | 297/863 [00:02<00:03, 171.49it/s]
Training (loss=2.7270):  34%|████████████▍                       | 297/863 [00:02<00:03, 171.49it/s]
Training (loss=2.7253):  34%|████████████▍                       | 297/863 [00:02<00:03, 171.49it/s]
Training (loss=2.6849):  34%|████████████▍                       | 297/863 [00:02<00:03, 171.49it/s]
Training (loss=2.6849):  37%|█████████████▏                      | 315/863 [00:02<00:03, 173.20it/s]
Training (loss=2.7288):  37%|█████████████▏                      | 315/863 [00:02<00:03, 173.20it/s]
Training (loss=2.6196):  37%|█████████████▏                      | 315/863 [00:02<00:03, 173.20it/s]
Training (loss=2.6095):  37%|█████████████▏                      | 315/863 [00:02<00:03, 173.20it/s]
Training (loss=2.7762):  37%|█████████████▏                      | 315/863 [00:02<00:03, 173.20it/s]
Training (loss=2.7482):  37%|█████████████▏                      | 315/863 [00:02<00:03, 173.20it/s]
Training (loss=2.7762):  37%|█████████████▏                      | 315/863 [00:02<00:03, 173.20it/s]
Training (loss=2.8473):  37%|█████████████▏                      | 315/863 [00:02<00:03, 173.20it/s]
Training (loss=2.7081):  37%|█████████████▏                      | 315/863 [00:02<00:03, 173.20it/s]
Training (loss=2.7381):  37%|█████████████▏                      | 315/863 [00:02<00:03, 173.20it/s]
Training (loss=2.8063):  37%|█████████████▏                      | 315/863 [00:02<00:03, 173.20it/s]
Training (loss=2.8423):  37%|█████████████▏                      | 315/863 [00:02<00:03, 173.20it/s]
Training (loss=2.6136):  37%|█████████████▏                      | 315/863 [00:02<00:03, 173.20it/s]
Training (loss=2.6306):  37%|█████████████▏                      | 315/863 [00:02<00:03, 173.20it/s]
Training (loss=2.8210):  37%|█████████████▏                      | 315/863 [00:02<00:03, 173.20it/s]
Training (loss=2.9610):  37%|█████████████▏                      | 315/863 [00:02<00:03, 173.20it/s]
Training (loss=2.5341):  37%|█████████████▏                      | 315/863 [00:02<00:03, 173.20it/s]
Training (loss=2.9344):  37%|█████████████▏                      | 315/863 [00:02<00:03, 173.20it/s]
Training (loss=2.9003):  37%|█████████████▏                      | 315/863 [00:02<00:03, 173.20it/s]
Training (loss=2.9003):  39%|█████████████▉                      | 333/863 [00:02<00:03, 173.10it/s]
Training (loss=2.6588):  39%|█████████████▉                      | 333/863 [00:02<00:03, 173.10it/s]
Training (loss=2.7899):  39%|█████████████▉                      | 333/863 [00:02<00:03, 173.10it/s]
Training (loss=2.7692):  39%|█████████████▉                      | 333/863 [00:02<00:03, 173.10it/s]
Training (loss=2.6301):  39%|█████████████▉                      | 333/863 [00:02<00:03, 173.10it/s]
Training (loss=2.8853):  39%|█████████████▉                      | 333/863 [00:02<00:03, 173.10it/s]
Training (loss=2.7422):  39%|█████████████▉                      | 333/863 [00:02<00:03, 173.10it/s]
Training (loss=2.7763):  39%|█████████████▉                      | 333/863 [00:02<00:03, 173.10it/s]
Training (loss=2.7553):  39%|█████████████▉                      | 333/863 [00:02<00:03, 173.10it/s]
Training (loss=3.0048):  39%|█████████████▉                      | 333/863 [00:02<00:03, 173.10it/s]
Training (loss=2.9699):  39%|█████████████▉                      | 333/863 [00:02<00:03, 173.10it/s]
Training (loss=2.7935):  39%|█████████████▉                      | 333/863 [00:02<00:03, 173.10it/s]
Training (loss=2.7830):  39%|█████████████▉                      | 333/863 [00:02<00:03, 173.10it/s]
Training (loss=2.7732):  39%|█████████████▉                      | 333/863 [00:02<00:03, 173.10it/s]
Training (loss=2.9084):  39%|█████████████▉                      | 333/863 [00:02<00:03, 173.10it/s]
Training (loss=2.7722):  39%|█████████████▉                      | 333/863 [00:02<00:03, 173.10it/s]
Training (loss=2.8005):  39%|█████████████▉                      | 333/863 [00:02<00:03, 173.10it/s]
Training (loss=2.8801):  39%|█████████████▉                      | 333/863 [00:02<00:03, 173.10it/s]
Training (loss=2.4373):  39%|█████████████▉                      | 333/863 [00:02<00:03, 173.10it/s]
Training (loss=2.9024):  39%|█████████████▉                      | 333/863 [00:02<00:03, 173.10it/s]
Training (loss=2.9024):  41%|██████████████▋                     | 352/863 [00:02<00:02, 176.42it/s]
Training (loss=2.7367):  41%|██████████████▋                     | 352/863 [00:02<00:02, 176.42it/s]
Training (loss=2.8982):  41%|██████████████▋                     | 352/863 [00:02<00:02, 176.42it/s]
Training (loss=2.8052):  41%|██████████████▋                     | 352/863 [00:02<00:02, 176.42it/s]
Training (loss=2.8490):  41%|██████████████▋                     | 352/863 [00:02<00:02, 176.42it/s]
Training (loss=2.9764):  41%|██████████████▋                     | 352/863 [00:02<00:02, 176.42it/s]
Training (loss=2.7577):  41%|██████████████▋                     | 352/863 [00:02<00:02, 176.42it/s]
Training (loss=2.8698):  41%|██████████████▋                     | 352/863 [00:02<00:02, 176.42it/s]
Training (loss=2.6800):  41%|██████████████▋                     | 352/863 [00:02<00:02, 176.42it/s]
Training (loss=2.7415):  41%|██████████████▋                     | 352/863 [00:02<00:02, 176.42it/s]
Training (loss=2.8048):  41%|██████████████▋                     | 352/863 [00:02<00:02, 176.42it/s]
Training (loss=2.6061):  41%|██████████████▋                     | 352/863 [00:02<00:02, 176.42it/s]
Training (loss=2.5525):  41%|██████████████▋                     | 352/863 [00:02<00:02, 176.42it/s]
Training (loss=2.7488):  41%|██████████████▋                     | 352/863 [00:02<00:02, 176.42it/s]
Training (loss=2.8130):  41%|██████████████▋                     | 352/863 [00:02<00:02, 176.42it/s]
Training (loss=2.7057):  41%|██████████████▋                     | 352/863 [00:02<00:02, 176.42it/s]
Training (loss=2.8157):  41%|██████████████▋                     | 352/863 [00:02<00:02, 176.42it/s]
Training (loss=3.0038):  41%|██████████████▋                     | 352/863 [00:02<00:02, 176.42it/s]
Training (loss=2.8674):  41%|██████████████▋                     | 352/863 [00:02<00:02, 176.42it/s]
Training (loss=2.7734):  41%|██████████████▋                     | 352/863 [00:02<00:02, 176.42it/s]
Training (loss=2.7734):  43%|███████████████▍                    | 371/863 [00:02<00:02, 178.25it/s]
Training (loss=2.6494):  43%|███████████████▍                    | 371/863 [00:02<00:02, 178.25it/s]
Training (loss=2.7112):  43%|███████████████▍                    | 371/863 [00:02<00:02, 178.25it/s]
Training (loss=2.9627):  43%|███████████████▍                    | 371/863 [00:02<00:02, 178.25it/s]
Training (loss=2.8371):  43%|███████████████▍                    | 371/863 [00:02<00:02, 178.25it/s]
Training (loss=2.7778):  43%|███████████████▍                    | 371/863 [00:02<00:02, 178.25it/s]
Training (loss=2.6808):  43%|███████████████▍                    | 371/863 [00:02<00:02, 178.25it/s]
Training (loss=2.6887):  43%|███████████████▍                    | 371/863 [00:02<00:02, 178.25it/s]
Training (loss=2.7541):  43%|███████████████▍                    | 371/863 [00:02<00:02, 178.25it/s]
Training (loss=2.7024):  43%|███████████████▍                    | 371/863 [00:02<00:02, 178.25it/s]
Training (loss=2.6395):  43%|███████████████▍                    | 371/863 [00:02<00:02, 178.25it/s]
Training (loss=2.9452):  43%|███████████████▍                    | 371/863 [00:02<00:02, 178.25it/s]
Training (loss=2.6537):  43%|███████████████▍                    | 371/863 [00:02<00:02, 178.25it/s]
Training (loss=2.6101):  43%|███████████████▍                    | 371/863 [00:02<00:02, 178.25it/s]
Training (loss=2.9019):  43%|███████████████▍                    | 371/863 [00:02<00:02, 178.25it/s]
Training (loss=2.5893):  43%|███████████████▍                    | 371/863 [00:02<00:02, 178.25it/s]
Training (loss=2.7581):  43%|███████████████▍                    | 371/863 [00:02<00:02, 178.25it/s]
Training (loss=2.7017):  43%|███████████████▍                    | 371/863 [00:02<00:02, 178.25it/s]
Training (loss=2.8941):  43%|███████████████▍                    | 371/863 [00:02<00:02, 178.25it/s]
Training (loss=2.8941):  45%|████████████████▏                   | 389/863 [00:02<00:02, 171.95it/s]
Training (loss=2.8741):  45%|████████████████▏                   | 389/863 [00:02<00:02, 171.95it/s]
Training (loss=2.7966):  45%|████████████████▏                   | 389/863 [00:02<00:02, 171.95it/s]
Training (loss=2.8427):  45%|████████████████▏                   | 389/863 [00:02<00:02, 171.95it/s]
Training (loss=2.6943):  45%|████████████████▏                   | 389/863 [00:02<00:02, 171.95it/s]
Training (loss=2.8324):  45%|████████████████▏                   | 389/863 [00:02<00:02, 171.95it/s]
Training (loss=2.7724):  45%|████████████████▏                   | 389/863 [00:02<00:02, 171.95it/s]
Training (loss=2.6679):  45%|████████████████▏                   | 389/863 [00:02<00:02, 171.95it/s]
Training (loss=2.6339):  45%|████████████████▏                   | 389/863 [00:02<00:02, 171.95it/s]
Training (loss=2.5707):  45%|████████████████▏                   | 389/863 [00:02<00:02, 171.95it/s]
Training (loss=2.7030):  45%|████████████████▏                   | 389/863 [00:02<00:02, 171.95it/s]
Training (loss=2.6739):  45%|████████████████▏                   | 389/863 [00:02<00:02, 171.95it/s]
Training (loss=2.9273):  45%|████████████████▏                   | 389/863 [00:02<00:02, 171.95it/s]
Training (loss=2.5044):  45%|████████████████▏                   | 389/863 [00:02<00:02, 171.95it/s]
Training (loss=2.7191):  45%|████████████████▏                   | 389/863 [00:02<00:02, 171.95it/s]
Training (loss=2.7905):  45%|████████████████▏                   | 389/863 [00:02<00:02, 171.95it/s]
Training (loss=2.8835):  45%|████████████████▏                   | 389/863 [00:02<00:02, 171.95it/s]
Training (loss=2.5716):  45%|████████████████▏                   | 389/863 [00:02<00:02, 171.95it/s]
Training (loss=2.5456):  45%|████████████████▏                   | 389/863 [00:02<00:02, 171.95it/s]
Training (loss=2.5456):  47%|████████████████▉                   | 407/863 [00:02<00:02, 174.24it/s]
Training (loss=2.6301):  47%|████████████████▉                   | 407/863 [00:02<00:02, 174.24it/s]
Training (loss=2.7164):  47%|████████████████▉                   | 407/863 [00:02<00:02, 174.24it/s]
Training (loss=2.8308):  47%|████████████████▉                   | 407/863 [00:02<00:02, 174.24it/s]
Training (loss=2.7077):  47%|████████████████▉                   | 407/863 [00:02<00:02, 174.24it/s]
Training (loss=2.7075):  47%|████████████████▉                   | 407/863 [00:02<00:02, 174.24it/s]
Training (loss=2.7006):  47%|████████████████▉                   | 407/863 [00:02<00:02, 174.24it/s]
Training (loss=2.7738):  47%|████████████████▉                   | 407/863 [00:02<00:02, 174.24it/s]
Training (loss=2.5449):  47%|████████████████▉                   | 407/863 [00:02<00:02, 174.24it/s]
Training (loss=2.8879):  47%|████████████████▉                   | 407/863 [00:02<00:02, 174.24it/s]
Training (loss=2.7484):  47%|████████████████▉                   | 407/863 [00:02<00:02, 174.24it/s]
Training (loss=2.8478):  47%|████████████████▉                   | 407/863 [00:02<00:02, 174.24it/s]
Training (loss=2.5565):  47%|████████████████▉                   | 407/863 [00:02<00:02, 174.24it/s]
Training (loss=2.7412):  47%|████████████████▉                   | 407/863 [00:02<00:02, 174.24it/s]
Training (loss=2.6708):  47%|████████████████▉                   | 407/863 [00:02<00:02, 174.24it/s]
Training (loss=2.7696):  47%|████████████████▉                   | 407/863 [00:02<00:02, 174.24it/s]
Training (loss=2.6866):  47%|████████████████▉                   | 407/863 [00:02<00:02, 174.24it/s]
Training (loss=2.6375):  47%|████████████████▉                   | 407/863 [00:02<00:02, 174.24it/s]
Training (loss=2.9449):  47%|████████████████▉                   | 407/863 [00:02<00:02, 174.24it/s]
Training (loss=2.9449):  49%|█████████████████▋                  | 425/863 [00:02<00:02, 174.78it/s]
Training (loss=2.5775):  49%|█████████████████▋                  | 425/863 [00:02<00:02, 174.78it/s]
Training (loss=2.9563):  49%|█████████████████▋                  | 425/863 [00:02<00:02, 174.78it/s]
Training (loss=2.7681):  49%|█████████████████▋                  | 425/863 [00:02<00:02, 174.78it/s]
Training (loss=2.9533):  49%|█████████████████▋                  | 425/863 [00:02<00:02, 174.78it/s]
Training (loss=2.8852):  49%|█████████████████▋                  | 425/863 [00:02<00:02, 174.78it/s]
Training (loss=2.7216):  49%|█████████████████▋                  | 425/863 [00:02<00:02, 174.78it/s]
Training (loss=2.6685):  49%|█████████████████▋                  | 425/863 [00:02<00:02, 174.78it/s]
Training (loss=2.7632):  49%|█████████████████▋                  | 425/863 [00:02<00:02, 174.78it/s]
Training (loss=2.6688):  49%|█████████████████▋                  | 425/863 [00:02<00:02, 174.78it/s]
Training (loss=2.7563):  49%|█████████████████▋                  | 425/863 [00:02<00:02, 174.78it/s]
Training (loss=2.6362):  49%|█████████████████▋                  | 425/863 [00:02<00:02, 174.78it/s]
Training (loss=2.7784):  49%|█████████████████▋                  | 425/863 [00:02<00:02, 174.78it/s]
Training (loss=2.9157):  49%|█████████████████▋                  | 425/863 [00:02<00:02, 174.78it/s]
Training (loss=2.7861):  49%|█████████████████▋                  | 425/863 [00:02<00:02, 174.78it/s]
Training (loss=2.4573):  49%|█████████████████▋                  | 425/863 [00:02<00:02, 174.78it/s]
Training (loss=2.8028):  49%|█████████████████▋                  | 425/863 [00:02<00:02, 174.78it/s]
Training (loss=2.6499):  49%|█████████████████▋                  | 425/863 [00:02<00:02, 174.78it/s]
Training (loss=2.8533):  49%|█████████████████▋                  | 425/863 [00:03<00:02, 174.78it/s]
Training (loss=2.8203):  49%|█████████████████▋                  | 425/863 [00:03<00:02, 174.78it/s]
Training (loss=2.8203):  51%|██████████████████▌                 | 444/863 [00:03<00:02, 176.72it/s]
Training (loss=3.0199):  51%|██████████████████▌                 | 444/863 [00:03<00:02, 176.72it/s]
Training (loss=2.6470):  51%|██████████████████▌                 | 444/863 [00:03<00:02, 176.72it/s]
Training (loss=2.6597):  51%|██████████████████▌                 | 444/863 [00:03<00:02, 176.72it/s]
Training (loss=2.6614):  51%|██████████████████▌                 | 444/863 [00:03<00:02, 176.72it/s]
Training (loss=2.7160):  51%|██████████████████▌                 | 444/863 [00:03<00:02, 176.72it/s]
Training (loss=2.6297):  51%|██████████████████▌                 | 444/863 [00:03<00:02, 176.72it/s]
Training (loss=2.7424):  51%|██████████████████▌                 | 444/863 [00:03<00:02, 176.72it/s]
Training (loss=2.8213):  51%|██████████████████▌                 | 444/863 [00:03<00:02, 176.72it/s]
Training (loss=2.6465):  51%|██████████████████▌                 | 444/863 [00:03<00:02, 176.72it/s]
Training (loss=2.8041):  51%|██████████████████▌                 | 444/863 [00:03<00:02, 176.72it/s]
Training (loss=2.7187):  51%|██████████████████▌                 | 444/863 [00:03<00:02, 176.72it/s]
Training (loss=2.6811):  51%|██████████████████▌                 | 444/863 [00:03<00:02, 176.72it/s]
Training (loss=2.9073):  51%|██████████████████▌                 | 444/863 [00:03<00:02, 176.72it/s]
Training (loss=2.8177):  51%|██████████████████▌                 | 444/863 [00:03<00:02, 176.72it/s]
Training (loss=2.6192):  51%|██████████████████▌                 | 444/863 [00:03<00:02, 176.72it/s]
Training (loss=2.8212):  51%|██████████████████▌                 | 444/863 [00:03<00:02, 176.72it/s]
Training (loss=2.7906):  51%|██████████████████▌                 | 444/863 [00:03<00:02, 176.72it/s]
Training (loss=2.8336):  51%|██████████████████▌                 | 444/863 [00:03<00:02, 176.72it/s]
Training (loss=2.8336):  54%|███████████████████▎                | 462/863 [00:03<00:02, 165.97it/s]
Training (loss=2.7473):  54%|███████████████████▎                | 462/863 [00:03<00:02, 165.97it/s]
Training (loss=2.8732):  54%|███████████████████▎                | 462/863 [00:03<00:02, 165.97it/s]
Training (loss=2.7218):  54%|███████████████████▎                | 462/863 [00:03<00:02, 165.97it/s]
Training (loss=2.6318):  54%|███████████████████▎                | 462/863 [00:03<00:02, 165.97it/s]
Training (loss=2.7817):  54%|███████████████████▎                | 462/863 [00:03<00:02, 165.97it/s]
Training (loss=2.7202):  54%|███████████████████▎                | 462/863 [00:03<00:02, 165.97it/s]
Training (loss=2.6160):  54%|███████████████████▎                | 462/863 [00:03<00:02, 165.97it/s]
Training (loss=2.6267):  54%|███████████████████▎                | 462/863 [00:03<00:02, 165.97it/s]
Training (loss=2.8681):  54%|███████████████████▎                | 462/863 [00:03<00:02, 165.97it/s]
Training (loss=2.5890):  54%|███████████████████▎                | 462/863 [00:03<00:02, 165.97it/s]
Training (loss=2.5073):  54%|███████████████████▎                | 462/863 [00:03<00:02, 165.97it/s]
Training (loss=2.6083):  54%|███████████████████▎                | 462/863 [00:03<00:02, 165.97it/s]
Training (loss=2.7813):  54%|███████████████████▎                | 462/863 [00:03<00:02, 165.97it/s]
Training (loss=2.7677):  54%|███████████████████▎                | 462/863 [00:03<00:02, 165.97it/s]
Training (loss=2.6412):  54%|███████████████████▎                | 462/863 [00:03<00:02, 165.97it/s]
Training (loss=2.8035):  54%|███████████████████▎                | 462/863 [00:03<00:02, 165.97it/s]
Training (loss=2.6521):  54%|███████████████████▎                | 462/863 [00:03<00:02, 165.97it/s]
Training (loss=2.6521):  56%|███████████████████▉                | 479/863 [00:03<00:02, 165.16it/s]
Training (loss=2.8533):  56%|███████████████████▉                | 479/863 [00:03<00:02, 165.16it/s]
Training (loss=2.7604):  56%|███████████████████▉                | 479/863 [00:03<00:02, 165.16it/s]
Training (loss=2.5395):  56%|███████████████████▉                | 479/863 [00:03<00:02, 165.16it/s]
Training (loss=2.9812):  56%|███████████████████▉                | 479/863 [00:03<00:02, 165.16it/s]
Training (loss=2.7157):  56%|███████████████████▉                | 479/863 [00:03<00:02, 165.16it/s]
Training (loss=2.6449):  56%|███████████████████▉                | 479/863 [00:03<00:02, 165.16it/s]
Training (loss=2.5355):  56%|███████████████████▉                | 479/863 [00:03<00:02, 165.16it/s]
Training (loss=2.6599):  56%|███████████████████▉                | 479/863 [00:03<00:02, 165.16it/s]
Training (loss=2.6617):  56%|███████████████████▉                | 479/863 [00:03<00:02, 165.16it/s]
Training (loss=2.5615):  56%|███████████████████▉                | 479/863 [00:03<00:02, 165.16it/s]
Training (loss=2.7230):  56%|███████████████████▉                | 479/863 [00:03<00:02, 165.16it/s]
Training (loss=2.7834):  56%|███████████████████▉                | 479/863 [00:03<00:02, 165.16it/s]
Training (loss=2.6358):  56%|███████████████████▉                | 479/863 [00:03<00:02, 165.16it/s]
Training (loss=2.6994):  56%|███████████████████▉                | 479/863 [00:03<00:02, 165.16it/s]
Training (loss=2.7113):  56%|███████████████████▉                | 479/863 [00:03<00:02, 165.16it/s]
Training (loss=2.7234):  56%|███████████████████▉                | 479/863 [00:03<00:02, 165.16it/s]
Training (loss=2.7806):  56%|███████████████████▉                | 479/863 [00:03<00:02, 165.16it/s]
Training (loss=2.6400):  56%|███████████████████▉                | 479/863 [00:03<00:02, 165.16it/s]
Training (loss=2.6400):  58%|████████████████████▋               | 497/863 [00:03<00:02, 166.66it/s]
Training (loss=2.7365):  58%|████████████████████▋               | 497/863 [00:03<00:02, 166.66it/s]
Training (loss=2.8343):  58%|████████████████████▋               | 497/863 [00:03<00:02, 166.66it/s]
Training (loss=2.9065):  58%|████████████████████▋               | 497/863 [00:03<00:02, 166.66it/s]
Training (loss=2.7037):  58%|████████████████████▋               | 497/863 [00:03<00:02, 166.66it/s]
Training (loss=2.9466):  58%|████████████████████▋               | 497/863 [00:03<00:02, 166.66it/s]
Training (loss=2.5443):  58%|████████████████████▋               | 497/863 [00:03<00:02, 166.66it/s]
Training (loss=2.7398):  58%|████████████████████▋               | 497/863 [00:03<00:02, 166.66it/s]
Training (loss=2.7740):  58%|████████████████████▋               | 497/863 [00:03<00:02, 166.66it/s]
Training (loss=2.5364):  58%|████████████████████▋               | 497/863 [00:03<00:02, 166.66it/s]
Training (loss=2.5982):  58%|████████████████████▋               | 497/863 [00:03<00:02, 166.66it/s]
Training (loss=2.7311):  58%|████████████████████▋               | 497/863 [00:03<00:02, 166.66it/s]
Training (loss=2.6249):  58%|████████████████████▋               | 497/863 [00:03<00:02, 166.66it/s]
Training (loss=2.7664):  58%|████████████████████▋               | 497/863 [00:03<00:02, 166.66it/s]
Training (loss=2.7915):  58%|████████████████████▋               | 497/863 [00:03<00:02, 166.66it/s]
Training (loss=2.7934):  58%|████████████████████▋               | 497/863 [00:03<00:02, 166.66it/s]
Training (loss=2.8937):  58%|████████████████████▋               | 497/863 [00:03<00:02, 166.66it/s]
Training (loss=2.6249):  58%|████████████████████▋               | 497/863 [00:03<00:02, 166.66it/s]
Training (loss=2.7301):  58%|████████████████████▋               | 497/863 [00:03<00:02, 166.66it/s]
Training (loss=2.7301):  60%|█████████████████████▍              | 515/863 [00:03<00:02, 169.09it/s]
Training (loss=2.8827):  60%|█████████████████████▍              | 515/863 [00:03<00:02, 169.09it/s]
Training (loss=2.7650):  60%|█████████████████████▍              | 515/863 [00:03<00:02, 169.09it/s]
Training (loss=2.7381):  60%|█████████████████████▍              | 515/863 [00:03<00:02, 169.09it/s]
Training (loss=2.7046):  60%|█████████████████████▍              | 515/863 [00:03<00:02, 169.09it/s]
Training (loss=2.5563):  60%|█████████████████████▍              | 515/863 [00:03<00:02, 169.09it/s]
Training (loss=2.4847):  60%|█████████████████████▍              | 515/863 [00:03<00:02, 169.09it/s]
Training (loss=2.7736):  60%|█████████████████████▍              | 515/863 [00:03<00:02, 169.09it/s]
Training (loss=2.7121):  60%|█████████████████████▍              | 515/863 [00:03<00:02, 169.09it/s]
Training (loss=2.8816):  60%|█████████████████████▍              | 515/863 [00:03<00:02, 169.09it/s]
Training (loss=2.5984):  60%|█████████████████████▍              | 515/863 [00:03<00:02, 169.09it/s]
Training (loss=2.8012):  60%|█████████████████████▍              | 515/863 [00:03<00:02, 169.09it/s]
Training (loss=2.7598):  60%|█████████████████████▍              | 515/863 [00:03<00:02, 169.09it/s]
Training (loss=2.8224):  60%|█████████████████████▍              | 515/863 [00:03<00:02, 169.09it/s]
Training (loss=2.7524):  60%|█████████████████████▍              | 515/863 [00:03<00:02, 169.09it/s]
Training (loss=2.8477):  60%|█████████████████████▍              | 515/863 [00:03<00:02, 169.09it/s]
Training (loss=2.7886):  60%|█████████████████████▍              | 515/863 [00:03<00:02, 169.09it/s]
Training (loss=2.7058):  60%|█████████████████████▍              | 515/863 [00:03<00:02, 169.09it/s]
Training (loss=2.4755):  60%|█████████████████████▍              | 515/863 [00:03<00:02, 169.09it/s]
Training (loss=2.7883):  60%|█████████████████████▍              | 515/863 [00:03<00:02, 169.09it/s]
Training (loss=2.7883):  62%|██████████████████████▎             | 534/863 [00:03<00:01, 172.46it/s]
Training (loss=2.8035):  62%|██████████████████████▎             | 534/863 [00:03<00:01, 172.46it/s]
Training (loss=2.5584):  62%|██████████████████████▎             | 534/863 [00:03<00:01, 172.46it/s]
Training (loss=2.6025):  62%|██████████████████████▎             | 534/863 [00:03<00:01, 172.46it/s]
Training (loss=2.6115):  62%|██████████████████████▎             | 534/863 [00:03<00:01, 172.46it/s]
Training (loss=2.7055):  62%|██████████████████████▎             | 534/863 [00:03<00:01, 172.46it/s]
Training (loss=2.7375):  62%|██████████████████████▎             | 534/863 [00:03<00:01, 172.46it/s]
Training (loss=2.5775):  62%|██████████████████████▎             | 534/863 [00:03<00:01, 172.46it/s]
Training (loss=2.5969):  62%|██████████████████████▎             | 534/863 [00:03<00:01, 172.46it/s]
Training (loss=2.8535):  62%|██████████████████████▎             | 534/863 [00:03<00:01, 172.46it/s]
Training (loss=2.7040):  62%|██████████████████████▎             | 534/863 [00:03<00:01, 172.46it/s]
Training (loss=2.7693):  62%|██████████████████████▎             | 534/863 [00:03<00:01, 172.46it/s]
Training (loss=2.8192):  62%|██████████████████████▎             | 534/863 [00:03<00:01, 172.46it/s]
Training (loss=3.0440):  62%|██████████████████████▎             | 534/863 [00:03<00:01, 172.46it/s]
Training (loss=2.6975):  62%|██████████████████████▎             | 534/863 [00:03<00:01, 172.46it/s]
Training (loss=2.5909):  62%|██████████████████████▎             | 534/863 [00:03<00:01, 172.46it/s]
Training (loss=2.6620):  62%|██████████████████████▎             | 534/863 [00:03<00:01, 172.46it/s]
Training (loss=2.7634):  62%|██████████████████████▎             | 534/863 [00:03<00:01, 172.46it/s]
Training (loss=2.7355):  62%|██████████████████████▎             | 534/863 [00:03<00:01, 172.46it/s]
Training (loss=2.7355):  64%|███████████████████████             | 552/863 [00:03<00:01, 174.15it/s]
Training (loss=2.5854):  64%|███████████████████████             | 552/863 [00:03<00:01, 174.15it/s]
Training (loss=2.7344):  64%|███████████████████████             | 552/863 [00:03<00:01, 174.15it/s]
Training (loss=2.8270):  64%|███████████████████████             | 552/863 [00:03<00:01, 174.15it/s]
Training (loss=2.5674):  64%|███████████████████████             | 552/863 [00:03<00:01, 174.15it/s]
Training (loss=2.6558):  64%|███████████████████████             | 552/863 [00:03<00:01, 174.15it/s]
Training (loss=2.8452):  64%|███████████████████████             | 552/863 [00:03<00:01, 174.15it/s]
Training (loss=2.5882):  64%|███████████████████████             | 552/863 [00:03<00:01, 174.15it/s]
Training (loss=2.6927):  64%|███████████████████████             | 552/863 [00:03<00:01, 174.15it/s]
Training (loss=2.7676):  64%|███████████████████████             | 552/863 [00:03<00:01, 174.15it/s]
Training (loss=2.6172):  64%|███████████████████████             | 552/863 [00:03<00:01, 174.15it/s]
Training (loss=2.3886):  64%|███████████████████████             | 552/863 [00:03<00:01, 174.15it/s]
Training (loss=2.6945):  64%|███████████████████████             | 552/863 [00:03<00:01, 174.15it/s]
Training (loss=2.7678):  64%|███████████████████████             | 552/863 [00:03<00:01, 174.15it/s]
Training (loss=2.9933):  64%|███████████████████████             | 552/863 [00:03<00:01, 174.15it/s]
Training (loss=2.7373):  64%|███████████████████████             | 552/863 [00:03<00:01, 174.15it/s]
Training (loss=2.7626):  64%|███████████████████████             | 552/863 [00:03<00:01, 174.15it/s]
Training (loss=2.7395):  64%|███████████████████████             | 552/863 [00:03<00:01, 174.15it/s]
Training (loss=2.5703):  64%|███████████████████████             | 552/863 [00:03<00:01, 174.15it/s]
Training (loss=2.5703):  66%|███████████████████████▊            | 570/863 [00:03<00:01, 174.67it/s]
Training (loss=2.7141):  66%|███████████████████████▊            | 570/863 [00:03<00:01, 174.67it/s]
Training (loss=2.8329):  66%|███████████████████████▊            | 570/863 [00:03<00:01, 174.67it/s]
Training (loss=2.6132):  66%|███████████████████████▊            | 570/863 [00:03<00:01, 174.67it/s]
Training (loss=2.5308):  66%|███████████████████████▊            | 570/863 [00:03<00:01, 174.67it/s]
Training (loss=2.7701):  66%|███████████████████████▊            | 570/863 [00:03<00:01, 174.67it/s]
Training (loss=2.7104):  66%|███████████████████████▊            | 570/863 [00:03<00:01, 174.67it/s]
Training (loss=2.6497):  66%|███████████████████████▊            | 570/863 [00:03<00:01, 174.67it/s]
Training (loss=2.7900):  66%|███████████████████████▊            | 570/863 [00:03<00:01, 174.67it/s]
Training (loss=2.7031):  66%|███████████████████████▊            | 570/863 [00:03<00:01, 174.67it/s]
Training (loss=2.5448):  66%|███████████████████████▊            | 570/863 [00:03<00:01, 174.67it/s]
Training (loss=2.9222):  66%|███████████████████████▊            | 570/863 [00:03<00:01, 174.67it/s]
Training (loss=2.8422):  66%|███████████████████████▊            | 570/863 [00:03<00:01, 174.67it/s]
Training (loss=2.8655):  66%|███████████████████████▊            | 570/863 [00:03<00:01, 174.67it/s]
Training (loss=2.5860):  66%|███████████████████████▊            | 570/863 [00:03<00:01, 174.67it/s]
Training (loss=2.7768):  66%|███████████████████████▊            | 570/863 [00:03<00:01, 174.67it/s]
Training (loss=2.7048):  66%|███████████████████████▊            | 570/863 [00:03<00:01, 174.67it/s]
Training (loss=2.7666):  66%|███████████████████████▊            | 570/863 [00:03<00:01, 174.67it/s]
Training (loss=2.6859):  66%|███████████████████████▊            | 570/863 [00:03<00:01, 174.67it/s]
Training (loss=2.6859):  68%|████████████████████████▌           | 588/863 [00:03<00:01, 176.23it/s]
Training (loss=2.8359):  68%|████████████████████████▌           | 588/863 [00:03<00:01, 176.23it/s]
Training (loss=2.6145):  68%|████████████████████████▌           | 588/863 [00:03<00:01, 176.23it/s]
Training (loss=2.7713):  68%|████████████████████████▌           | 588/863 [00:03<00:01, 176.23it/s]
Training (loss=2.6302):  68%|████████████████████████▌           | 588/863 [00:03<00:01, 176.23it/s]
Training (loss=2.6862):  68%|████████████████████████▌           | 588/863 [00:03<00:01, 176.23it/s]
Training (loss=2.6531):  68%|████████████████████████▌           | 588/863 [00:03<00:01, 176.23it/s]
Training (loss=2.6247):  68%|████████████████████████▌           | 588/863 [00:03<00:01, 176.23it/s]
Training (loss=2.6468):  68%|████████████████████████▌           | 588/863 [00:03<00:01, 176.23it/s]
Training (loss=2.7842):  68%|████████████████████████▌           | 588/863 [00:03<00:01, 176.23it/s]
Training (loss=2.6767):  68%|████████████████████████▌           | 588/863 [00:03<00:01, 176.23it/s]
Training (loss=2.6396):  68%|████████████████████████▌           | 588/863 [00:03<00:01, 176.23it/s]
Training (loss=2.4652):  68%|████████████████████████▌           | 588/863 [00:03<00:01, 176.23it/s]
Training (loss=2.5553):  68%|████████████████████████▌           | 588/863 [00:03<00:01, 176.23it/s]
Training (loss=2.6435):  68%|████████████████████████▌           | 588/863 [00:03<00:01, 176.23it/s]
Training (loss=2.8477):  68%|████████████████████████▌           | 588/863 [00:03<00:01, 176.23it/s]
Training (loss=2.7196):  68%|████████████████████████▌           | 588/863 [00:03<00:01, 176.23it/s]
Training (loss=2.6834):  68%|████████████████████████▌           | 588/863 [00:03<00:01, 176.23it/s]
Training (loss=2.7526):  68%|████████████████████████▌           | 588/863 [00:03<00:01, 176.23it/s]
Training (loss=2.9872):  68%|████████████████████████▌           | 588/863 [00:03<00:01, 176.23it/s]
Training (loss=2.9872):  70%|█████████████████████████▎          | 607/863 [00:03<00:01, 177.95it/s]
Training (loss=2.7577):  70%|█████████████████████████▎          | 607/863 [00:03<00:01, 177.95it/s]
Training (loss=2.7346):  70%|█████████████████████████▎          | 607/863 [00:03<00:01, 177.95it/s]
Training (loss=2.7144):  70%|█████████████████████████▎          | 607/863 [00:03<00:01, 177.95it/s]
Training (loss=2.8708):  70%|█████████████████████████▎          | 607/863 [00:03<00:01, 177.95it/s]
Training (loss=2.6207):  70%|█████████████████████████▎          | 607/863 [00:03<00:01, 177.95it/s]
Training (loss=2.8138):  70%|█████████████████████████▎          | 607/863 [00:03<00:01, 177.95it/s]
Training (loss=2.6675):  70%|█████████████████████████▎          | 607/863 [00:03<00:01, 177.95it/s]
Training (loss=2.5150):  70%|█████████████████████████▎          | 607/863 [00:04<00:01, 177.95it/s]
Training (loss=2.7347):  70%|█████████████████████████▎          | 607/863 [00:04<00:01, 177.95it/s]
Training (loss=2.5597):  70%|█████████████████████████▎          | 607/863 [00:04<00:01, 177.95it/s]
Training (loss=2.7072):  70%|█████████████████████████▎          | 607/863 [00:04<00:01, 177.95it/s]
Training (loss=2.6269):  70%|█████████████████████████▎          | 607/863 [00:04<00:01, 177.95it/s]
Training (loss=2.6551):  70%|█████████████████████████▎          | 607/863 [00:04<00:01, 177.95it/s]
Training (loss=2.5505):  70%|█████████████████████████▎          | 607/863 [00:04<00:01, 177.95it/s]
Training (loss=2.5126):  70%|█████████████████████████▎          | 607/863 [00:04<00:01, 177.95it/s]
Training (loss=2.5494):  70%|█████████████████████████▎          | 607/863 [00:04<00:01, 177.95it/s]
Training (loss=2.6802):  70%|█████████████████████████▎          | 607/863 [00:04<00:01, 177.95it/s]
Training (loss=2.8343):  70%|█████████████████████████▎          | 607/863 [00:04<00:01, 177.95it/s]
Training (loss=2.9410):  70%|█████████████████████████▎          | 607/863 [00:04<00:01, 177.95it/s]
Training (loss=2.9410):  73%|██████████████████████████          | 626/863 [00:04<00:01, 180.08it/s]
Training (loss=2.6654):  73%|██████████████████████████          | 626/863 [00:04<00:01, 180.08it/s]
Training (loss=2.5966):  73%|██████████████████████████          | 626/863 [00:04<00:01, 180.08it/s]
Training (loss=2.7218):  73%|██████████████████████████          | 626/863 [00:04<00:01, 180.08it/s]
Training (loss=2.7381):  73%|██████████████████████████          | 626/863 [00:04<00:01, 180.08it/s]
Training (loss=2.7466):  73%|██████████████████████████          | 626/863 [00:04<00:01, 180.08it/s]
Training (loss=2.6845):  73%|██████████████████████████          | 626/863 [00:04<00:01, 180.08it/s]
Training (loss=2.8310):  73%|██████████████████████████          | 626/863 [00:04<00:01, 180.08it/s]
Training (loss=2.5927):  73%|██████████████████████████          | 626/863 [00:04<00:01, 180.08it/s]
Training (loss=2.7142):  73%|██████████████████████████          | 626/863 [00:04<00:01, 180.08it/s]
Training (loss=2.9245):  73%|██████████████████████████          | 626/863 [00:04<00:01, 180.08it/s]
Training (loss=2.7055):  73%|██████████████████████████          | 626/863 [00:04<00:01, 180.08it/s]
Training (loss=2.4716):  73%|██████████████████████████          | 626/863 [00:04<00:01, 180.08it/s]
Training (loss=2.7684):  73%|██████████████████████████          | 626/863 [00:04<00:01, 180.08it/s]
Training (loss=2.7517):  73%|██████████████████████████          | 626/863 [00:04<00:01, 180.08it/s]
Training (loss=2.5108):  73%|██████████████████████████          | 626/863 [00:04<00:01, 180.08it/s]
Training (loss=2.6908):  73%|██████████████████████████          | 626/863 [00:04<00:01, 180.08it/s]
Training (loss=2.7902):  73%|██████████████████████████          | 626/863 [00:04<00:01, 180.08it/s]
Training (loss=2.4296):  73%|██████████████████████████          | 626/863 [00:04<00:01, 180.08it/s]
Training (loss=2.6978):  73%|██████████████████████████          | 626/863 [00:04<00:01, 180.08it/s]
Training (loss=2.6978):  75%|██████████████████████████▉         | 645/863 [00:04<00:01, 178.84it/s]
Training (loss=2.7356):  75%|██████████████████████████▉         | 645/863 [00:04<00:01, 178.84it/s]
Training (loss=2.8447):  75%|██████████████████████████▉         | 645/863 [00:04<00:01, 178.84it/s]
Training (loss=3.0090):  75%|██████████████████████████▉         | 645/863 [00:04<00:01, 178.84it/s]
Training (loss=2.6549):  75%|██████████████████████████▉         | 645/863 [00:04<00:01, 178.84it/s]
Training (loss=2.9407):  75%|██████████████████████████▉         | 645/863 [00:04<00:01, 178.84it/s]
Training (loss=2.5568):  75%|██████████████████████████▉         | 645/863 [00:04<00:01, 178.84it/s]
Training (loss=2.7526):  75%|██████████████████████████▉         | 645/863 [00:04<00:01, 178.84it/s]
Training (loss=2.8099):  75%|██████████████████████████▉         | 645/863 [00:04<00:01, 178.84it/s]
Training (loss=2.7798):  75%|██████████████████████████▉         | 645/863 [00:04<00:01, 178.84it/s]
Training (loss=2.6322):  75%|██████████████████████████▉         | 645/863 [00:04<00:01, 178.84it/s]
Training (loss=2.4176):  75%|██████████████████████████▉         | 645/863 [00:04<00:01, 178.84it/s]
Training (loss=2.6889):  75%|██████████████████████████▉         | 645/863 [00:04<00:01, 178.84it/s]
Training (loss=2.8374):  75%|██████████████████████████▉         | 645/863 [00:04<00:01, 178.84it/s]
Training (loss=2.6007):  75%|██████████████████████████▉         | 645/863 [00:04<00:01, 178.84it/s]
Training (loss=2.7887):  75%|██████████████████████████▉         | 645/863 [00:04<00:01, 178.84it/s]
Training (loss=2.7389):  75%|██████████████████████████▉         | 645/863 [00:04<00:01, 178.84it/s]
Training (loss=2.6001):  75%|██████████████████████████▉         | 645/863 [00:04<00:01, 178.84it/s]
Training (loss=2.5788):  75%|██████████████████████████▉         | 645/863 [00:04<00:01, 178.84it/s]
Training (loss=2.5788):  77%|███████████████████████████▋        | 663/863 [00:04<00:01, 177.01it/s]
Training (loss=2.8143):  77%|███████████████████████████▋        | 663/863 [00:04<00:01, 177.01it/s]
Training (loss=2.8518):  77%|███████████████████████████▋        | 663/863 [00:04<00:01, 177.01it/s]
Training (loss=2.6715):  77%|███████████████████████████▋        | 663/863 [00:04<00:01, 177.01it/s]
Training (loss=2.7812):  77%|███████████████████████████▋        | 663/863 [00:04<00:01, 177.01it/s]
Training (loss=3.0181):  77%|███████████████████████████▋        | 663/863 [00:04<00:01, 177.01it/s]
Training (loss=2.8093):  77%|███████████████████████████▋        | 663/863 [00:04<00:01, 177.01it/s]
Training (loss=2.5949):  77%|███████████████████████████▋        | 663/863 [00:04<00:01, 177.01it/s]
Training (loss=2.7042):  77%|███████████████████████████▋        | 663/863 [00:04<00:01, 177.01it/s]
Training (loss=2.9030):  77%|███████████████████████████▋        | 663/863 [00:04<00:01, 177.01it/s]
Training (loss=2.6428):  77%|███████████████████████████▋        | 663/863 [00:04<00:01, 177.01it/s]
Training (loss=2.8905):  77%|███████████████████████████▋        | 663/863 [00:04<00:01, 177.01it/s]
Training (loss=2.7590):  77%|███████████████████████████▋        | 663/863 [00:04<00:01, 177.01it/s]
Training (loss=2.9423):  77%|███████████████████████████▋        | 663/863 [00:04<00:01, 177.01it/s]
Training (loss=2.5094):  77%|███████████████████████████▋        | 663/863 [00:04<00:01, 177.01it/s]
Training (loss=2.6418):  77%|███████████████████████████▋        | 663/863 [00:04<00:01, 177.01it/s]
Training (loss=2.7780):  77%|███████████████████████████▋        | 663/863 [00:04<00:01, 177.01it/s]
Training (loss=2.6497):  77%|███████████████████████████▋        | 663/863 [00:04<00:01, 177.01it/s]
Training (loss=2.6366):  77%|███████████████████████████▋        | 663/863 [00:04<00:01, 177.01it/s]
Training (loss=2.6366):  79%|████████████████████████████▍       | 681/863 [00:04<00:01, 175.34it/s]
Training (loss=2.7802):  79%|████████████████████████████▍       | 681/863 [00:04<00:01, 175.34it/s]
Training (loss=2.7717):  79%|████████████████████████████▍       | 681/863 [00:04<00:01, 175.34it/s]
Training (loss=2.6807):  79%|████████████████████████████▍       | 681/863 [00:04<00:01, 175.34it/s]
Training (loss=2.5210):  79%|████████████████████████████▍       | 681/863 [00:04<00:01, 175.34it/s]
Training (loss=2.5449):  79%|████████████████████████████▍       | 681/863 [00:04<00:01, 175.34it/s]
Training (loss=2.4740):  79%|████████████████████████████▍       | 681/863 [00:04<00:01, 175.34it/s]
Training (loss=2.6460):  79%|████████████████████████████▍       | 681/863 [00:04<00:01, 175.34it/s]
Training (loss=2.8541):  79%|████████████████████████████▍       | 681/863 [00:04<00:01, 175.34it/s]
Training (loss=2.7531):  79%|████████████████████████████▍       | 681/863 [00:04<00:01, 175.34it/s]
Training (loss=2.7523):  79%|████████████████████████████▍       | 681/863 [00:04<00:01, 175.34it/s]
Training (loss=2.5181):  79%|████████████████████████████▍       | 681/863 [00:04<00:01, 175.34it/s]
Training (loss=2.7732):  79%|████████████████████████████▍       | 681/863 [00:04<00:01, 175.34it/s]
Training (loss=2.5011):  79%|████████████████████████████▍       | 681/863 [00:04<00:01, 175.34it/s]
Training (loss=2.6099):  79%|████████████████████████████▍       | 681/863 [00:04<00:01, 175.34it/s]
Training (loss=2.5031):  79%|████████████████████████████▍       | 681/863 [00:04<00:01, 175.34it/s]
Training (loss=2.4465):  79%|████████████████████████████▍       | 681/863 [00:04<00:01, 175.34it/s]
Training (loss=2.7285):  79%|████████████████████████████▍       | 681/863 [00:04<00:01, 175.34it/s]
Training (loss=2.6642):  79%|████████████████████████████▍       | 681/863 [00:04<00:01, 175.34it/s]
Training (loss=2.6642):  81%|█████████████████████████████▏      | 699/863 [00:04<00:00, 173.56it/s]
Training (loss=2.9452):  81%|█████████████████████████████▏      | 699/863 [00:04<00:00, 173.56it/s]
Training (loss=2.5323):  81%|█████████████████████████████▏      | 699/863 [00:04<00:00, 173.56it/s]
Training (loss=2.7767):  81%|█████████████████████████████▏      | 699/863 [00:04<00:00, 173.56it/s]
Training (loss=2.7573):  81%|█████████████████████████████▏      | 699/863 [00:04<00:00, 173.56it/s]
Training (loss=2.5851):  81%|█████████████████████████████▏      | 699/863 [00:04<00:00, 173.56it/s]
Training (loss=2.7530):  81%|█████████████████████████████▏      | 699/863 [00:04<00:00, 173.56it/s]
Training (loss=2.9656):  81%|█████████████████████████████▏      | 699/863 [00:04<00:00, 173.56it/s]
Training (loss=2.5338):  81%|█████████████████████████████▏      | 699/863 [00:04<00:00, 173.56it/s]
Training (loss=2.7422):  81%|█████████████████████████████▏      | 699/863 [00:04<00:00, 173.56it/s]
Training (loss=2.8264):  81%|█████████████████████████████▏      | 699/863 [00:04<00:00, 173.56it/s]
Training (loss=2.4840):  81%|█████████████████████████████▏      | 699/863 [00:04<00:00, 173.56it/s]
Training (loss=2.4943):  81%|█████████████████████████████▏      | 699/863 [00:04<00:00, 173.56it/s]
Training (loss=2.7149):  81%|█████████████████████████████▏      | 699/863 [00:04<00:00, 173.56it/s]
Training (loss=2.8008):  81%|█████████████████████████████▏      | 699/863 [00:04<00:00, 173.56it/s]
Training (loss=2.5885):  81%|█████████████████████████████▏      | 699/863 [00:04<00:00, 173.56it/s]
Training (loss=2.4260):  81%|█████████████████████████████▏      | 699/863 [00:04<00:00, 173.56it/s]
Training (loss=2.5113):  81%|█████████████████████████████▏      | 699/863 [00:04<00:00, 173.56it/s]
Training (loss=2.7147):  81%|█████████████████████████████▏      | 699/863 [00:04<00:00, 173.56it/s]
Training (loss=2.7147):  83%|█████████████████████████████▉      | 717/863 [00:04<00:00, 169.56it/s]
Training (loss=2.5430):  83%|█████████████████████████████▉      | 717/863 [00:04<00:00, 169.56it/s]
Training (loss=2.9445):  83%|█████████████████████████████▉      | 717/863 [00:04<00:00, 169.56it/s]
Training (loss=2.5444):  83%|█████████████████████████████▉      | 717/863 [00:04<00:00, 169.56it/s]
Training (loss=2.7457):  83%|█████████████████████████████▉      | 717/863 [00:04<00:00, 169.56it/s]
Training (loss=2.6461):  83%|█████████████████████████████▉      | 717/863 [00:04<00:00, 169.56it/s]
Training (loss=2.6708):  83%|█████████████████████████████▉      | 717/863 [00:04<00:00, 169.56it/s]
Training (loss=2.8555):  83%|█████████████████████████████▉      | 717/863 [00:04<00:00, 169.56it/s]
Training (loss=2.6631):  83%|█████████████████████████████▉      | 717/863 [00:04<00:00, 169.56it/s]
Training (loss=2.6757):  83%|█████████████████████████████▉      | 717/863 [00:04<00:00, 169.56it/s]
Training (loss=2.6351):  83%|█████████████████████████████▉      | 717/863 [00:04<00:00, 169.56it/s]
Training (loss=2.6641):  83%|█████████████████████████████▉      | 717/863 [00:04<00:00, 169.56it/s]
Training (loss=2.6162):  83%|█████████████████████████████▉      | 717/863 [00:04<00:00, 169.56it/s]
Training (loss=2.5893):  83%|█████████████████████████████▉      | 717/863 [00:04<00:00, 169.56it/s]
Training (loss=2.7457):  83%|█████████████████████████████▉      | 717/863 [00:04<00:00, 169.56it/s]
Training (loss=2.8197):  83%|█████████████████████████████▉      | 717/863 [00:04<00:00, 169.56it/s]
Training (loss=2.5261):  83%|█████████████████████████████▉      | 717/863 [00:04<00:00, 169.56it/s]
Training (loss=2.8726):  83%|█████████████████████████████▉      | 717/863 [00:04<00:00, 169.56it/s]
Training (loss=2.5678):  83%|█████████████████████████████▉      | 717/863 [00:04<00:00, 169.56it/s]
Training (loss=2.9365):  83%|█████████████████████████████▉      | 717/863 [00:04<00:00, 169.56it/s]
Training (loss=2.9365):  85%|██████████████████████████████▋     | 736/863 [00:04<00:00, 173.03it/s]
Training (loss=2.5930):  85%|██████████████████████████████▋     | 736/863 [00:04<00:00, 173.03it/s]
Training (loss=2.6825):  85%|██████████████████████████████▋     | 736/863 [00:04<00:00, 173.03it/s]
Training (loss=2.5910):  85%|██████████████████████████████▋     | 736/863 [00:04<00:00, 173.03it/s]
Training (loss=2.5435):  85%|██████████████████████████████▋     | 736/863 [00:04<00:00, 173.03it/s]
Training (loss=2.6578):  85%|██████████████████████████████▋     | 736/863 [00:04<00:00, 173.03it/s]
Training (loss=2.6308):  85%|██████████████████████████████▋     | 736/863 [00:04<00:00, 173.03it/s]
Training (loss=2.6564):  85%|██████████████████████████████▋     | 736/863 [00:04<00:00, 173.03it/s]
Training (loss=2.5164):  85%|██████████████████████████████▋     | 736/863 [00:04<00:00, 173.03it/s]
Training (loss=2.7463):  85%|██████████████████████████████▋     | 736/863 [00:04<00:00, 173.03it/s]
Training (loss=2.6698):  85%|██████████████████████████████▋     | 736/863 [00:04<00:00, 173.03it/s]
Training (loss=2.5993):  85%|██████████████████████████████▋     | 736/863 [00:04<00:00, 173.03it/s]
Training (loss=2.9232):  85%|██████████████████████████████▋     | 736/863 [00:04<00:00, 173.03it/s]
Training (loss=2.6224):  85%|██████████████████████████████▋     | 736/863 [00:04<00:00, 173.03it/s]
Training (loss=2.8461):  85%|██████████████████████████████▋     | 736/863 [00:04<00:00, 173.03it/s]
Training (loss=2.5771):  85%|██████████████████████████████▋     | 736/863 [00:04<00:00, 173.03it/s]
Training (loss=2.5584):  85%|██████████████████████████████▋     | 736/863 [00:04<00:00, 173.03it/s]
Training (loss=2.7063):  85%|██████████████████████████████▋     | 736/863 [00:04<00:00, 173.03it/s]
Training (loss=2.7580):  85%|██████████████████████████████▋     | 736/863 [00:04<00:00, 173.03it/s]
Training (loss=2.7580):  87%|███████████████████████████████▍    | 754/863 [00:04<00:00, 174.49it/s]
Training (loss=2.5955):  87%|███████████████████████████████▍    | 754/863 [00:04<00:00, 174.49it/s]
Training (loss=2.4721):  87%|███████████████████████████████▍    | 754/863 [00:04<00:00, 174.49it/s]
Training (loss=2.7559):  87%|███████████████████████████████▍    | 754/863 [00:04<00:00, 174.49it/s]
Training (loss=2.6589):  87%|███████████████████████████████▍    | 754/863 [00:04<00:00, 174.49it/s]
Training (loss=2.6670):  87%|███████████████████████████████▍    | 754/863 [00:04<00:00, 174.49it/s]
Training (loss=2.9143):  87%|███████████████████████████████▍    | 754/863 [00:04<00:00, 174.49it/s]
Training (loss=2.5957):  87%|███████████████████████████████▍    | 754/863 [00:04<00:00, 174.49it/s]
Training (loss=2.6445):  87%|███████████████████████████████▍    | 754/863 [00:04<00:00, 174.49it/s]
Training (loss=2.7966):  87%|███████████████████████████████▍    | 754/863 [00:04<00:00, 174.49it/s]
Training (loss=2.5365):  87%|███████████████████████████████▍    | 754/863 [00:04<00:00, 174.49it/s]
Training (loss=2.8551):  87%|███████████████████████████████▍    | 754/863 [00:04<00:00, 174.49it/s]
Training (loss=2.6799):  87%|███████████████████████████████▍    | 754/863 [00:04<00:00, 174.49it/s]
Training (loss=2.7006):  87%|███████████████████████████████▍    | 754/863 [00:04<00:00, 174.49it/s]
Training (loss=2.4938):  87%|███████████████████████████████▍    | 754/863 [00:04<00:00, 174.49it/s]
Training (loss=2.7764):  87%|███████████████████████████████▍    | 754/863 [00:04<00:00, 174.49it/s]
Training (loss=2.7641):  87%|███████████████████████████████▍    | 754/863 [00:04<00:00, 174.49it/s]
Training (loss=2.4154):  87%|███████████████████████████████▍    | 754/863 [00:04<00:00, 174.49it/s]
Training (loss=2.7373):  87%|███████████████████████████████▍    | 754/863 [00:04<00:00, 174.49it/s]
Training (loss=2.7373):  89%|████████████████████████████████▏   | 772/863 [00:04<00:00, 174.06it/s]
Training (loss=2.9027):  89%|████████████████████████████████▏   | 772/863 [00:04<00:00, 174.06it/s]
Training (loss=2.5488):  89%|████████████████████████████████▏   | 772/863 [00:04<00:00, 174.06it/s]
Training (loss=2.6046):  89%|████████████████████████████████▏   | 772/863 [00:04<00:00, 174.06it/s]
Training (loss=2.6389):  89%|████████████████████████████████▏   | 772/863 [00:04<00:00, 174.06it/s]
Training (loss=2.6585):  89%|████████████████████████████████▏   | 772/863 [00:04<00:00, 174.06it/s]
Training (loss=2.6256):  89%|████████████████████████████████▏   | 772/863 [00:04<00:00, 174.06it/s]
Training (loss=2.5921):  89%|████████████████████████████████▏   | 772/863 [00:04<00:00, 174.06it/s]
Training (loss=2.8729):  89%|████████████████████████████████▏   | 772/863 [00:04<00:00, 174.06it/s]
Training (loss=2.7189):  89%|████████████████████████████████▏   | 772/863 [00:04<00:00, 174.06it/s]
Training (loss=2.5792):  89%|████████████████████████████████▏   | 772/863 [00:04<00:00, 174.06it/s]
Training (loss=2.7372):  89%|████████████████████████████████▏   | 772/863 [00:04<00:00, 174.06it/s]
Training (loss=2.7224):  89%|████████████████████████████████▏   | 772/863 [00:04<00:00, 174.06it/s]
Training (loss=2.6466):  89%|████████████████████████████████▏   | 772/863 [00:04<00:00, 174.06it/s]
Training (loss=2.6064):  89%|████████████████████████████████▏   | 772/863 [00:04<00:00, 174.06it/s]
Training (loss=2.6728):  89%|████████████████████████████████▏   | 772/863 [00:04<00:00, 174.06it/s]
Training (loss=2.6006):  89%|████████████████████████████████▏   | 772/863 [00:04<00:00, 174.06it/s]
Training (loss=2.7568):  89%|████████████████████████████████▏   | 772/863 [00:05<00:00, 174.06it/s]
Training (loss=2.6708):  89%|████████████████████████████████▏   | 772/863 [00:05<00:00, 174.06it/s]
Training (loss=2.6708):  92%|████████████████████████████████▉   | 790/863 [00:05<00:00, 175.60it/s]
Training (loss=2.7262):  92%|████████████████████████████████▉   | 790/863 [00:05<00:00, 175.60it/s]
Training (loss=2.8874):  92%|████████████████████████████████▉   | 790/863 [00:05<00:00, 175.60it/s]
Training (loss=2.7493):  92%|████████████████████████████████▉   | 790/863 [00:05<00:00, 175.60it/s]
Training (loss=2.7655):  92%|████████████████████████████████▉   | 790/863 [00:05<00:00, 175.60it/s]
Training (loss=2.8095):  92%|████████████████████████████████▉   | 790/863 [00:05<00:00, 175.60it/s]
Training (loss=2.4752):  92%|████████████████████████████████▉   | 790/863 [00:05<00:00, 175.60it/s]
Training (loss=2.6801):  92%|████████████████████████████████▉   | 790/863 [00:05<00:00, 175.60it/s]
Training (loss=2.7277):  92%|████████████████████████████████▉   | 790/863 [00:05<00:00, 175.60it/s]
Training (loss=2.6528):  92%|████████████████████████████████▉   | 790/863 [00:05<00:00, 175.60it/s]
Training (loss=2.8068):  92%|████████████████████████████████▉   | 790/863 [00:05<00:00, 175.60it/s]
Training (loss=2.6455):  92%|████████████████████████████████▉   | 790/863 [00:05<00:00, 175.60it/s]
Training (loss=2.7738):  92%|████████████████████████████████▉   | 790/863 [00:05<00:00, 175.60it/s]
Training (loss=2.6401):  92%|████████████████████████████████▉   | 790/863 [00:05<00:00, 175.60it/s]
Training (loss=2.6588):  92%|████████████████████████████████▉   | 790/863 [00:05<00:00, 175.60it/s]
Training (loss=2.6807):  92%|████████████████████████████████▉   | 790/863 [00:05<00:00, 175.60it/s]
Training (loss=2.6301):  92%|████████████████████████████████▉   | 790/863 [00:05<00:00, 175.60it/s]
Training (loss=2.6167):  92%|████████████████████████████████▉   | 790/863 [00:05<00:00, 175.60it/s]
Training (loss=2.5694):  92%|████████████████████████████████▉   | 790/863 [00:05<00:00, 175.60it/s]
Training (loss=2.5694):  94%|█████████████████████████████████▋  | 808/863 [00:05<00:00, 174.37it/s]
Training (loss=2.5943):  94%|█████████████████████████████████▋  | 808/863 [00:05<00:00, 174.37it/s]
Training (loss=2.6326):  94%|█████████████████████████████████▋  | 808/863 [00:05<00:00, 174.37it/s]
Training (loss=2.9021):  94%|█████████████████████████████████▋  | 808/863 [00:05<00:00, 174.37it/s]
Training (loss=2.7517):  94%|█████████████████████████████████▋  | 808/863 [00:05<00:00, 174.37it/s]
Training (loss=2.7841):  94%|█████████████████████████████████▋  | 808/863 [00:05<00:00, 174.37it/s]
Training (loss=2.7466):  94%|█████████████████████████████████▋  | 808/863 [00:05<00:00, 174.37it/s]
Training (loss=2.8519):  94%|█████████████████████████████████▋  | 808/863 [00:05<00:00, 174.37it/s]
Training (loss=2.7681):  94%|█████████████████████████████████▋  | 808/863 [00:05<00:00, 174.37it/s]
Training (loss=2.7595):  94%|█████████████████████████████████▋  | 808/863 [00:05<00:00, 174.37it/s]
Training (loss=2.6426):  94%|█████████████████████████████████▋  | 808/863 [00:05<00:00, 174.37it/s]
Training (loss=2.6380):  94%|█████████████████████████████████▋  | 808/863 [00:05<00:00, 174.37it/s]
Training (loss=2.5837):  94%|█████████████████████████████████▋  | 808/863 [00:05<00:00, 174.37it/s]
Training (loss=2.8455):  94%|█████████████████████████████████▋  | 808/863 [00:05<00:00, 174.37it/s]
Training (loss=2.4230):  94%|█████████████████████████████████▋  | 808/863 [00:05<00:00, 174.37it/s]
Training (loss=2.8632):  94%|█████████████████████████████████▋  | 808/863 [00:05<00:00, 174.37it/s]
Training (loss=2.9094):  94%|█████████████████████████████████▋  | 808/863 [00:05<00:00, 174.37it/s]
Training (loss=2.7156):  94%|█████████████████████████████████▋  | 808/863 [00:05<00:00, 174.37it/s]
Training (loss=2.5799):  94%|█████████████████████████████████▋  | 808/863 [00:05<00:00, 174.37it/s]
Training (loss=2.5799):  96%|██████████████████████████████████▍ | 826/863 [00:05<00:00, 169.83it/s]
Training (loss=2.8137):  96%|██████████████████████████████████▍ | 826/863 [00:05<00:00, 169.83it/s]
Training (loss=2.5011):  96%|██████████████████████████████████▍ | 826/863 [00:05<00:00, 169.83it/s]
Training (loss=2.5988):  96%|██████████████████████████████████▍ | 826/863 [00:05<00:00, 169.83it/s]
Training (loss=2.5211):  96%|██████████████████████████████████▍ | 826/863 [00:05<00:00, 169.83it/s]
Training (loss=2.6445):  96%|██████████████████████████████████▍ | 826/863 [00:05<00:00, 169.83it/s]
Training (loss=2.6446):  96%|██████████████████████████████████▍ | 826/863 [00:05<00:00, 169.83it/s]
Training (loss=2.8214):  96%|██████████████████████████████████▍ | 826/863 [00:05<00:00, 169.83it/s]
Training (loss=2.5409):  96%|██████████████████████████████████▍ | 826/863 [00:05<00:00, 169.83it/s]
Training (loss=2.7057):  96%|██████████████████████████████████▍ | 826/863 [00:05<00:00, 169.83it/s]
Training (loss=2.9564):  96%|██████████████████████████████████▍ | 826/863 [00:05<00:00, 169.83it/s]
Training (loss=2.7343):  96%|██████████████████████████████████▍ | 826/863 [00:05<00:00, 169.83it/s]
Training (loss=2.7627):  96%|██████████████████████████████████▍ | 826/863 [00:05<00:00, 169.83it/s]
Training (loss=3.0221):  96%|██████████████████████████████████▍ | 826/863 [00:05<00:00, 169.83it/s]
Training (loss=2.7906):  96%|██████████████████████████████████▍ | 826/863 [00:05<00:00, 169.83it/s]
Training (loss=2.8740):  96%|██████████████████████████████████▍ | 826/863 [00:05<00:00, 169.83it/s]
Training (loss=2.5130):  96%|██████████████████████████████████▍ | 826/863 [00:05<00:00, 169.83it/s]
Training (loss=2.4563):  96%|██████████████████████████████████▍ | 826/863 [00:05<00:00, 169.83it/s]
Training (loss=2.6526):  96%|██████████████████████████████████▍ | 826/863 [00:05<00:00, 169.83it/s]
Training (loss=2.6526):  98%|███████████████████████████████████▏| 844/863 [00:05<00:00, 168.48it/s]
Training (loss=2.6548):  98%|███████████████████████████████████▏| 844/863 [00:05<00:00, 168.48it/s]
Training (loss=2.7435):  98%|███████████████████████████████████▏| 844/863 [00:05<00:00, 168.48it/s]
Training (loss=2.5088):  98%|███████████████████████████████████▏| 844/863 [00:05<00:00, 168.48it/s]
Training (loss=2.4775):  98%|███████████████████████████████████▏| 844/863 [00:05<00:00, 168.48it/s]
Training (loss=2.8061):  98%|███████████████████████████████████▏| 844/863 [00:05<00:00, 168.48it/s]
Training (loss=2.6359):  98%|███████████████████████████████████▏| 844/863 [00:05<00:00, 168.48it/s]
Training (loss=2.8552):  98%|███████████████████████████████████▏| 844/863 [00:05<00:00, 168.48it/s]
Training (loss=2.8382):  98%|███████████████████████████████████▏| 844/863 [00:05<00:00, 168.48it/s]
Training (loss=2.7921):  98%|███████████████████████████████████▏| 844/863 [00:05<00:00, 168.48it/s]
Training (loss=2.6039):  98%|███████████████████████████████████▏| 844/863 [00:05<00:00, 168.48it/s]
Training (loss=2.7019):  98%|███████████████████████████████████▏| 844/863 [00:05<00:00, 168.48it/s]
Training (loss=2.6394):  98%|███████████████████████████████████▏| 844/863 [00:05<00:00, 168.48it/s]
Training (loss=2.6556):  98%|███████████████████████████████████▏| 844/863 [00:05<00:00, 168.48it/s]
Training (loss=2.7546):  98%|███████████████████████████████████▏| 844/863 [00:05<00:00, 168.48it/s]
Training (loss=2.7199):  98%|███████████████████████████████████▏| 844/863 [00:05<00:00, 168.48it/s]
Training (loss=2.6128):  98%|███████████████████████████████████▏| 844/863 [00:05<00:00, 168.48it/s]
Training (loss=2.8494):  98%|███████████████████████████████████▏| 844/863 [00:05<00:00, 168.48it/s]
Training (loss=2.8494): 100%|███████████████████████████████████▉| 861/863 [00:05<00:00, 152.41it/s]
Training (loss=2.8602): 100%|███████████████████████████████████▉| 861/863 [00:05<00:00, 152.41it/s]
Training (loss=2.6993): 100%|███████████████████████████████████▉| 861/863 [00:05<00:00, 152.41it/s]
Training (loss=2.6993): 100%|████████████████████████████████████| 863/863 [00:05<00:00, 156.57it/s]
Evaluating on validation set...
Validation loss: 2.6713
Epoch 1/5 - Train loss: 3.0254, Val loss: 2.6713

Epoch 2/5

Training:   0%|                                                             | 0/863 [00:00<?, ?it/s]
Training (loss=2.5971):   0%|                                               | 0/863 [00:00<?, ?it/s]
Training (loss=2.5971):   0%|                                       | 1/863 [00:00<02:51,  5.03it/s]
Training (loss=2.8330):   0%|                                       | 1/863 [00:00<02:51,  5.03it/s]
Training (loss=2.8313):   0%|                                       | 1/863 [00:00<02:51,  5.03it/s]
Training (loss=2.4619):   0%|                                       | 1/863 [00:00<02:51,  5.03it/s]
Training (loss=2.7476):   0%|                                       | 1/863 [00:00<02:51,  5.03it/s]
Training (loss=2.5570):   0%|                                       | 1/863 [00:00<02:51,  5.03it/s]
Training (loss=2.5509):   0%|                                       | 1/863 [00:00<02:51,  5.03it/s]
Training (loss=2.8037):   0%|                                       | 1/863 [00:00<02:51,  5.03it/s]
Training (loss=2.7661):   0%|                                       | 1/863 [00:00<02:51,  5.03it/s]
Training (loss=2.7564):   0%|                                       | 1/863 [00:00<02:51,  5.03it/s]
Training (loss=2.6322):   0%|                                       | 1/863 [00:00<02:51,  5.03it/s]
Training (loss=2.5955):   0%|                                       | 1/863 [00:00<02:51,  5.03it/s]
Training (loss=2.4974):   0%|                                       | 1/863 [00:00<02:51,  5.03it/s]
Training (loss=2.5362):   0%|                                       | 1/863 [00:00<02:51,  5.03it/s]
Training (loss=2.3896):   0%|                                       | 1/863 [00:00<02:51,  5.03it/s]
Training (loss=2.6800):   0%|                                       | 1/863 [00:00<02:51,  5.03it/s]
Training (loss=2.6819):   0%|                                       | 1/863 [00:00<02:51,  5.03it/s]
Training (loss=2.6308):   0%|                                       | 1/863 [00:00<02:51,  5.03it/s]
Training (loss=2.6308):   2%|▊                                     | 18/863 [00:00<00:11, 73.28it/s]
Training (loss=2.4946):   2%|▊                                     | 18/863 [00:00<00:11, 73.28it/s]
Training (loss=2.5128):   2%|▊                                     | 18/863 [00:00<00:11, 73.28it/s]
Training (loss=2.8709):   2%|▊                                     | 18/863 [00:00<00:11, 73.28it/s]
Training (loss=2.8486):   2%|▊                                     | 18/863 [00:00<00:11, 73.28it/s]
Training (loss=2.7465):   2%|▊                                     | 18/863 [00:00<00:11, 73.28it/s]
Training (loss=2.5724):   2%|▊                                     | 18/863 [00:00<00:11, 73.28it/s]
Training (loss=2.7038):   2%|▊                                     | 18/863 [00:00<00:11, 73.28it/s]
Training (loss=2.7099):   2%|▊                                     | 18/863 [00:00<00:11, 73.28it/s]
Training (loss=2.6002):   2%|▊                                     | 18/863 [00:00<00:11, 73.28it/s]
Training (loss=2.5044):   2%|▊                                     | 18/863 [00:00<00:11, 73.28it/s]
Training (loss=2.7481):   2%|▊                                     | 18/863 [00:00<00:11, 73.28it/s]
Training (loss=2.4992):   2%|▊                                     | 18/863 [00:00<00:11, 73.28it/s]
Training (loss=2.4398):   2%|▊                                     | 18/863 [00:00<00:11, 73.28it/s]
Training (loss=2.6910):   2%|▊                                     | 18/863 [00:00<00:11, 73.28it/s]
Training (loss=2.5875):   2%|▊                                     | 18/863 [00:00<00:11, 73.28it/s]
Training (loss=2.6333):   2%|▊                                     | 18/863 [00:00<00:11, 73.28it/s]
Training (loss=2.6659):   2%|▊                                     | 18/863 [00:00<00:11, 73.28it/s]
Training (loss=2.4238):   2%|▊                                     | 18/863 [00:00<00:11, 73.28it/s]
Training (loss=2.4238):   4%|█▌                                   | 36/863 [00:00<00:07, 111.35it/s]
Training (loss=2.7612):   4%|█▌                                   | 36/863 [00:00<00:07, 111.35it/s]
Training (loss=2.7546):   4%|█▌                                   | 36/863 [00:00<00:07, 111.35it/s]
Training (loss=2.8400):   4%|█▌                                   | 36/863 [00:00<00:07, 111.35it/s]
Training (loss=2.6343):   4%|█▌                                   | 36/863 [00:00<00:07, 111.35it/s]
Training (loss=2.6671):   4%|█▌                                   | 36/863 [00:00<00:07, 111.35it/s]
Training (loss=2.7792):   4%|█▌                                   | 36/863 [00:00<00:07, 111.35it/s]
Training (loss=2.5406):   4%|█▌                                   | 36/863 [00:00<00:07, 111.35it/s]
Training (loss=2.4976):   4%|█▌                                   | 36/863 [00:00<00:07, 111.35it/s]
Training (loss=2.5227):   4%|█▌                                   | 36/863 [00:00<00:07, 111.35it/s]
Training (loss=2.7818):   4%|█▌                                   | 36/863 [00:00<00:07, 111.35it/s]
Training (loss=2.7344):   4%|█▌                                   | 36/863 [00:00<00:07, 111.35it/s]
Training (loss=2.6783):   4%|█▌                                   | 36/863 [00:00<00:07, 111.35it/s]
Training (loss=2.5980):   4%|█▌                                   | 36/863 [00:00<00:07, 111.35it/s]
Training (loss=2.6649):   4%|█▌                                   | 36/863 [00:00<00:07, 111.35it/s]
Training (loss=2.4464):   4%|█▌                                   | 36/863 [00:00<00:07, 111.35it/s]
Training (loss=2.7806):   4%|█▌                                   | 36/863 [00:00<00:07, 111.35it/s]
Training (loss=2.4993):   4%|█▌                                   | 36/863 [00:00<00:07, 111.35it/s]
Training (loss=2.7538):   4%|█▌                                   | 36/863 [00:00<00:07, 111.35it/s]
Training (loss=2.7538):   6%|██▎                                  | 54/863 [00:00<00:06, 133.24it/s]
Training (loss=2.6457):   6%|██▎                                  | 54/863 [00:00<00:06, 133.24it/s]
Training (loss=2.6130):   6%|██▎                                  | 54/863 [00:00<00:06, 133.24it/s]
Training (loss=2.8412):   6%|██▎                                  | 54/863 [00:00<00:06, 133.24it/s]
Training (loss=2.6399):   6%|██▎                                  | 54/863 [00:00<00:06, 133.24it/s]
Training (loss=2.6584):   6%|██▎                                  | 54/863 [00:00<00:06, 133.24it/s]
Training (loss=2.3672):   6%|██▎                                  | 54/863 [00:00<00:06, 133.24it/s]
Training (loss=2.5553):   6%|██▎                                  | 54/863 [00:00<00:06, 133.24it/s]
Training (loss=2.4665):   6%|██▎                                  | 54/863 [00:00<00:06, 133.24it/s]
Training (loss=2.4692):   6%|██▎                                  | 54/863 [00:00<00:06, 133.24it/s]
Training (loss=2.6911):   6%|██▎                                  | 54/863 [00:00<00:06, 133.24it/s]
Training (loss=2.5357):   6%|██▎                                  | 54/863 [00:00<00:06, 133.24it/s]
Training (loss=2.5576):   6%|██▎                                  | 54/863 [00:00<00:06, 133.24it/s]
Training (loss=2.9158):   6%|██▎                                  | 54/863 [00:00<00:06, 133.24it/s]
Training (loss=2.8800):   6%|██▎                                  | 54/863 [00:00<00:06, 133.24it/s]
Training (loss=2.5639):   6%|██▎                                  | 54/863 [00:00<00:06, 133.24it/s]
Training (loss=2.5847):   6%|██▎                                  | 54/863 [00:00<00:06, 133.24it/s]
Training (loss=2.5847):   8%|███                                  | 70/863 [00:00<00:05, 140.80it/s]
Training (loss=2.5372):   8%|███                                  | 70/863 [00:00<00:05, 140.80it/s]
Training (loss=2.7816):   8%|███                                  | 70/863 [00:00<00:05, 140.80it/s]
Training (loss=2.7215):   8%|███                                  | 70/863 [00:00<00:05, 140.80it/s]
Training (loss=2.6007):   8%|███                                  | 70/863 [00:00<00:05, 140.80it/s]
Training (loss=2.5249):   8%|███                                  | 70/863 [00:00<00:05, 140.80it/s]
Training (loss=2.5500):   8%|███                                  | 70/863 [00:00<00:05, 140.80it/s]
Training (loss=2.7186):   8%|███                                  | 70/863 [00:00<00:05, 140.80it/s]
Training (loss=2.4505):   8%|███                                  | 70/863 [00:00<00:05, 140.80it/s]
Training (loss=2.6683):   8%|███                                  | 70/863 [00:00<00:05, 140.80it/s]
Training (loss=2.7668):   8%|███                                  | 70/863 [00:00<00:05, 140.80it/s]
Training (loss=2.7651):   8%|███                                  | 70/863 [00:00<00:05, 140.80it/s]
Training (loss=2.8509):   8%|███                                  | 70/863 [00:00<00:05, 140.80it/s]
Training (loss=2.6122):   8%|███                                  | 70/863 [00:00<00:05, 140.80it/s]
Training (loss=2.7528):   8%|███                                  | 70/863 [00:00<00:05, 140.80it/s]
Training (loss=2.7058):   8%|███                                  | 70/863 [00:00<00:05, 140.80it/s]
Training (loss=2.6122):   8%|███                                  | 70/863 [00:00<00:05, 140.80it/s]
Training (loss=2.4891):   8%|███                                  | 70/863 [00:00<00:05, 140.80it/s]
Training (loss=2.4375):   8%|███                                  | 70/863 [00:00<00:05, 140.80it/s]
Training (loss=2.4375):  10%|███▊                                 | 88/863 [00:00<00:05, 151.06it/s]
Training (loss=2.9089):  10%|███▊                                 | 88/863 [00:00<00:05, 151.06it/s]
Training (loss=2.5314):  10%|███▊                                 | 88/863 [00:00<00:05, 151.06it/s]
Training (loss=2.8087):  10%|███▊                                 | 88/863 [00:00<00:05, 151.06it/s]
Training (loss=2.6411):  10%|███▊                                 | 88/863 [00:00<00:05, 151.06it/s]
Training (loss=2.5064):  10%|███▊                                 | 88/863 [00:00<00:05, 151.06it/s]
Training (loss=2.3970):  10%|███▊                                 | 88/863 [00:00<00:05, 151.06it/s]
Training (loss=2.4272):  10%|███▊                                 | 88/863 [00:00<00:05, 151.06it/s]
Training (loss=2.6768):  10%|███▊                                 | 88/863 [00:00<00:05, 151.06it/s]
Training (loss=2.7542):  10%|███▊                                 | 88/863 [00:00<00:05, 151.06it/s]
Training (loss=2.3001):  10%|███▊                                 | 88/863 [00:00<00:05, 151.06it/s]
Training (loss=2.4314):  10%|███▊                                 | 88/863 [00:00<00:05, 151.06it/s]
Training (loss=2.8169):  10%|███▊                                 | 88/863 [00:00<00:05, 151.06it/s]
Training (loss=2.5781):  10%|███▊                                 | 88/863 [00:00<00:05, 151.06it/s]
Training (loss=2.5771):  10%|███▊                                 | 88/863 [00:00<00:05, 151.06it/s]
Training (loss=2.7159):  10%|███▊                                 | 88/863 [00:00<00:05, 151.06it/s]
Training (loss=2.6344):  10%|███▊                                 | 88/863 [00:00<00:05, 151.06it/s]
Training (loss=2.6179):  10%|███▊                                 | 88/863 [00:00<00:05, 151.06it/s]
Training (loss=2.5794):  10%|███▊                                 | 88/863 [00:00<00:05, 151.06it/s]
Training (loss=2.5794):  12%|████▍                               | 106/863 [00:00<00:04, 158.63it/s]
Training (loss=2.4380):  12%|████▍                               | 106/863 [00:00<00:04, 158.63it/s]
Training (loss=2.5760):  12%|████▍                               | 106/863 [00:00<00:04, 158.63it/s]
Training (loss=2.6105):  12%|████▍                               | 106/863 [00:00<00:04, 158.63it/s]
Training (loss=2.6817):  12%|████▍                               | 106/863 [00:00<00:04, 158.63it/s]
Training (loss=2.7396):  12%|████▍                               | 106/863 [00:00<00:04, 158.63it/s]
Training (loss=2.6665):  12%|████▍                               | 106/863 [00:00<00:04, 158.63it/s]
Training (loss=2.8662):  12%|████▍                               | 106/863 [00:00<00:04, 158.63it/s]
Training (loss=2.4560):  12%|████▍                               | 106/863 [00:00<00:04, 158.63it/s]
Training (loss=2.5354):  12%|████▍                               | 106/863 [00:00<00:04, 158.63it/s]
Training (loss=2.5477):  12%|████▍                               | 106/863 [00:00<00:04, 158.63it/s]
Training (loss=2.4966):  12%|████▍                               | 106/863 [00:00<00:04, 158.63it/s]
Training (loss=2.6399):  12%|████▍                               | 106/863 [00:00<00:04, 158.63it/s]
Training (loss=2.5658):  12%|████▍                               | 106/863 [00:00<00:04, 158.63it/s]
Training (loss=2.8072):  12%|████▍                               | 106/863 [00:00<00:04, 158.63it/s]
Training (loss=2.9346):  12%|████▍                               | 106/863 [00:00<00:04, 158.63it/s]
Training (loss=2.6647):  12%|████▍                               | 106/863 [00:00<00:04, 158.63it/s]
Training (loss=2.6340):  12%|████▍                               | 106/863 [00:00<00:04, 158.63it/s]
Training (loss=2.6616):  12%|████▍                               | 106/863 [00:00<00:04, 158.63it/s]
Training (loss=2.6616):  14%|█████▏                              | 124/863 [00:00<00:04, 163.96it/s]
Training (loss=2.7814):  14%|█████▏                              | 124/863 [00:00<00:04, 163.96it/s]
Training (loss=2.6985):  14%|█████▏                              | 124/863 [00:00<00:04, 163.96it/s]
Training (loss=2.6835):  14%|█████▏                              | 124/863 [00:00<00:04, 163.96it/s]
Training (loss=2.4474):  14%|█████▏                              | 124/863 [00:00<00:04, 163.96it/s]
Training (loss=2.5874):  14%|█████▏                              | 124/863 [00:00<00:04, 163.96it/s]
Training (loss=2.7281):  14%|█████▏                              | 124/863 [00:00<00:04, 163.96it/s]
Training (loss=2.5638):  14%|█████▏                              | 124/863 [00:00<00:04, 163.96it/s]
Training (loss=2.7587):  14%|█████▏                              | 124/863 [00:00<00:04, 163.96it/s]
Training (loss=2.6254):  14%|█████▏                              | 124/863 [00:00<00:04, 163.96it/s]
Training (loss=2.6376):  14%|█████▏                              | 124/863 [00:00<00:04, 163.96it/s]
Training (loss=2.6514):  14%|█████▏                              | 124/863 [00:00<00:04, 163.96it/s]
Training (loss=2.6922):  14%|█████▏                              | 124/863 [00:00<00:04, 163.96it/s]
Training (loss=2.6272):  14%|█████▏                              | 124/863 [00:00<00:04, 163.96it/s]
Training (loss=2.8510):  14%|█████▏                              | 124/863 [00:00<00:04, 163.96it/s]
Training (loss=2.5124):  14%|█████▏                              | 124/863 [00:01<00:04, 163.96it/s]
Training (loss=2.5414):  14%|█████▏                              | 124/863 [00:01<00:04, 163.96it/s]
Training (loss=2.6259):  14%|█████▏                              | 124/863 [00:01<00:04, 163.96it/s]
Training (loss=2.7921):  14%|█████▏                              | 124/863 [00:01<00:04, 163.96it/s]
Training (loss=2.7921):  16%|█████▉                              | 142/863 [00:01<00:04, 168.23it/s]
Training (loss=2.6593):  16%|█████▉                              | 142/863 [00:01<00:04, 168.23it/s]
Training (loss=2.5198):  16%|█████▉                              | 142/863 [00:01<00:04, 168.23it/s]
Training (loss=2.7746):  16%|█████▉                              | 142/863 [00:01<00:04, 168.23it/s]
Training (loss=2.6080):  16%|█████▉                              | 142/863 [00:01<00:04, 168.23it/s]
Training (loss=2.6020):  16%|█████▉                              | 142/863 [00:01<00:04, 168.23it/s]
Training (loss=2.4916):  16%|█████▉                              | 142/863 [00:01<00:04, 168.23it/s]
Training (loss=2.5953):  16%|█████▉                              | 142/863 [00:01<00:04, 168.23it/s]
Training (loss=2.7231):  16%|█████▉                              | 142/863 [00:01<00:04, 168.23it/s]
Training (loss=2.6646):  16%|█████▉                              | 142/863 [00:01<00:04, 168.23it/s]
Training (loss=2.7925):  16%|█████▉                              | 142/863 [00:01<00:04, 168.23it/s]
Training (loss=2.5258):  16%|█████▉                              | 142/863 [00:01<00:04, 168.23it/s]
Training (loss=2.4702):  16%|█████▉                              | 142/863 [00:01<00:04, 168.23it/s]
Training (loss=2.4951):  16%|█████▉                              | 142/863 [00:01<00:04, 168.23it/s]
Training (loss=2.4333):  16%|█████▉                              | 142/863 [00:01<00:04, 168.23it/s]
Training (loss=2.5806):  16%|█████▉                              | 142/863 [00:01<00:04, 168.23it/s]
Training (loss=2.6448):  16%|█████▉                              | 142/863 [00:01<00:04, 168.23it/s]
Training (loss=2.5027):  16%|█████▉                              | 142/863 [00:01<00:04, 168.23it/s]
Training (loss=2.6507):  16%|█████▉                              | 142/863 [00:01<00:04, 168.23it/s]
Training (loss=2.6507):  19%|██████▋                             | 160/863 [00:01<00:04, 168.41it/s]
Training (loss=2.6864):  19%|██████▋                             | 160/863 [00:01<00:04, 168.41it/s]
Training (loss=2.6372):  19%|██████▋                             | 160/863 [00:01<00:04, 168.41it/s]
Training (loss=2.7100):  19%|██████▋                             | 160/863 [00:01<00:04, 168.41it/s]
Training (loss=2.6598):  19%|██████▋                             | 160/863 [00:01<00:04, 168.41it/s]
Training (loss=2.7758):  19%|██████▋                             | 160/863 [00:01<00:04, 168.41it/s]
Training (loss=2.6591):  19%|██████▋                             | 160/863 [00:01<00:04, 168.41it/s]
Training (loss=2.7973):  19%|██████▋                             | 160/863 [00:01<00:04, 168.41it/s]
Training (loss=2.7952):  19%|██████▋                             | 160/863 [00:01<00:04, 168.41it/s]
Training (loss=2.5285):  19%|██████▋                             | 160/863 [00:01<00:04, 168.41it/s]
Training (loss=2.3486):  19%|██████▋                             | 160/863 [00:01<00:04, 168.41it/s]
Training (loss=2.5358):  19%|██████▋                             | 160/863 [00:01<00:04, 168.41it/s]
Training (loss=2.6103):  19%|██████▋                             | 160/863 [00:01<00:04, 168.41it/s]
Training (loss=2.6495):  19%|██████▋                             | 160/863 [00:01<00:04, 168.41it/s]
Training (loss=2.4412):  19%|██████▋                             | 160/863 [00:01<00:04, 168.41it/s]
Training (loss=2.7671):  19%|██████▋                             | 160/863 [00:01<00:04, 168.41it/s]
Training (loss=2.6881):  19%|██████▋                             | 160/863 [00:01<00:04, 168.41it/s]
Training (loss=2.5356):  19%|██████▋                             | 160/863 [00:01<00:04, 168.41it/s]
Training (loss=2.4604):  19%|██████▋                             | 160/863 [00:01<00:04, 168.41it/s]
Training (loss=2.4604):  21%|███████▍                            | 178/863 [00:01<00:04, 164.31it/s]
Training (loss=2.5829):  21%|███████▍                            | 178/863 [00:01<00:04, 164.31it/s]
Training (loss=2.8347):  21%|███████▍                            | 178/863 [00:01<00:04, 164.31it/s]
Training (loss=2.7358):  21%|███████▍                            | 178/863 [00:01<00:04, 164.31it/s]
Training (loss=2.6318):  21%|███████▍                            | 178/863 [00:01<00:04, 164.31it/s]
Training (loss=2.5533):  21%|███████▍                            | 178/863 [00:01<00:04, 164.31it/s]
Training (loss=2.7671):  21%|███████▍                            | 178/863 [00:01<00:04, 164.31it/s]
Training (loss=2.5866):  21%|███████▍                            | 178/863 [00:01<00:04, 164.31it/s]
Training (loss=2.4260):  21%|███████▍                            | 178/863 [00:01<00:04, 164.31it/s]
Training (loss=2.4734):  21%|███████▍                            | 178/863 [00:01<00:04, 164.31it/s]
Training (loss=2.7792):  21%|███████▍                            | 178/863 [00:01<00:04, 164.31it/s]
Training (loss=2.6549):  21%|███████▍                            | 178/863 [00:01<00:04, 164.31it/s]
Training (loss=2.6974):  21%|███████▍                            | 178/863 [00:01<00:04, 164.31it/s]
Training (loss=2.5297):  21%|███████▍                            | 178/863 [00:01<00:04, 164.31it/s]
Training (loss=2.6091):  21%|███████▍                            | 178/863 [00:01<00:04, 164.31it/s]
Training (loss=2.6040):  21%|███████▍                            | 178/863 [00:01<00:04, 164.31it/s]
Training (loss=2.8327):  21%|███████▍                            | 178/863 [00:01<00:04, 164.31it/s]
Training (loss=2.5956):  21%|███████▍                            | 178/863 [00:01<00:04, 164.31it/s]
Training (loss=2.5956):  23%|████████▏                           | 195/863 [00:01<00:04, 163.71it/s]
Training (loss=2.4850):  23%|████████▏                           | 195/863 [00:01<00:04, 163.71it/s]
Training (loss=2.5728):  23%|████████▏                           | 195/863 [00:01<00:04, 163.71it/s]
Training (loss=2.4885):  23%|████████▏                           | 195/863 [00:01<00:04, 163.71it/s]
Training (loss=2.5899):  23%|████████▏                           | 195/863 [00:01<00:04, 163.71it/s]
Training (loss=2.6487):  23%|████████▏                           | 195/863 [00:01<00:04, 163.71it/s]
Training (loss=2.6420):  23%|████████▏                           | 195/863 [00:01<00:04, 163.71it/s]
Training (loss=2.5543):  23%|████████▏                           | 195/863 [00:01<00:04, 163.71it/s]
Training (loss=2.4779):  23%|████████▏                           | 195/863 [00:01<00:04, 163.71it/s]
Training (loss=2.7633):  23%|████████▏                           | 195/863 [00:01<00:04, 163.71it/s]
Training (loss=2.6189):  23%|████████▏                           | 195/863 [00:01<00:04, 163.71it/s]
Training (loss=2.7885):  23%|████████▏                           | 195/863 [00:01<00:04, 163.71it/s]
Training (loss=2.7965):  23%|████████▏                           | 195/863 [00:01<00:04, 163.71it/s]
Training (loss=2.5778):  23%|████████▏                           | 195/863 [00:01<00:04, 163.71it/s]
Training (loss=2.7243):  23%|████████▏                           | 195/863 [00:01<00:04, 163.71it/s]
Training (loss=2.3000):  23%|████████▏                           | 195/863 [00:01<00:04, 163.71it/s]
Training (loss=2.4602):  23%|████████▏                           | 195/863 [00:01<00:04, 163.71it/s]
Training (loss=2.6275):  23%|████████▏                           | 195/863 [00:01<00:04, 163.71it/s]
Training (loss=2.7027):  23%|████████▏                           | 195/863 [00:01<00:04, 163.71it/s]
Training (loss=2.7027):  25%|████████▉                           | 213/863 [00:01<00:03, 166.13it/s]
Training (loss=2.6167):  25%|████████▉                           | 213/863 [00:01<00:03, 166.13it/s]
Training (loss=2.7517):  25%|████████▉                           | 213/863 [00:01<00:03, 166.13it/s]
Training (loss=2.6304):  25%|████████▉                           | 213/863 [00:01<00:03, 166.13it/s]
Training (loss=2.4638):  25%|████████▉                           | 213/863 [00:01<00:03, 166.13it/s]
Training (loss=2.6335):  25%|████████▉                           | 213/863 [00:01<00:03, 166.13it/s]
Training (loss=2.6221):  25%|████████▉                           | 213/863 [00:01<00:03, 166.13it/s]
Training (loss=2.6034):  25%|████████▉                           | 213/863 [00:01<00:03, 166.13it/s]
Training (loss=2.6118):  25%|████████▉                           | 213/863 [00:01<00:03, 166.13it/s]
Training (loss=2.6766):  25%|████████▉                           | 213/863 [00:01<00:03, 166.13it/s]
Training (loss=2.7346):  25%|████████▉                           | 213/863 [00:01<00:03, 166.13it/s]
Training (loss=2.8561):  25%|████████▉                           | 213/863 [00:01<00:03, 166.13it/s]
Training (loss=2.5745):  25%|████████▉                           | 213/863 [00:01<00:03, 166.13it/s]
Training (loss=2.8250):  25%|████████▉                           | 213/863 [00:01<00:03, 166.13it/s]
Training (loss=2.6409):  25%|████████▉                           | 213/863 [00:01<00:03, 166.13it/s]
Training (loss=2.7100):  25%|████████▉                           | 213/863 [00:01<00:03, 166.13it/s]
Training (loss=2.5965):  25%|████████▉                           | 213/863 [00:01<00:03, 166.13it/s]
Training (loss=2.6519):  25%|████████▉                           | 213/863 [00:01<00:03, 166.13it/s]
Training (loss=2.6519):  27%|█████████▌                          | 230/863 [00:01<00:03, 163.94it/s]
Training (loss=2.6293):  27%|█████████▌                          | 230/863 [00:01<00:03, 163.94it/s]
Training (loss=2.7461):  27%|█████████▌                          | 230/863 [00:01<00:03, 163.94it/s]
Training (loss=2.6043):  27%|█████████▌                          | 230/863 [00:01<00:03, 163.94it/s]
Training (loss=2.7257):  27%|█████████▌                          | 230/863 [00:01<00:03, 163.94it/s]
Training (loss=2.4839):  27%|█████████▌                          | 230/863 [00:01<00:03, 163.94it/s]
Training (loss=2.7342):  27%|█████████▌                          | 230/863 [00:01<00:03, 163.94it/s]
Training (loss=2.8278):  27%|█████████▌                          | 230/863 [00:01<00:03, 163.94it/s]
Training (loss=2.6144):  27%|█████████▌                          | 230/863 [00:01<00:03, 163.94it/s]
Training (loss=2.4218):  27%|█████████▌                          | 230/863 [00:01<00:03, 163.94it/s]
Training (loss=2.6418):  27%|█████████▌                          | 230/863 [00:01<00:03, 163.94it/s]
Training (loss=2.5291):  27%|█████████▌                          | 230/863 [00:01<00:03, 163.94it/s]
Training (loss=2.5377):  27%|█████████▌                          | 230/863 [00:01<00:03, 163.94it/s]
Training (loss=2.6767):  27%|█████████▌                          | 230/863 [00:01<00:03, 163.94it/s]
Training (loss=2.4233):  27%|█████████▌                          | 230/863 [00:01<00:03, 163.94it/s]
Training (loss=2.5860):  27%|█████████▌                          | 230/863 [00:01<00:03, 163.94it/s]
Training (loss=2.8883):  27%|█████████▌                          | 230/863 [00:01<00:03, 163.94it/s]
Training (loss=2.5875):  27%|█████████▌                          | 230/863 [00:01<00:03, 163.94it/s]
Training (loss=2.7101):  27%|█████████▌                          | 230/863 [00:01<00:03, 163.94it/s]
Training (loss=2.3646):  27%|█████████▌                          | 230/863 [00:01<00:03, 163.94it/s]
Training (loss=2.3646):  29%|██████████▍                         | 249/863 [00:01<00:03, 168.91it/s]
Training (loss=2.6847):  29%|██████████▍                         | 249/863 [00:01<00:03, 168.91it/s]
Training (loss=2.4680):  29%|██████████▍                         | 249/863 [00:01<00:03, 168.91it/s]
Training (loss=2.7547):  29%|██████████▍                         | 249/863 [00:01<00:03, 168.91it/s]
Training (loss=2.8234):  29%|██████████▍                         | 249/863 [00:01<00:03, 168.91it/s]
Training (loss=2.5106):  29%|██████████▍                         | 249/863 [00:01<00:03, 168.91it/s]
Training (loss=2.6025):  29%|██████████▍                         | 249/863 [00:01<00:03, 168.91it/s]
Training (loss=2.5646):  29%|██████████▍                         | 249/863 [00:01<00:03, 168.91it/s]
Training (loss=2.6027):  29%|██████████▍                         | 249/863 [00:01<00:03, 168.91it/s]
Training (loss=2.7496):  29%|██████████▍                         | 249/863 [00:01<00:03, 168.91it/s]
Training (loss=2.5477):  29%|██████████▍                         | 249/863 [00:01<00:03, 168.91it/s]
Training (loss=2.8017):  29%|██████████▍                         | 249/863 [00:01<00:03, 168.91it/s]
Training (loss=2.8837):  29%|██████████▍                         | 249/863 [00:01<00:03, 168.91it/s]
Training (loss=2.6048):  29%|██████████▍                         | 249/863 [00:01<00:03, 168.91it/s]
Training (loss=2.9243):  29%|██████████▍                         | 249/863 [00:01<00:03, 168.91it/s]
Training (loss=2.6651):  29%|██████████▍                         | 249/863 [00:01<00:03, 168.91it/s]
Training (loss=2.7136):  29%|██████████▍                         | 249/863 [00:01<00:03, 168.91it/s]
Training (loss=2.6240):  29%|██████████▍                         | 249/863 [00:01<00:03, 168.91it/s]
Training (loss=2.6240):  31%|███████████                         | 266/863 [00:01<00:03, 158.54it/s]
Training (loss=2.4926):  31%|███████████                         | 266/863 [00:01<00:03, 158.54it/s]
Training (loss=2.9220):  31%|███████████                         | 266/863 [00:01<00:03, 158.54it/s]
Training (loss=2.7824):  31%|███████████                         | 266/863 [00:01<00:03, 158.54it/s]
Training (loss=2.8705):  31%|███████████                         | 266/863 [00:01<00:03, 158.54it/s]
Training (loss=2.7231):  31%|███████████                         | 266/863 [00:01<00:03, 158.54it/s]
Training (loss=2.7492):  31%|███████████                         | 266/863 [00:01<00:03, 158.54it/s]
Training (loss=2.5056):  31%|███████████                         | 266/863 [00:01<00:03, 158.54it/s]
Training (loss=2.7123):  31%|███████████                         | 266/863 [00:01<00:03, 158.54it/s]
Training (loss=2.5190):  31%|███████████                         | 266/863 [00:01<00:03, 158.54it/s]
Training (loss=2.7229):  31%|███████████                         | 266/863 [00:01<00:03, 158.54it/s]
Training (loss=2.8281):  31%|███████████                         | 266/863 [00:01<00:03, 158.54it/s]
Training (loss=2.6321):  31%|███████████                         | 266/863 [00:01<00:03, 158.54it/s]
Training (loss=2.7955):  31%|███████████                         | 266/863 [00:01<00:03, 158.54it/s]
Training (loss=2.6715):  31%|███████████                         | 266/863 [00:01<00:03, 158.54it/s]
Training (loss=2.5967):  31%|███████████                         | 266/863 [00:01<00:03, 158.54it/s]
Training (loss=2.4206):  31%|███████████                         | 266/863 [00:01<00:03, 158.54it/s]
Training (loss=2.7025):  31%|███████████                         | 266/863 [00:01<00:03, 158.54it/s]
Training (loss=2.7246):  31%|███████████                         | 266/863 [00:01<00:03, 158.54it/s]
Training (loss=2.7246):  33%|███████████▊                        | 284/863 [00:01<00:03, 164.40it/s]
Training (loss=2.6739):  33%|███████████▊                        | 284/863 [00:01<00:03, 164.40it/s]
Training (loss=2.5085):  33%|███████████▊                        | 284/863 [00:01<00:03, 164.40it/s]
Training (loss=2.5875):  33%|███████████▊                        | 284/863 [00:01<00:03, 164.40it/s]
Training (loss=2.5447):  33%|███████████▊                        | 284/863 [00:01<00:03, 164.40it/s]
Training (loss=2.7448):  33%|███████████▊                        | 284/863 [00:01<00:03, 164.40it/s]
Training (loss=2.4480):  33%|███████████▊                        | 284/863 [00:01<00:03, 164.40it/s]
Training (loss=2.6257):  33%|███████████▊                        | 284/863 [00:01<00:03, 164.40it/s]
Training (loss=2.4891):  33%|███████████▊                        | 284/863 [00:01<00:03, 164.40it/s]
Training (loss=2.8216):  33%|███████████▊                        | 284/863 [00:01<00:03, 164.40it/s]
Training (loss=2.6989):  33%|███████████▊                        | 284/863 [00:01<00:03, 164.40it/s]
Training (loss=2.6639):  33%|███████████▊                        | 284/863 [00:01<00:03, 164.40it/s]
Training (loss=2.7820):  33%|███████████▊                        | 284/863 [00:01<00:03, 164.40it/s]
Training (loss=2.8083):  33%|███████████▊                        | 284/863 [00:01<00:03, 164.40it/s]
Training (loss=2.5831):  33%|███████████▊                        | 284/863 [00:01<00:03, 164.40it/s]
Training (loss=2.5522):  33%|███████████▊                        | 284/863 [00:01<00:03, 164.40it/s]
Training (loss=2.4929):  33%|███████████▊                        | 284/863 [00:01<00:03, 164.40it/s]
Training (loss=2.8437):  33%|███████████▊                        | 284/863 [00:01<00:03, 164.40it/s]
Training (loss=2.8437):  35%|████████████▌                       | 301/863 [00:01<00:03, 165.89it/s]
Training (loss=2.4874):  35%|████████████▌                       | 301/863 [00:01<00:03, 165.89it/s]
Training (loss=2.7377):  35%|████████████▌                       | 301/863 [00:02<00:03, 165.89it/s]
Training (loss=2.6069):  35%|████████████▌                       | 301/863 [00:02<00:03, 165.89it/s]
Training (loss=2.5681):  35%|████████████▌                       | 301/863 [00:02<00:03, 165.89it/s]
Training (loss=2.5001):  35%|████████████▌                       | 301/863 [00:02<00:03, 165.89it/s]
Training (loss=2.5698):  35%|████████████▌                       | 301/863 [00:02<00:03, 165.89it/s]
Training (loss=2.5805):  35%|████████████▌                       | 301/863 [00:02<00:03, 165.89it/s]
Training (loss=2.7632):  35%|████████████▌                       | 301/863 [00:02<00:03, 165.89it/s]
Training (loss=2.5516):  35%|████████████▌                       | 301/863 [00:02<00:03, 165.89it/s]
Training (loss=2.5164):  35%|████████████▌                       | 301/863 [00:02<00:03, 165.89it/s]
Training (loss=2.7162):  35%|████████████▌                       | 301/863 [00:02<00:03, 165.89it/s]
Training (loss=2.6789):  35%|████████████▌                       | 301/863 [00:02<00:03, 165.89it/s]
Training (loss=2.7159):  35%|████████████▌                       | 301/863 [00:02<00:03, 165.89it/s]
Training (loss=2.6512):  35%|████████████▌                       | 301/863 [00:02<00:03, 165.89it/s]
Training (loss=2.7452):  35%|████████████▌                       | 301/863 [00:02<00:03, 165.89it/s]
Training (loss=2.6510):  35%|████████████▌                       | 301/863 [00:02<00:03, 165.89it/s]
Training (loss=2.6117):  35%|████████████▌                       | 301/863 [00:02<00:03, 165.89it/s]
Training (loss=2.6117):  37%|█████████████▎                      | 318/863 [00:02<00:03, 165.97it/s]
Training (loss=2.6218):  37%|█████████████▎                      | 318/863 [00:02<00:03, 165.97it/s]
Training (loss=2.5433):  37%|█████████████▎                      | 318/863 [00:02<00:03, 165.97it/s]
Training (loss=2.4648):  37%|█████████████▎                      | 318/863 [00:02<00:03, 165.97it/s]
Training (loss=2.3614):  37%|█████████████▎                      | 318/863 [00:02<00:03, 165.97it/s]
Training (loss=2.5733):  37%|█████████████▎                      | 318/863 [00:02<00:03, 165.97it/s]
Training (loss=2.5274):  37%|█████████████▎                      | 318/863 [00:02<00:03, 165.97it/s]
Training (loss=2.7437):  37%|█████████████▎                      | 318/863 [00:02<00:03, 165.97it/s]
Training (loss=2.7593):  37%|█████████████▎                      | 318/863 [00:02<00:03, 165.97it/s]
Training (loss=2.5387):  37%|█████████████▎                      | 318/863 [00:02<00:03, 165.97it/s]
Training (loss=2.5579):  37%|█████████████▎                      | 318/863 [00:02<00:03, 165.97it/s]
Training (loss=2.7758):  37%|█████████████▎                      | 318/863 [00:02<00:03, 165.97it/s]
Training (loss=2.3346):  37%|█████████████▎                      | 318/863 [00:02<00:03, 165.97it/s]
Training (loss=2.6759):  37%|█████████████▎                      | 318/863 [00:02<00:03, 165.97it/s]
Training (loss=2.5413):  37%|█████████████▎                      | 318/863 [00:02<00:03, 165.97it/s]
Training (loss=2.5796):  37%|█████████████▎                      | 318/863 [00:02<00:03, 165.97it/s]
Training (loss=2.4968):  37%|█████████████▎                      | 318/863 [00:02<00:03, 165.97it/s]
Training (loss=2.7293):  37%|█████████████▎                      | 318/863 [00:02<00:03, 165.97it/s]
Training (loss=2.7293):  39%|█████████████▉                      | 335/863 [00:02<00:03, 167.06it/s]
Training (loss=2.7181):  39%|█████████████▉                      | 335/863 [00:02<00:03, 167.06it/s]
Training (loss=2.6510):  39%|█████████████▉                      | 335/863 [00:02<00:03, 167.06it/s]
Training (loss=2.7152):  39%|█████████████▉                      | 335/863 [00:02<00:03, 167.06it/s]
Training (loss=2.7814):  39%|█████████████▉                      | 335/863 [00:02<00:03, 167.06it/s]
Training (loss=2.4968):  39%|█████████████▉                      | 335/863 [00:02<00:03, 167.06it/s]
Training (loss=2.7034):  39%|█████████████▉                      | 335/863 [00:02<00:03, 167.06it/s]
Training (loss=2.8362):  39%|█████████████▉                      | 335/863 [00:02<00:03, 167.06it/s]
Training (loss=2.6763):  39%|█████████████▉                      | 335/863 [00:02<00:03, 167.06it/s]
Training (loss=2.7324):  39%|█████████████▉                      | 335/863 [00:02<00:03, 167.06it/s]
Training (loss=2.5865):  39%|█████████████▉                      | 335/863 [00:02<00:03, 167.06it/s]
Training (loss=2.5738):  39%|█████████████▉                      | 335/863 [00:02<00:03, 167.06it/s]
Training (loss=2.6881):  39%|█████████████▉                      | 335/863 [00:02<00:03, 167.06it/s]
Training (loss=2.5199):  39%|█████████████▉                      | 335/863 [00:02<00:03, 167.06it/s]
Training (loss=2.6530):  39%|█████████████▉                      | 335/863 [00:02<00:03, 167.06it/s]
Training (loss=2.6357):  39%|█████████████▉                      | 335/863 [00:02<00:03, 167.06it/s]
Training (loss=2.6513):  39%|█████████████▉                      | 335/863 [00:02<00:03, 167.06it/s]
Training (loss=2.5962):  39%|█████████████▉                      | 335/863 [00:02<00:03, 167.06it/s]
Training (loss=2.5962):  41%|██████████████▋                     | 352/863 [00:02<00:03, 167.15it/s]
Training (loss=2.7115):  41%|██████████████▋                     | 352/863 [00:02<00:03, 167.15it/s]
Training (loss=2.4665):  41%|██████████████▋                     | 352/863 [00:02<00:03, 167.15it/s]
Training (loss=2.7328):  41%|██████████████▋                     | 352/863 [00:02<00:03, 167.15it/s]
Training (loss=2.5484):  41%|██████████████▋                     | 352/863 [00:02<00:03, 167.15it/s]
Training (loss=2.4640):  41%|██████████████▋                     | 352/863 [00:02<00:03, 167.15it/s]
Training (loss=2.6102):  41%|██████████████▋                     | 352/863 [00:02<00:03, 167.15it/s]
Training (loss=2.5402):  41%|██████████████▋                     | 352/863 [00:02<00:03, 167.15it/s]
Training (loss=2.6179):  41%|██████████████▋                     | 352/863 [00:02<00:03, 167.15it/s]
Training (loss=2.7470):  41%|██████████████▋                     | 352/863 [00:02<00:03, 167.15it/s]
Training (loss=2.6001):  41%|██████████████▋                     | 352/863 [00:02<00:03, 167.15it/s]
Training (loss=2.5344):  41%|██████████████▋                     | 352/863 [00:02<00:03, 167.15it/s]
Training (loss=2.3574):  41%|██████████████▋                     | 352/863 [00:02<00:03, 167.15it/s]
Training (loss=2.4876):  41%|██████████████▋                     | 352/863 [00:02<00:03, 167.15it/s]
Training (loss=2.7816):  41%|██████████████▋                     | 352/863 [00:02<00:03, 167.15it/s]
Training (loss=2.5340):  41%|██████████████▋                     | 352/863 [00:02<00:03, 167.15it/s]
Training (loss=2.6463):  41%|██████████████▋                     | 352/863 [00:02<00:03, 167.15it/s]
Training (loss=2.5313):  41%|██████████████▋                     | 352/863 [00:02<00:03, 167.15it/s]
Training (loss=2.4494):  41%|██████████████▋                     | 352/863 [00:02<00:03, 167.15it/s]
Training (loss=2.4494):  43%|███████████████▍                    | 370/863 [00:02<00:02, 168.88it/s]
Training (loss=2.5114):  43%|███████████████▍                    | 370/863 [00:02<00:02, 168.88it/s]
Training (loss=2.5730):  43%|███████████████▍                    | 370/863 [00:02<00:02, 168.88it/s]
Training (loss=2.5882):  43%|███████████████▍                    | 370/863 [00:02<00:02, 168.88it/s]
Training (loss=2.6154):  43%|███████████████▍                    | 370/863 [00:02<00:02, 168.88it/s]
Training (loss=2.6749):  43%|███████████████▍                    | 370/863 [00:02<00:02, 168.88it/s]
Training (loss=3.0599):  43%|███████████████▍                    | 370/863 [00:02<00:02, 168.88it/s]
Training (loss=2.4417):  43%|███████████████▍                    | 370/863 [00:02<00:02, 168.88it/s]
Training (loss=2.7091):  43%|███████████████▍                    | 370/863 [00:02<00:02, 168.88it/s]
Training (loss=2.4572):  43%|███████████████▍                    | 370/863 [00:02<00:02, 168.88it/s]
Training (loss=2.5684):  43%|███████████████▍                    | 370/863 [00:02<00:02, 168.88it/s]
Training (loss=2.6879):  43%|███████████████▍                    | 370/863 [00:02<00:02, 168.88it/s]
Training (loss=2.7316):  43%|███████████████▍                    | 370/863 [00:02<00:02, 168.88it/s]
Training (loss=2.8415):  43%|███████████████▍                    | 370/863 [00:02<00:02, 168.88it/s]
Training (loss=2.7378):  43%|███████████████▍                    | 370/863 [00:02<00:02, 168.88it/s]
Training (loss=2.7466):  43%|███████████████▍                    | 370/863 [00:02<00:02, 168.88it/s]
Training (loss=2.9374):  43%|███████████████▍                    | 370/863 [00:02<00:02, 168.88it/s]
Training (loss=2.6148):  43%|███████████████▍                    | 370/863 [00:02<00:02, 168.88it/s]
Training (loss=2.6148):  45%|████████████████▏                   | 387/863 [00:02<00:02, 168.29it/s]
Training (loss=2.5843):  45%|████████████████▏                   | 387/863 [00:02<00:02, 168.29it/s]
Training (loss=2.6102):  45%|████████████████▏                   | 387/863 [00:02<00:02, 168.29it/s]
Training (loss=2.7241):  45%|████████████████▏                   | 387/863 [00:02<00:02, 168.29it/s]
Training (loss=2.6887):  45%|████████████████▏                   | 387/863 [00:02<00:02, 168.29it/s]
Training (loss=2.5551):  45%|████████████████▏                   | 387/863 [00:02<00:02, 168.29it/s]
Training (loss=2.7006):  45%|████████████████▏                   | 387/863 [00:02<00:02, 168.29it/s]
Training (loss=2.5595):  45%|████████████████▏                   | 387/863 [00:02<00:02, 168.29it/s]
Training (loss=2.7130):  45%|████████████████▏                   | 387/863 [00:02<00:02, 168.29it/s]
Training (loss=2.5012):  45%|████████████████▏                   | 387/863 [00:02<00:02, 168.29it/s]
Training (loss=2.9987):  45%|████████████████▏                   | 387/863 [00:02<00:02, 168.29it/s]
Training (loss=2.6810):  45%|████████████████▏                   | 387/863 [00:02<00:02, 168.29it/s]
Training (loss=2.5335):  45%|████████████████▏                   | 387/863 [00:02<00:02, 168.29it/s]
Training (loss=2.5156):  45%|████████████████▏                   | 387/863 [00:02<00:02, 168.29it/s]
Training (loss=2.5828):  45%|████████████████▏                   | 387/863 [00:02<00:02, 168.29it/s]
Training (loss=2.5183):  45%|████████████████▏                   | 387/863 [00:02<00:02, 168.29it/s]
Training (loss=2.6994):  45%|████████████████▏                   | 387/863 [00:02<00:02, 168.29it/s]
Training (loss=2.6061):  45%|████████████████▏                   | 387/863 [00:02<00:02, 168.29it/s]
Training (loss=2.6545):  45%|████████████████▏                   | 387/863 [00:02<00:02, 168.29it/s]
Training (loss=2.6545):  47%|████████████████▉                   | 405/863 [00:02<00:02, 171.31it/s]
Training (loss=2.6517):  47%|████████████████▉                   | 405/863 [00:02<00:02, 171.31it/s]
Training (loss=2.5418):  47%|████████████████▉                   | 405/863 [00:02<00:02, 171.31it/s]
Training (loss=2.7457):  47%|████████████████▉                   | 405/863 [00:02<00:02, 171.31it/s]
Training (loss=2.5759):  47%|████████████████▉                   | 405/863 [00:02<00:02, 171.31it/s]
Training (loss=2.6091):  47%|████████████████▉                   | 405/863 [00:02<00:02, 171.31it/s]
Training (loss=2.7365):  47%|████████████████▉                   | 405/863 [00:02<00:02, 171.31it/s]
Training (loss=2.7400):  47%|████████████████▉                   | 405/863 [00:02<00:02, 171.31it/s]
Training (loss=2.5907):  47%|████████████████▉                   | 405/863 [00:02<00:02, 171.31it/s]
Training (loss=2.7047):  47%|████████████████▉                   | 405/863 [00:02<00:02, 171.31it/s]
Training (loss=2.5539):  47%|████████████████▉                   | 405/863 [00:02<00:02, 171.31it/s]
Training (loss=2.5752):  47%|████████████████▉                   | 405/863 [00:02<00:02, 171.31it/s]
Training (loss=2.7395):  47%|████████████████▉                   | 405/863 [00:02<00:02, 171.31it/s]
Training (loss=2.3648):  47%|████████████████▉                   | 405/863 [00:02<00:02, 171.31it/s]
Training (loss=2.5670):  47%|████████████████▉                   | 405/863 [00:02<00:02, 171.31it/s]
Training (loss=2.6027):  47%|████████████████▉                   | 405/863 [00:02<00:02, 171.31it/s]
Training (loss=2.8489):  47%|████████████████▉                   | 405/863 [00:02<00:02, 171.31it/s]
Training (loss=2.9293):  47%|████████████████▉                   | 405/863 [00:02<00:02, 171.31it/s]
Training (loss=2.6475):  47%|████████████████▉                   | 405/863 [00:02<00:02, 171.31it/s]
Training (loss=2.6475):  49%|█████████████████▋                  | 423/863 [00:02<00:02, 172.39it/s]
Training (loss=2.4884):  49%|█████████████████▋                  | 423/863 [00:02<00:02, 172.39it/s]
Training (loss=2.3201):  49%|█████████████████▋                  | 423/863 [00:02<00:02, 172.39it/s]
Training (loss=2.5699):  49%|█████████████████▋                  | 423/863 [00:02<00:02, 172.39it/s]
Training (loss=2.4059):  49%|█████████████████▋                  | 423/863 [00:02<00:02, 172.39it/s]
Training (loss=2.7780):  49%|█████████████████▋                  | 423/863 [00:02<00:02, 172.39it/s]
Training (loss=2.3201):  49%|█████████████████▋                  | 423/863 [00:02<00:02, 172.39it/s]
Training (loss=2.6027):  49%|█████████████████▋                  | 423/863 [00:02<00:02, 172.39it/s]
Training (loss=2.6744):  49%|█████████████████▋                  | 423/863 [00:02<00:02, 172.39it/s]
Training (loss=2.6706):  49%|█████████████████▋                  | 423/863 [00:02<00:02, 172.39it/s]
Training (loss=2.7666):  49%|█████████████████▋                  | 423/863 [00:02<00:02, 172.39it/s]
Training (loss=2.6063):  49%|█████████████████▋                  | 423/863 [00:02<00:02, 172.39it/s]
Training (loss=2.7880):  49%|█████████████████▋                  | 423/863 [00:02<00:02, 172.39it/s]
Training (loss=2.6972):  49%|█████████████████▋                  | 423/863 [00:02<00:02, 172.39it/s]
Training (loss=2.4482):  49%|█████████████████▋                  | 423/863 [00:02<00:02, 172.39it/s]
Training (loss=2.7057):  49%|█████████████████▋                  | 423/863 [00:02<00:02, 172.39it/s]
Training (loss=2.6017):  49%|█████████████████▋                  | 423/863 [00:02<00:02, 172.39it/s]
Training (loss=2.5978):  49%|█████████████████▋                  | 423/863 [00:02<00:02, 172.39it/s]
Training (loss=2.6631):  49%|█████████████████▋                  | 423/863 [00:02<00:02, 172.39it/s]
Training (loss=2.6631):  51%|██████████████████▍                 | 441/863 [00:02<00:02, 172.27it/s]
Training (loss=2.4704):  51%|██████████████████▍                 | 441/863 [00:02<00:02, 172.27it/s]
Training (loss=2.5174):  51%|██████████████████▍                 | 441/863 [00:02<00:02, 172.27it/s]
Training (loss=2.7209):  51%|██████████████████▍                 | 441/863 [00:02<00:02, 172.27it/s]
Training (loss=2.7359):  51%|██████████████████▍                 | 441/863 [00:02<00:02, 172.27it/s]
Training (loss=2.4314):  51%|██████████████████▍                 | 441/863 [00:02<00:02, 172.27it/s]
Training (loss=3.1586):  51%|██████████████████▍                 | 441/863 [00:02<00:02, 172.27it/s]
Training (loss=2.6413):  51%|██████████████████▍                 | 441/863 [00:02<00:02, 172.27it/s]
Training (loss=2.5634):  51%|██████████████████▍                 | 441/863 [00:02<00:02, 172.27it/s]
Training (loss=2.6890):  51%|██████████████████▍                 | 441/863 [00:02<00:02, 172.27it/s]
Training (loss=2.8789):  51%|██████████████████▍                 | 441/863 [00:02<00:02, 172.27it/s]
Training (loss=2.8278):  51%|██████████████████▍                 | 441/863 [00:02<00:02, 172.27it/s]
Training (loss=2.7275):  51%|██████████████████▍                 | 441/863 [00:02<00:02, 172.27it/s]
Training (loss=2.7806):  51%|██████████████████▍                 | 441/863 [00:02<00:02, 172.27it/s]
Training (loss=2.8832):  51%|██████████████████▍                 | 441/863 [00:02<00:02, 172.27it/s]
Training (loss=2.5656):  51%|██████████████████▍                 | 441/863 [00:02<00:02, 172.27it/s]
Training (loss=2.5826):  51%|██████████████████▍                 | 441/863 [00:02<00:02, 172.27it/s]
Training (loss=2.6412):  51%|██████████████████▍                 | 441/863 [00:02<00:02, 172.27it/s]
Training (loss=2.6696):  51%|██████████████████▍                 | 441/863 [00:02<00:02, 172.27it/s]
Training (loss=2.6696):  53%|███████████████████▏                | 459/863 [00:02<00:02, 170.82it/s]
Training (loss=2.6073):  53%|███████████████████▏                | 459/863 [00:02<00:02, 170.82it/s]
Training (loss=2.6106):  53%|███████████████████▏                | 459/863 [00:02<00:02, 170.82it/s]
Training (loss=2.6120):  53%|███████████████████▏                | 459/863 [00:02<00:02, 170.82it/s]
Training (loss=2.6700):  53%|███████████████████▏                | 459/863 [00:02<00:02, 170.82it/s]
Training (loss=2.7489):  53%|███████████████████▏                | 459/863 [00:02<00:02, 170.82it/s]
Training (loss=2.6153):  53%|███████████████████▏                | 459/863 [00:02<00:02, 170.82it/s]
Training (loss=2.5857):  53%|███████████████████▏                | 459/863 [00:02<00:02, 170.82it/s]
Training (loss=2.6750):  53%|███████████████████▏                | 459/863 [00:02<00:02, 170.82it/s]
Training (loss=2.6150):  53%|███████████████████▏                | 459/863 [00:02<00:02, 170.82it/s]
Training (loss=2.5366):  53%|███████████████████▏                | 459/863 [00:02<00:02, 170.82it/s]
Training (loss=2.6049):  53%|███████████████████▏                | 459/863 [00:02<00:02, 170.82it/s]
Training (loss=2.4596):  53%|███████████████████▏                | 459/863 [00:03<00:02, 170.82it/s]
Training (loss=2.7270):  53%|███████████████████▏                | 459/863 [00:03<00:02, 170.82it/s]
Training (loss=2.5053):  53%|███████████████████▏                | 459/863 [00:03<00:02, 170.82it/s]
Training (loss=2.7459):  53%|███████████████████▏                | 459/863 [00:03<00:02, 170.82it/s]
Training (loss=2.5646):  53%|███████████████████▏                | 459/863 [00:03<00:02, 170.82it/s]
Training (loss=2.4430):  53%|███████████████████▏                | 459/863 [00:03<00:02, 170.82it/s]
Training (loss=2.9014):  53%|███████████████████▏                | 459/863 [00:03<00:02, 170.82it/s]
Training (loss=2.9014):  55%|███████████████████▉                | 477/863 [00:03<00:02, 163.02it/s]
Training (loss=2.5270):  55%|███████████████████▉                | 477/863 [00:03<00:02, 163.02it/s]
Training (loss=2.8122):  55%|███████████████████▉                | 477/863 [00:03<00:02, 163.02it/s]
Training (loss=2.6494):  55%|███████████████████▉                | 477/863 [00:03<00:02, 163.02it/s]
Training (loss=2.6440):  55%|███████████████████▉                | 477/863 [00:03<00:02, 163.02it/s]
Training (loss=2.5684):  55%|███████████████████▉                | 477/863 [00:03<00:02, 163.02it/s]
Training (loss=2.5792):  55%|███████████████████▉                | 477/863 [00:03<00:02, 163.02it/s]
Training (loss=2.6595):  55%|███████████████████▉                | 477/863 [00:03<00:02, 163.02it/s]
Training (loss=2.6735):  55%|███████████████████▉                | 477/863 [00:03<00:02, 163.02it/s]
Training (loss=2.4955):  55%|███████████████████▉                | 477/863 [00:03<00:02, 163.02it/s]
Training (loss=2.7719):  55%|███████████████████▉                | 477/863 [00:03<00:02, 163.02it/s]
Training (loss=2.5880):  55%|███████████████████▉                | 477/863 [00:03<00:02, 163.02it/s]
Training (loss=2.5165):  55%|███████████████████▉                | 477/863 [00:03<00:02, 163.02it/s]
Training (loss=2.7042):  55%|███████████████████▉                | 477/863 [00:03<00:02, 163.02it/s]
Training (loss=2.8703):  55%|███████████████████▉                | 477/863 [00:03<00:02, 163.02it/s]
Training (loss=2.6456):  55%|███████████████████▉                | 477/863 [00:03<00:02, 163.02it/s]
Training (loss=2.4446):  55%|███████████████████▉                | 477/863 [00:03<00:02, 163.02it/s]
Training (loss=2.4659):  55%|███████████████████▉                | 477/863 [00:03<00:02, 163.02it/s]
Training (loss=2.4659):  57%|████████████████████▌               | 494/863 [00:03<00:02, 164.93it/s]
Training (loss=2.4753):  57%|████████████████████▌               | 494/863 [00:03<00:02, 164.93it/s]
Training (loss=2.6508):  57%|████████████████████▌               | 494/863 [00:03<00:02, 164.93it/s]
Training (loss=2.5705):  57%|████████████████████▌               | 494/863 [00:03<00:02, 164.93it/s]
Training (loss=2.6206):  57%|████████████████████▌               | 494/863 [00:03<00:02, 164.93it/s]
Training (loss=2.7058):  57%|████████████████████▌               | 494/863 [00:03<00:02, 164.93it/s]
Training (loss=2.8355):  57%|████████████████████▌               | 494/863 [00:03<00:02, 164.93it/s]
Training (loss=2.5723):  57%|████████████████████▌               | 494/863 [00:03<00:02, 164.93it/s]
Training (loss=2.6670):  57%|████████████████████▌               | 494/863 [00:03<00:02, 164.93it/s]
Training (loss=2.5624):  57%|████████████████████▌               | 494/863 [00:03<00:02, 164.93it/s]
Training (loss=2.6468):  57%|████████████████████▌               | 494/863 [00:03<00:02, 164.93it/s]
Training (loss=2.9025):  57%|████████████████████▌               | 494/863 [00:03<00:02, 164.93it/s]
Training (loss=2.6282):  57%|████████████████████▌               | 494/863 [00:03<00:02, 164.93it/s]
Training (loss=2.8144):  57%|████████████████████▌               | 494/863 [00:03<00:02, 164.93it/s]
Training (loss=2.7359):  57%|████████████████████▌               | 494/863 [00:03<00:02, 164.93it/s]
Training (loss=2.5535):  57%|████████████████████▌               | 494/863 [00:03<00:02, 164.93it/s]
Training (loss=2.6351):  57%|████████████████████▌               | 494/863 [00:03<00:02, 164.93it/s]
Training (loss=2.6005):  57%|████████████████████▌               | 494/863 [00:03<00:02, 164.93it/s]
Training (loss=2.6005):  59%|█████████████████████▎              | 511/863 [00:03<00:02, 160.17it/s]
Training (loss=2.7093):  59%|█████████████████████▎              | 511/863 [00:03<00:02, 160.17it/s]
Training (loss=2.8984):  59%|█████████████████████▎              | 511/863 [00:03<00:02, 160.17it/s]
Training (loss=2.7698):  59%|█████████████████████▎              | 511/863 [00:03<00:02, 160.17it/s]
Training (loss=2.9761):  59%|█████████████████████▎              | 511/863 [00:03<00:02, 160.17it/s]
Training (loss=2.7470):  59%|█████████████████████▎              | 511/863 [00:03<00:02, 160.17it/s]
Training (loss=2.6548):  59%|█████████████████████▎              | 511/863 [00:03<00:02, 160.17it/s]
Training (loss=2.8527):  59%|█████████████████████▎              | 511/863 [00:03<00:02, 160.17it/s]
Training (loss=2.7849):  59%|█████████████████████▎              | 511/863 [00:03<00:02, 160.17it/s]
Training (loss=2.5047):  59%|█████████████████████▎              | 511/863 [00:03<00:02, 160.17it/s]
Training (loss=2.7284):  59%|█████████████████████▎              | 511/863 [00:03<00:02, 160.17it/s]
Training (loss=2.6264):  59%|█████████████████████▎              | 511/863 [00:03<00:02, 160.17it/s]
Training (loss=2.8029):  59%|█████████████████████▎              | 511/863 [00:03<00:02, 160.17it/s]
Training (loss=2.7275):  59%|█████████████████████▎              | 511/863 [00:03<00:02, 160.17it/s]
Training (loss=2.3292):  59%|█████████████████████▎              | 511/863 [00:03<00:02, 160.17it/s]
Training (loss=2.9318):  59%|█████████████████████▎              | 511/863 [00:03<00:02, 160.17it/s]
Training (loss=2.7570):  59%|█████████████████████▎              | 511/863 [00:03<00:02, 160.17it/s]
Training (loss=2.7590):  59%|█████████████████████▎              | 511/863 [00:03<00:02, 160.17it/s]
Training (loss=2.7590):  61%|██████████████████████              | 528/863 [00:03<00:02, 153.94it/s]
Training (loss=2.7983):  61%|██████████████████████              | 528/863 [00:03<00:02, 153.94it/s]
Training (loss=2.5418):  61%|██████████████████████              | 528/863 [00:03<00:02, 153.94it/s]
Training (loss=2.6087):  61%|██████████████████████              | 528/863 [00:03<00:02, 153.94it/s]
Training (loss=2.5908):  61%|██████████████████████              | 528/863 [00:03<00:02, 153.94it/s]
Training (loss=2.5845):  61%|██████████████████████              | 528/863 [00:03<00:02, 153.94it/s]
Training (loss=2.5159):  61%|██████████████████████              | 528/863 [00:03<00:02, 153.94it/s]
Training (loss=2.6722):  61%|██████████████████████              | 528/863 [00:03<00:02, 153.94it/s]
Training (loss=2.5444):  61%|██████████████████████              | 528/863 [00:03<00:02, 153.94it/s]
Training (loss=2.6797):  61%|██████████████████████              | 528/863 [00:03<00:02, 153.94it/s]
Training (loss=2.5408):  61%|██████████████████████              | 528/863 [00:03<00:02, 153.94it/s]
Training (loss=2.5900):  61%|██████████████████████              | 528/863 [00:03<00:02, 153.94it/s]
Training (loss=2.7934):  61%|██████████████████████              | 528/863 [00:03<00:02, 153.94it/s]
Training (loss=2.7187):  61%|██████████████████████              | 528/863 [00:03<00:02, 153.94it/s]
Training (loss=2.5904):  61%|██████████████████████              | 528/863 [00:03<00:02, 153.94it/s]
Training (loss=2.2960):  61%|██████████████████████              | 528/863 [00:03<00:02, 153.94it/s]
Training (loss=2.8028):  61%|██████████████████████              | 528/863 [00:03<00:02, 153.94it/s]
Training (loss=2.8285):  61%|██████████████████████              | 528/863 [00:03<00:02, 153.94it/s]
Training (loss=2.8285):  63%|██████████████████████▋             | 545/863 [00:03<00:02, 157.93it/s]
Training (loss=2.8841):  63%|██████████████████████▋             | 545/863 [00:03<00:02, 157.93it/s]
Training (loss=2.6275):  63%|██████████████████████▋             | 545/863 [00:03<00:02, 157.93it/s]
Training (loss=2.7198):  63%|██████████████████████▋             | 545/863 [00:03<00:02, 157.93it/s]
Training (loss=2.6257):  63%|██████████████████████▋             | 545/863 [00:03<00:02, 157.93it/s]
Training (loss=2.6844):  63%|██████████████████████▋             | 545/863 [00:03<00:02, 157.93it/s]
Training (loss=2.6639):  63%|██████████████████████▋             | 545/863 [00:03<00:02, 157.93it/s]
Training (loss=2.5739):  63%|██████████████████████▋             | 545/863 [00:03<00:02, 157.93it/s]
Training (loss=2.5127):  63%|██████████████████████▋             | 545/863 [00:03<00:02, 157.93it/s]
Training (loss=2.6042):  63%|██████████████████████▋             | 545/863 [00:03<00:02, 157.93it/s]
Training (loss=2.7087):  63%|██████████████████████▋             | 545/863 [00:03<00:02, 157.93it/s]
Training (loss=2.7250):  63%|██████████████████████▋             | 545/863 [00:03<00:02, 157.93it/s]
Training (loss=2.8283):  63%|██████████████████████▋             | 545/863 [00:03<00:02, 157.93it/s]
Training (loss=2.8250):  63%|██████████████████████▋             | 545/863 [00:03<00:02, 157.93it/s]
Training (loss=2.5418):  63%|██████████████████████▋             | 545/863 [00:03<00:02, 157.93it/s]
Training (loss=2.4901):  63%|██████████████████████▋             | 545/863 [00:03<00:02, 157.93it/s]
Training (loss=2.5958):  63%|██████████████████████▋             | 545/863 [00:03<00:02, 157.93it/s]
Training (loss=2.5958):  65%|████████████████████████             | 561/863 [00:03<00:03, 94.05it/s]
Training (loss=2.7083):  65%|████████████████████████             | 561/863 [00:03<00:03, 94.05it/s]
Training (loss=2.5797):  65%|████████████████████████             | 561/863 [00:03<00:03, 94.05it/s]
Training (loss=2.7964):  65%|████████████████████████             | 561/863 [00:03<00:03, 94.05it/s]
Training (loss=2.4585):  65%|████████████████████████             | 561/863 [00:03<00:03, 94.05it/s]
Training (loss=2.4443):  65%|████████████████████████             | 561/863 [00:03<00:03, 94.05it/s]
Training (loss=2.5668):  65%|████████████████████████             | 561/863 [00:03<00:03, 94.05it/s]
Training (loss=2.7799):  65%|████████████████████████             | 561/863 [00:03<00:03, 94.05it/s]
Training (loss=2.7151):  65%|████████████████████████             | 561/863 [00:03<00:03, 94.05it/s]
Training (loss=2.8513):  65%|████████████████████████             | 561/863 [00:03<00:03, 94.05it/s]
Training (loss=2.8011):  65%|████████████████████████             | 561/863 [00:03<00:03, 94.05it/s]
Training (loss=2.7744):  65%|████████████████████████             | 561/863 [00:03<00:03, 94.05it/s]
Training (loss=2.6298):  65%|████████████████████████             | 561/863 [00:03<00:03, 94.05it/s]
Training (loss=2.6856):  65%|████████████████████████             | 561/863 [00:03<00:03, 94.05it/s]
Training (loss=2.7634):  65%|████████████████████████             | 561/863 [00:03<00:03, 94.05it/s]
Training (loss=2.4911):  65%|████████████████████████             | 561/863 [00:03<00:03, 94.05it/s]
Training (loss=2.6821):  65%|████████████████████████             | 561/863 [00:03<00:03, 94.05it/s]
Training (loss=2.6821):  67%|████████████████████████            | 577/863 [00:03<00:02, 106.13it/s]
Training (loss=2.6886):  67%|████████████████████████            | 577/863 [00:03<00:02, 106.13it/s]
Training (loss=2.7396):  67%|████████████████████████            | 577/863 [00:03<00:02, 106.13it/s]
Training (loss=2.5248):  67%|████████████████████████            | 577/863 [00:03<00:02, 106.13it/s]
Training (loss=2.8042):  67%|████████████████████████            | 577/863 [00:03<00:02, 106.13it/s]
Training (loss=2.4929):  67%|████████████████████████            | 577/863 [00:03<00:02, 106.13it/s]
Training (loss=2.3438):  67%|████████████████████████            | 577/863 [00:03<00:02, 106.13it/s]
Training (loss=2.6110):  67%|████████████████████████            | 577/863 [00:03<00:02, 106.13it/s]
Training (loss=2.6421):  67%|████████████████████████            | 577/863 [00:03<00:02, 106.13it/s]
Training (loss=2.7338):  67%|████████████████████████            | 577/863 [00:03<00:02, 106.13it/s]
Training (loss=2.8185):  67%|████████████████████████            | 577/863 [00:03<00:02, 106.13it/s]
Training (loss=2.6197):  67%|████████████████████████            | 577/863 [00:03<00:02, 106.13it/s]
Training (loss=2.6702):  67%|████████████████████████            | 577/863 [00:03<00:02, 106.13it/s]
Training (loss=2.6817):  67%|████████████████████████            | 577/863 [00:04<00:02, 106.13it/s]
Training (loss=2.6278):  67%|████████████████████████            | 577/863 [00:04<00:02, 106.13it/s]
Training (loss=2.5724):  67%|████████████████████████            | 577/863 [00:04<00:02, 106.13it/s]
Training (loss=2.3640):  67%|████████████████████████            | 577/863 [00:04<00:02, 106.13it/s]
Training (loss=2.3640):  69%|████████████████████████▋           | 593/863 [00:04<00:02, 116.62it/s]
Training (loss=2.4387):  69%|████████████████████████▋           | 593/863 [00:04<00:02, 116.62it/s]
Training (loss=2.4763):  69%|████████████████████████▋           | 593/863 [00:04<00:02, 116.62it/s]
Training (loss=2.6837):  69%|████████████████████████▋           | 593/863 [00:04<00:02, 116.62it/s]
Training (loss=2.6832):  69%|████████████████████████▋           | 593/863 [00:04<00:02, 116.62it/s]
Training (loss=2.6608):  69%|████████████████████████▋           | 593/863 [00:04<00:02, 116.62it/s]
Training (loss=2.5165):  69%|████████████████████████▋           | 593/863 [00:04<00:02, 116.62it/s]
Training (loss=2.8663):  69%|████████████████████████▋           | 593/863 [00:04<00:02, 116.62it/s]
Training (loss=2.3788):  69%|████████████████████████▋           | 593/863 [00:04<00:02, 116.62it/s]
Training (loss=2.5619):  69%|████████████████████████▋           | 593/863 [00:04<00:02, 116.62it/s]
Training (loss=2.6958):  69%|████████████████████████▋           | 593/863 [00:04<00:02, 116.62it/s]
Training (loss=2.5529):  69%|████████████████████████▋           | 593/863 [00:04<00:02, 116.62it/s]
Training (loss=2.4766):  69%|████████████████████████▋           | 593/863 [00:04<00:02, 116.62it/s]
Training (loss=2.6847):  69%|████████████████████████▋           | 593/863 [00:04<00:02, 116.62it/s]
Training (loss=2.5031):  69%|████████████████████████▋           | 593/863 [00:04<00:02, 116.62it/s]
Training (loss=2.6984):  69%|████████████████████████▋           | 593/863 [00:04<00:02, 116.62it/s]
Training (loss=2.7449):  69%|████████████████████████▋           | 593/863 [00:04<00:02, 116.62it/s]
Training (loss=2.7449):  71%|█████████████████████████▍          | 609/863 [00:04<00:02, 126.18it/s]
Training (loss=2.5486):  71%|█████████████████████████▍          | 609/863 [00:04<00:02, 126.18it/s]
Training (loss=2.7386):  71%|█████████████████████████▍          | 609/863 [00:04<00:02, 126.18it/s]
Training (loss=2.6033):  71%|█████████████████████████▍          | 609/863 [00:04<00:02, 126.18it/s]
Training (loss=2.5172):  71%|█████████████████████████▍          | 609/863 [00:04<00:02, 126.18it/s]
Training (loss=2.6118):  71%|█████████████████████████▍          | 609/863 [00:04<00:02, 126.18it/s]
Training (loss=2.6014):  71%|█████████████████████████▍          | 609/863 [00:04<00:02, 126.18it/s]
Training (loss=2.7749):  71%|█████████████████████████▍          | 609/863 [00:04<00:02, 126.18it/s]
Training (loss=2.7158):  71%|█████████████████████████▍          | 609/863 [00:04<00:02, 126.18it/s]
Training (loss=2.8204):  71%|█████████████████████████▍          | 609/863 [00:04<00:02, 126.18it/s]
Training (loss=2.8145):  71%|█████████████████████████▍          | 609/863 [00:04<00:02, 126.18it/s]
Training (loss=2.4947):  71%|█████████████████████████▍          | 609/863 [00:04<00:02, 126.18it/s]
Training (loss=2.6993):  71%|█████████████████████████▍          | 609/863 [00:04<00:02, 126.18it/s]
Training (loss=2.8963):  71%|█████████████████████████▍          | 609/863 [00:04<00:02, 126.18it/s]
Training (loss=2.6414):  71%|█████████████████████████▍          | 609/863 [00:04<00:02, 126.18it/s]
Training (loss=2.3230):  71%|█████████████████████████▍          | 609/863 [00:04<00:02, 126.18it/s]
Training (loss=2.3230):  72%|██████████████████████████          | 624/863 [00:04<00:01, 125.19it/s]
Training (loss=2.7069):  72%|██████████████████████████          | 624/863 [00:04<00:01, 125.19it/s]
Training (loss=2.5591):  72%|██████████████████████████          | 624/863 [00:04<00:01, 125.19it/s]
Training (loss=2.7083):  72%|██████████████████████████          | 624/863 [00:04<00:01, 125.19it/s]
Training (loss=2.5873):  72%|██████████████████████████          | 624/863 [00:04<00:01, 125.19it/s]
Training (loss=2.3892):  72%|██████████████████████████          | 624/863 [00:04<00:01, 125.19it/s]
Training (loss=2.6451):  72%|██████████████████████████          | 624/863 [00:04<00:01, 125.19it/s]
Training (loss=2.5927):  72%|██████████████████████████          | 624/863 [00:04<00:01, 125.19it/s]
Training (loss=2.6694):  72%|██████████████████████████          | 624/863 [00:04<00:01, 125.19it/s]
Training (loss=2.6307):  72%|██████████████████████████          | 624/863 [00:04<00:01, 125.19it/s]
Training (loss=2.6029):  72%|██████████████████████████          | 624/863 [00:04<00:01, 125.19it/s]
Training (loss=2.6913):  72%|██████████████████████████          | 624/863 [00:04<00:01, 125.19it/s]
Training (loss=2.6828):  72%|██████████████████████████          | 624/863 [00:04<00:01, 125.19it/s]
Training (loss=2.5822):  72%|██████████████████████████          | 624/863 [00:04<00:01, 125.19it/s]
Training (loss=2.6389):  72%|██████████████████████████          | 624/863 [00:04<00:01, 125.19it/s]
Training (loss=2.7161):  72%|██████████████████████████          | 624/863 [00:04<00:01, 125.19it/s]
Training (loss=2.6850):  72%|██████████████████████████          | 624/863 [00:04<00:01, 125.19it/s]
Training (loss=2.7513):  72%|██████████████████████████          | 624/863 [00:04<00:01, 125.19it/s]
Training (loss=2.7513):  74%|██████████████████████████▋         | 641/863 [00:04<00:01, 136.11it/s]
Training (loss=2.8605):  74%|██████████████████████████▋         | 641/863 [00:04<00:01, 136.11it/s]
Training (loss=2.8425):  74%|██████████████████████████▋         | 641/863 [00:04<00:01, 136.11it/s]
Training (loss=2.7405):  74%|██████████████████████████▋         | 641/863 [00:04<00:01, 136.11it/s]
Training (loss=2.5868):  74%|██████████████████████████▋         | 641/863 [00:04<00:01, 136.11it/s]
Training (loss=2.4154):  74%|██████████████████████████▋         | 641/863 [00:04<00:01, 136.11it/s]
Training (loss=2.5781):  74%|██████████████████████████▋         | 641/863 [00:04<00:01, 136.11it/s]
Training (loss=2.7015):  74%|██████████████████████████▋         | 641/863 [00:04<00:01, 136.11it/s]
Training (loss=2.4956):  74%|██████████████████████████▋         | 641/863 [00:04<00:01, 136.11it/s]
Training (loss=2.4837):  74%|██████████████████████████▋         | 641/863 [00:04<00:01, 136.11it/s]
Training (loss=2.5238):  74%|██████████████████████████▋         | 641/863 [00:04<00:01, 136.11it/s]
Training (loss=2.5416):  74%|██████████████████████████▋         | 641/863 [00:04<00:01, 136.11it/s]
Training (loss=2.7805):  74%|██████████████████████████▋         | 641/863 [00:04<00:01, 136.11it/s]
Training (loss=2.7272):  74%|██████████████████████████▋         | 641/863 [00:04<00:01, 136.11it/s]
Training (loss=2.8631):  74%|██████████████████████████▋         | 641/863 [00:04<00:01, 136.11it/s]
Training (loss=2.7140):  74%|██████████████████████████▋         | 641/863 [00:04<00:01, 136.11it/s]
Training (loss=2.5363):  74%|██████████████████████████▋         | 641/863 [00:04<00:01, 136.11it/s]
Training (loss=2.6567):  74%|██████████████████████████▋         | 641/863 [00:04<00:01, 136.11it/s]
Training (loss=2.7493):  74%|██████████████████████████▋         | 641/863 [00:04<00:01, 136.11it/s]
Training (loss=2.7493):  76%|███████████████████████████▍        | 659/863 [00:04<00:01, 146.81it/s]
Training (loss=2.6614):  76%|███████████████████████████▍        | 659/863 [00:04<00:01, 146.81it/s]
Training (loss=2.7530):  76%|███████████████████████████▍        | 659/863 [00:04<00:01, 146.81it/s]
Training (loss=2.5761):  76%|███████████████████████████▍        | 659/863 [00:04<00:01, 146.81it/s]
Training (loss=2.5700):  76%|███████████████████████████▍        | 659/863 [00:04<00:01, 146.81it/s]
Training (loss=2.5451):  76%|███████████████████████████▍        | 659/863 [00:04<00:01, 146.81it/s]
Training (loss=2.5288):  76%|███████████████████████████▍        | 659/863 [00:04<00:01, 146.81it/s]
Training (loss=2.7238):  76%|███████████████████████████▍        | 659/863 [00:04<00:01, 146.81it/s]
Training (loss=2.6830):  76%|███████████████████████████▍        | 659/863 [00:04<00:01, 146.81it/s]
Training (loss=2.4881):  76%|███████████████████████████▍        | 659/863 [00:04<00:01, 146.81it/s]
Training (loss=2.4583):  76%|███████████████████████████▍        | 659/863 [00:04<00:01, 146.81it/s]
Training (loss=2.7131):  76%|███████████████████████████▍        | 659/863 [00:04<00:01, 146.81it/s]
Training (loss=2.6052):  76%|███████████████████████████▍        | 659/863 [00:04<00:01, 146.81it/s]
Training (loss=2.4641):  76%|███████████████████████████▍        | 659/863 [00:04<00:01, 146.81it/s]
Training (loss=2.8443):  76%|███████████████████████████▍        | 659/863 [00:04<00:01, 146.81it/s]
Training (loss=2.5768):  76%|███████████████████████████▍        | 659/863 [00:04<00:01, 146.81it/s]
Training (loss=2.6312):  76%|███████████████████████████▍        | 659/863 [00:04<00:01, 146.81it/s]
Training (loss=2.5086):  76%|███████████████████████████▍        | 659/863 [00:04<00:01, 146.81it/s]
Training (loss=2.6749):  76%|███████████████████████████▍        | 659/863 [00:04<00:01, 146.81it/s]
Training (loss=2.6749):  78%|████████████████████████████▏       | 677/863 [00:04<00:01, 154.24it/s]
Training (loss=2.8257):  78%|████████████████████████████▏       | 677/863 [00:04<00:01, 154.24it/s]
Training (loss=2.5292):  78%|████████████████████████████▏       | 677/863 [00:04<00:01, 154.24it/s]
Training (loss=2.8976):  78%|████████████████████████████▏       | 677/863 [00:04<00:01, 154.24it/s]
Training (loss=2.4249):  78%|████████████████████████████▏       | 677/863 [00:04<00:01, 154.24it/s]
Training (loss=2.7264):  78%|████████████████████████████▏       | 677/863 [00:04<00:01, 154.24it/s]
Training (loss=2.6128):  78%|████████████████████████████▏       | 677/863 [00:04<00:01, 154.24it/s]
Training (loss=2.4239):  78%|████████████████████████████▏       | 677/863 [00:04<00:01, 154.24it/s]
Training (loss=2.7521):  78%|████████████████████████████▏       | 677/863 [00:04<00:01, 154.24it/s]
Training (loss=2.4910):  78%|████████████████████████████▏       | 677/863 [00:04<00:01, 154.24it/s]
Training (loss=2.8243):  78%|████████████████████████████▏       | 677/863 [00:04<00:01, 154.24it/s]
Training (loss=2.7169):  78%|████████████████████████████▏       | 677/863 [00:04<00:01, 154.24it/s]
Training (loss=2.6554):  78%|████████████████████████████▏       | 677/863 [00:04<00:01, 154.24it/s]
Training (loss=2.5152):  78%|████████████████████████████▏       | 677/863 [00:04<00:01, 154.24it/s]
Training (loss=2.6810):  78%|████████████████████████████▏       | 677/863 [00:04<00:01, 154.24it/s]
Training (loss=2.4591):  78%|████████████████████████████▏       | 677/863 [00:04<00:01, 154.24it/s]
Training (loss=2.6768):  78%|████████████████████████████▏       | 677/863 [00:04<00:01, 154.24it/s]
Training (loss=2.6790):  78%|████████████████████████████▏       | 677/863 [00:04<00:01, 154.24it/s]
Training (loss=2.5974):  78%|████████████████████████████▏       | 677/863 [00:04<00:01, 154.24it/s]
Training (loss=2.5974):  81%|████████████████████████████▉       | 695/863 [00:04<00:01, 159.51it/s]
Training (loss=2.7608):  81%|████████████████████████████▉       | 695/863 [00:04<00:01, 159.51it/s]
Training (loss=2.5633):  81%|████████████████████████████▉       | 695/863 [00:04<00:01, 159.51it/s]
Training (loss=2.8596):  81%|████████████████████████████▉       | 695/863 [00:04<00:01, 159.51it/s]
Training (loss=2.9677):  81%|████████████████████████████▉       | 695/863 [00:04<00:01, 159.51it/s]
Training (loss=2.5346):  81%|████████████████████████████▉       | 695/863 [00:04<00:01, 159.51it/s]
Training (loss=2.7854):  81%|████████████████████████████▉       | 695/863 [00:04<00:01, 159.51it/s]
Training (loss=2.4882):  81%|████████████████████████████▉       | 695/863 [00:04<00:01, 159.51it/s]
Training (loss=2.6799):  81%|████████████████████████████▉       | 695/863 [00:04<00:01, 159.51it/s]
Training (loss=2.5412):  81%|████████████████████████████▉       | 695/863 [00:04<00:01, 159.51it/s]
Training (loss=2.7307):  81%|████████████████████████████▉       | 695/863 [00:04<00:01, 159.51it/s]
Training (loss=2.5719):  81%|████████████████████████████▉       | 695/863 [00:04<00:01, 159.51it/s]
Training (loss=2.7445):  81%|████████████████████████████▉       | 695/863 [00:04<00:01, 159.51it/s]
Training (loss=2.6776):  81%|████████████████████████████▉       | 695/863 [00:04<00:01, 159.51it/s]
Training (loss=2.4443):  81%|████████████████████████████▉       | 695/863 [00:04<00:01, 159.51it/s]
Training (loss=2.4180):  81%|████████████████████████████▉       | 695/863 [00:04<00:01, 159.51it/s]
Training (loss=2.7598):  81%|████████████████████████████▉       | 695/863 [00:04<00:01, 159.51it/s]
Training (loss=2.4921):  81%|████████████████████████████▉       | 695/863 [00:04<00:01, 159.51it/s]
Training (loss=2.5723):  81%|████████████████████████████▉       | 695/863 [00:04<00:01, 159.51it/s]
Training (loss=2.6365):  81%|████████████████████████████▉       | 695/863 [00:04<00:01, 159.51it/s]
Training (loss=2.6365):  83%|█████████████████████████████▊      | 714/863 [00:04<00:00, 165.88it/s]
Training (loss=2.5942):  83%|█████████████████████████████▊      | 714/863 [00:04<00:00, 165.88it/s]
Training (loss=2.8147):  83%|█████████████████████████████▊      | 714/863 [00:04<00:00, 165.88it/s]
Training (loss=2.6720):  83%|█████████████████████████████▊      | 714/863 [00:04<00:00, 165.88it/s]
Training (loss=2.6050):  83%|█████████████████████████████▊      | 714/863 [00:04<00:00, 165.88it/s]
Training (loss=2.6021):  83%|█████████████████████████████▊      | 714/863 [00:04<00:00, 165.88it/s]
Training (loss=2.8144):  83%|█████████████████████████████▊      | 714/863 [00:04<00:00, 165.88it/s]
Training (loss=2.9111):  83%|█████████████████████████████▊      | 714/863 [00:04<00:00, 165.88it/s]
Training (loss=2.5951):  83%|█████████████████████████████▊      | 714/863 [00:04<00:00, 165.88it/s]
Training (loss=2.6053):  83%|█████████████████████████████▊      | 714/863 [00:04<00:00, 165.88it/s]
Training (loss=2.6411):  83%|█████████████████████████████▊      | 714/863 [00:04<00:00, 165.88it/s]
Training (loss=2.6136):  83%|█████████████████████████████▊      | 714/863 [00:04<00:00, 165.88it/s]
Training (loss=2.7423):  83%|█████████████████████████████▊      | 714/863 [00:04<00:00, 165.88it/s]
Training (loss=2.5288):  83%|█████████████████████████████▊      | 714/863 [00:04<00:00, 165.88it/s]
Training (loss=2.5885):  83%|█████████████████████████████▊      | 714/863 [00:04<00:00, 165.88it/s]
Training (loss=2.6138):  83%|█████████████████████████████▊      | 714/863 [00:04<00:00, 165.88it/s]
Training (loss=2.6319):  83%|█████████████████████████████▊      | 714/863 [00:04<00:00, 165.88it/s]
Training (loss=2.6860):  83%|█████████████████████████████▊      | 714/863 [00:04<00:00, 165.88it/s]
Training (loss=2.5771):  83%|█████████████████████████████▊      | 714/863 [00:04<00:00, 165.88it/s]
Training (loss=2.5771):  85%|██████████████████████████████▌     | 732/863 [00:04<00:00, 168.47it/s]
Training (loss=2.4874):  85%|██████████████████████████████▌     | 732/863 [00:04<00:00, 168.47it/s]
Training (loss=2.5142):  85%|██████████████████████████████▌     | 732/863 [00:04<00:00, 168.47it/s]
Training (loss=2.4930):  85%|██████████████████████████████▌     | 732/863 [00:04<00:00, 168.47it/s]
Training (loss=2.5212):  85%|██████████████████████████████▌     | 732/863 [00:04<00:00, 168.47it/s]
Training (loss=2.7168):  85%|██████████████████████████████▌     | 732/863 [00:04<00:00, 168.47it/s]
Training (loss=2.7456):  85%|██████████████████████████████▌     | 732/863 [00:04<00:00, 168.47it/s]
Training (loss=2.5349):  85%|██████████████████████████████▌     | 732/863 [00:04<00:00, 168.47it/s]
Training (loss=2.5287):  85%|██████████████████████████████▌     | 732/863 [00:04<00:00, 168.47it/s]
Training (loss=2.7352):  85%|██████████████████████████████▌     | 732/863 [00:04<00:00, 168.47it/s]
Training (loss=2.5972):  85%|██████████████████████████████▌     | 732/863 [00:04<00:00, 168.47it/s]
Training (loss=2.6644):  85%|██████████████████████████████▌     | 732/863 [00:04<00:00, 168.47it/s]
Training (loss=2.5515):  85%|██████████████████████████████▌     | 732/863 [00:04<00:00, 168.47it/s]
Training (loss=2.6955):  85%|██████████████████████████████▌     | 732/863 [00:04<00:00, 168.47it/s]
Training (loss=2.4459):  85%|██████████████████████████████▌     | 732/863 [00:04<00:00, 168.47it/s]
Training (loss=2.6302):  85%|██████████████████████████████▌     | 732/863 [00:04<00:00, 168.47it/s]
Training (loss=2.6182):  85%|██████████████████████████████▌     | 732/863 [00:04<00:00, 168.47it/s]
Training (loss=2.6023):  85%|██████████████████████████████▌     | 732/863 [00:04<00:00, 168.47it/s]
Training (loss=2.5090):  85%|██████████████████████████████▌     | 732/863 [00:04<00:00, 168.47it/s]
Training (loss=2.5090):  87%|███████████████████████████████▎    | 750/863 [00:04<00:00, 168.66it/s]
Training (loss=2.4748):  87%|███████████████████████████████▎    | 750/863 [00:04<00:00, 168.66it/s]
Training (loss=2.6436):  87%|███████████████████████████████▎    | 750/863 [00:04<00:00, 168.66it/s]
Training (loss=2.6368):  87%|███████████████████████████████▎    | 750/863 [00:04<00:00, 168.66it/s]
Training (loss=2.8748):  87%|███████████████████████████████▎    | 750/863 [00:04<00:00, 168.66it/s]
Training (loss=2.6360):  87%|███████████████████████████████▎    | 750/863 [00:05<00:00, 168.66it/s]
Training (loss=2.6874):  87%|███████████████████████████████▎    | 750/863 [00:05<00:00, 168.66it/s]
Training (loss=2.7177):  87%|███████████████████████████████▎    | 750/863 [00:05<00:00, 168.66it/s]
Training (loss=2.5683):  87%|███████████████████████████████▎    | 750/863 [00:05<00:00, 168.66it/s]
Training (loss=2.7173):  87%|███████████████████████████████▎    | 750/863 [00:05<00:00, 168.66it/s]
Training (loss=2.6923):  87%|███████████████████████████████▎    | 750/863 [00:05<00:00, 168.66it/s]
Training (loss=2.6454):  87%|███████████████████████████████▎    | 750/863 [00:05<00:00, 168.66it/s]
Training (loss=2.5919):  87%|███████████████████████████████▎    | 750/863 [00:05<00:00, 168.66it/s]
Training (loss=2.5187):  87%|███████████████████████████████▎    | 750/863 [00:05<00:00, 168.66it/s]
Training (loss=2.6973):  87%|███████████████████████████████▎    | 750/863 [00:05<00:00, 168.66it/s]
Training (loss=2.5830):  87%|███████████████████████████████▎    | 750/863 [00:05<00:00, 168.66it/s]
Training (loss=2.6053):  87%|███████████████████████████████▎    | 750/863 [00:05<00:00, 168.66it/s]
Training (loss=2.6610):  87%|███████████████████████████████▎    | 750/863 [00:05<00:00, 168.66it/s]
Training (loss=2.5504):  87%|███████████████████████████████▎    | 750/863 [00:05<00:00, 168.66it/s]
Training (loss=2.5504):  89%|████████████████████████████████    | 768/863 [00:05<00:00, 171.38it/s]
Training (loss=2.5316):  89%|████████████████████████████████    | 768/863 [00:05<00:00, 171.38it/s]
Training (loss=2.5267):  89%|████████████████████████████████    | 768/863 [00:05<00:00, 171.38it/s]
Training (loss=2.7859):  89%|████████████████████████████████    | 768/863 [00:05<00:00, 171.38it/s]
Training (loss=2.6785):  89%|████████████████████████████████    | 768/863 [00:05<00:00, 171.38it/s]
Training (loss=2.5940):  89%|████████████████████████████████    | 768/863 [00:05<00:00, 171.38it/s]
Training (loss=2.6343):  89%|████████████████████████████████    | 768/863 [00:05<00:00, 171.38it/s]
Training (loss=2.4363):  89%|████████████████████████████████    | 768/863 [00:05<00:00, 171.38it/s]
Training (loss=2.4269):  89%|████████████████████████████████    | 768/863 [00:05<00:00, 171.38it/s]
Training (loss=2.8158):  89%|████████████████████████████████    | 768/863 [00:05<00:00, 171.38it/s]
Training (loss=2.6188):  89%|████████████████████████████████    | 768/863 [00:05<00:00, 171.38it/s]
Training (loss=2.5575):  89%|████████████████████████████████    | 768/863 [00:05<00:00, 171.38it/s]
Training (loss=2.4027):  89%|████████████████████████████████    | 768/863 [00:05<00:00, 171.38it/s]
Training (loss=2.5198):  89%|████████████████████████████████    | 768/863 [00:05<00:00, 171.38it/s]
Training (loss=2.5284):  89%|████████████████████████████████    | 768/863 [00:05<00:00, 171.38it/s]
Training (loss=2.8433):  89%|████████████████████████████████    | 768/863 [00:05<00:00, 171.38it/s]
Training (loss=2.5617):  89%|████████████████████████████████    | 768/863 [00:05<00:00, 171.38it/s]
Training (loss=2.4191):  89%|████████████████████████████████    | 768/863 [00:05<00:00, 171.38it/s]
Training (loss=2.5935):  89%|████████████████████████████████    | 768/863 [00:05<00:00, 171.38it/s]
Training (loss=2.5942):  89%|████████████████████████████████    | 768/863 [00:05<00:00, 171.38it/s]
Training (loss=2.5942):  91%|████████████████████████████████▊   | 787/863 [00:05<00:00, 174.90it/s]
Training (loss=2.7134):  91%|████████████████████████████████▊   | 787/863 [00:05<00:00, 174.90it/s]
Training (loss=2.5454):  91%|████████████████████████████████▊   | 787/863 [00:05<00:00, 174.90it/s]
Training (loss=2.7050):  91%|████████████████████████████████▊   | 787/863 [00:05<00:00, 174.90it/s]
Training (loss=2.9196):  91%|████████████████████████████████▊   | 787/863 [00:05<00:00, 174.90it/s]
Training (loss=2.6592):  91%|████████████████████████████████▊   | 787/863 [00:05<00:00, 174.90it/s]
Training (loss=2.7775):  91%|████████████████████████████████▊   | 787/863 [00:05<00:00, 174.90it/s]
Training (loss=2.8091):  91%|████████████████████████████████▊   | 787/863 [00:05<00:00, 174.90it/s]
Training (loss=2.6851):  91%|████████████████████████████████▊   | 787/863 [00:05<00:00, 174.90it/s]
Training (loss=2.6586):  91%|████████████████████████████████▊   | 787/863 [00:05<00:00, 174.90it/s]
Training (loss=2.6097):  91%|████████████████████████████████▊   | 787/863 [00:05<00:00, 174.90it/s]
Training (loss=2.7633):  91%|████████████████████████████████▊   | 787/863 [00:05<00:00, 174.90it/s]
Training (loss=2.5795):  91%|████████████████████████████████▊   | 787/863 [00:05<00:00, 174.90it/s]
Training (loss=2.5043):  91%|████████████████████████████████▊   | 787/863 [00:05<00:00, 174.90it/s]
Training (loss=2.5499):  91%|████████████████████████████████▊   | 787/863 [00:05<00:00, 174.90it/s]
Training (loss=2.7082):  91%|████████████████████████████████▊   | 787/863 [00:05<00:00, 174.90it/s]
Training (loss=2.5938):  91%|████████████████████████████████▊   | 787/863 [00:05<00:00, 174.90it/s]
Training (loss=2.4344):  91%|████████████████████████████████▊   | 787/863 [00:05<00:00, 174.90it/s]
Training (loss=2.8625):  91%|████████████████████████████████▊   | 787/863 [00:05<00:00, 174.90it/s]
Training (loss=2.8625):  93%|█████████████████████████████████▌  | 805/863 [00:05<00:00, 169.41it/s]
Training (loss=2.7012):  93%|█████████████████████████████████▌  | 805/863 [00:05<00:00, 169.41it/s]
Training (loss=2.4184):  93%|█████████████████████████████████▌  | 805/863 [00:05<00:00, 169.41it/s]
Training (loss=2.6286):  93%|█████████████████████████████████▌  | 805/863 [00:05<00:00, 169.41it/s]
Training (loss=2.6611):  93%|█████████████████████████████████▌  | 805/863 [00:05<00:00, 169.41it/s]
Training (loss=2.5807):  93%|█████████████████████████████████▌  | 805/863 [00:05<00:00, 169.41it/s]
Training (loss=2.4116):  93%|█████████████████████████████████▌  | 805/863 [00:05<00:00, 169.41it/s]
Training (loss=2.4083):  93%|█████████████████████████████████▌  | 805/863 [00:05<00:00, 169.41it/s]
Training (loss=2.7823):  93%|█████████████████████████████████▌  | 805/863 [00:05<00:00, 169.41it/s]
Training (loss=2.5245):  93%|█████████████████████████████████▌  | 805/863 [00:05<00:00, 169.41it/s]
Training (loss=2.6314):  93%|█████████████████████████████████▌  | 805/863 [00:05<00:00, 169.41it/s]
Training (loss=2.5454):  93%|█████████████████████████████████▌  | 805/863 [00:05<00:00, 169.41it/s]
Training (loss=2.6223):  93%|█████████████████████████████████▌  | 805/863 [00:05<00:00, 169.41it/s]
Training (loss=2.5413):  93%|█████████████████████████████████▌  | 805/863 [00:05<00:00, 169.41it/s]
Training (loss=2.8896):  93%|█████████████████████████████████▌  | 805/863 [00:05<00:00, 169.41it/s]
Training (loss=2.9296):  93%|█████████████████████████████████▌  | 805/863 [00:05<00:00, 169.41it/s]
Training (loss=2.7750):  93%|█████████████████████████████████▌  | 805/863 [00:05<00:00, 169.41it/s]
Training (loss=2.8455):  93%|█████████████████████████████████▌  | 805/863 [00:05<00:00, 169.41it/s]
Training (loss=2.7967):  93%|█████████████████████████████████▌  | 805/863 [00:05<00:00, 169.41it/s]
Training (loss=2.7967):  95%|██████████████████████████████████▎ | 823/863 [00:05<00:00, 170.11it/s]
Training (loss=2.7200):  95%|██████████████████████████████████▎ | 823/863 [00:05<00:00, 170.11it/s]
Training (loss=2.7752):  95%|██████████████████████████████████▎ | 823/863 [00:05<00:00, 170.11it/s]
Training (loss=2.4904):  95%|██████████████████████████████████▎ | 823/863 [00:05<00:00, 170.11it/s]
Training (loss=2.4244):  95%|██████████████████████████████████▎ | 823/863 [00:05<00:00, 170.11it/s]
Training (loss=2.6492):  95%|██████████████████████████████████▎ | 823/863 [00:05<00:00, 170.11it/s]
Training (loss=2.6066):  95%|██████████████████████████████████▎ | 823/863 [00:05<00:00, 170.11it/s]
Training (loss=2.4579):  95%|██████████████████████████████████▎ | 823/863 [00:05<00:00, 170.11it/s]
Training (loss=2.8095):  95%|██████████████████████████████████▎ | 823/863 [00:05<00:00, 170.11it/s]
Training (loss=2.3370):  95%|██████████████████████████████████▎ | 823/863 [00:05<00:00, 170.11it/s]
Training (loss=2.7711):  95%|██████████████████████████████████▎ | 823/863 [00:05<00:00, 170.11it/s]
Training (loss=2.6445):  95%|██████████████████████████████████▎ | 823/863 [00:05<00:00, 170.11it/s]
Training (loss=2.6783):  95%|██████████████████████████████████▎ | 823/863 [00:05<00:00, 170.11it/s]
Training (loss=2.6044):  95%|██████████████████████████████████▎ | 823/863 [00:05<00:00, 170.11it/s]
Training (loss=2.6590):  95%|██████████████████████████████████▎ | 823/863 [00:05<00:00, 170.11it/s]
Training (loss=2.5580):  95%|██████████████████████████████████▎ | 823/863 [00:05<00:00, 170.11it/s]
Training (loss=2.7773):  95%|██████████████████████████████████▎ | 823/863 [00:05<00:00, 170.11it/s]
Training (loss=2.6952):  95%|██████████████████████████████████▎ | 823/863 [00:05<00:00, 170.11it/s]
Training (loss=2.6599):  95%|██████████████████████████████████▎ | 823/863 [00:05<00:00, 170.11it/s]
Training (loss=2.5266):  95%|██████████████████████████████████▎ | 823/863 [00:05<00:00, 170.11it/s]
Training (loss=2.5266):  98%|███████████████████████████████████ | 842/863 [00:05<00:00, 173.54it/s]
Training (loss=2.5848):  98%|███████████████████████████████████ | 842/863 [00:05<00:00, 173.54it/s]
Training (loss=2.7671):  98%|███████████████████████████████████ | 842/863 [00:05<00:00, 173.54it/s]
Training (loss=2.7961):  98%|███████████████████████████████████ | 842/863 [00:05<00:00, 173.54it/s]
Training (loss=2.7214):  98%|███████████████████████████████████ | 842/863 [00:05<00:00, 173.54it/s]
Training (loss=2.5544):  98%|███████████████████████████████████ | 842/863 [00:05<00:00, 173.54it/s]
Training (loss=2.7060):  98%|███████████████████████████████████ | 842/863 [00:05<00:00, 173.54it/s]
Training (loss=2.5483):  98%|███████████████████████████████████ | 842/863 [00:05<00:00, 173.54it/s]
Training (loss=2.7043):  98%|███████████████████████████████████ | 842/863 [00:05<00:00, 173.54it/s]
Training (loss=2.5016):  98%|███████████████████████████████████ | 842/863 [00:05<00:00, 173.54it/s]
Training (loss=2.6828):  98%|███████████████████████████████████ | 842/863 [00:05<00:00, 173.54it/s]
Training (loss=2.7446):  98%|███████████████████████████████████ | 842/863 [00:05<00:00, 173.54it/s]
Training (loss=2.7195):  98%|███████████████████████████████████ | 842/863 [00:05<00:00, 173.54it/s]
Training (loss=2.7034):  98%|███████████████████████████████████ | 842/863 [00:05<00:00, 173.54it/s]
Training (loss=2.5781):  98%|███████████████████████████████████ | 842/863 [00:05<00:00, 173.54it/s]
Training (loss=2.6224):  98%|███████████████████████████████████ | 842/863 [00:05<00:00, 173.54it/s]
Training (loss=2.7239):  98%|███████████████████████████████████ | 842/863 [00:05<00:00, 173.54it/s]
Training (loss=2.7197):  98%|███████████████████████████████████ | 842/863 [00:05<00:00, 173.54it/s]
Training (loss=2.5820):  98%|███████████████████████████████████ | 842/863 [00:05<00:00, 173.54it/s]
Training (loss=2.5820): 100%|███████████████████████████████████▊| 860/863 [00:05<00:00, 143.62it/s]
Training (loss=2.5089): 100%|███████████████████████████████████▊| 860/863 [00:05<00:00, 143.62it/s]
Training (loss=2.6368): 100%|███████████████████████████████████▊| 860/863 [00:05<00:00, 143.62it/s]
Training (loss=2.6242): 100%|███████████████████████████████████▊| 860/863 [00:05<00:00, 143.62it/s]
Training (loss=2.6242): 100%|████████████████████████████████████| 863/863 [00:05<00:00, 150.39it/s]
Evaluating on validation set...
Validation loss: 2.6344
Epoch 2/5 - Train loss: 2.6379, Val loss: 2.6344

Epoch 3/5

Training:   0%|                                                             | 0/863 [00:00<?, ?it/s]
Training (loss=2.5307):   0%|                                               | 0/863 [00:00<?, ?it/s]
Training (loss=2.5307):   0%|                                       | 1/863 [00:00<02:20,  6.16it/s]
Training (loss=2.5566):   0%|                                       | 1/863 [00:00<02:20,  6.16it/s]
Training (loss=2.7487):   0%|                                       | 1/863 [00:00<02:20,  6.16it/s]
Training (loss=2.7048):   0%|                                       | 1/863 [00:00<02:20,  6.16it/s]
Training (loss=2.7679):   0%|                                       | 1/863 [00:00<02:20,  6.16it/s]
Training (loss=2.5742):   0%|                                       | 1/863 [00:00<02:20,  6.16it/s]
Training (loss=2.5987):   0%|                                       | 1/863 [00:00<02:20,  6.16it/s]
Training (loss=2.7602):   0%|                                       | 1/863 [00:00<02:20,  6.16it/s]
Training (loss=2.7244):   0%|                                       | 1/863 [00:00<02:20,  6.16it/s]
Training (loss=2.5490):   0%|                                       | 1/863 [00:00<02:20,  6.16it/s]
Training (loss=2.6290):   0%|                                       | 1/863 [00:00<02:20,  6.16it/s]
Training (loss=2.7589):   0%|                                       | 1/863 [00:00<02:20,  6.16it/s]
Training (loss=2.6180):   0%|                                       | 1/863 [00:00<02:20,  6.16it/s]
Training (loss=2.6322):   0%|                                       | 1/863 [00:00<02:20,  6.16it/s]
Training (loss=2.8341):   0%|                                       | 1/863 [00:00<02:20,  6.16it/s]
Training (loss=2.5108):   0%|                                       | 1/863 [00:00<02:20,  6.16it/s]
Training (loss=2.8283):   0%|                                       | 1/863 [00:00<02:20,  6.16it/s]
Training (loss=2.4349):   0%|                                       | 1/863 [00:00<02:20,  6.16it/s]
Training (loss=2.4349):   2%|▊                                     | 18/863 [00:00<00:10, 82.28it/s]
Training (loss=2.5082):   2%|▊                                     | 18/863 [00:00<00:10, 82.28it/s]
Training (loss=2.5038):   2%|▊                                     | 18/863 [00:00<00:10, 82.28it/s]
Training (loss=2.6901):   2%|▊                                     | 18/863 [00:00<00:10, 82.28it/s]
Training (loss=2.5772):   2%|▊                                     | 18/863 [00:00<00:10, 82.28it/s]
Training (loss=2.5851):   2%|▊                                     | 18/863 [00:00<00:10, 82.28it/s]
Training (loss=2.6002):   2%|▊                                     | 18/863 [00:00<00:10, 82.28it/s]
Training (loss=2.5685):   2%|▊                                     | 18/863 [00:00<00:10, 82.28it/s]
Training (loss=2.7160):   2%|▊                                     | 18/863 [00:00<00:10, 82.28it/s]
Training (loss=2.4308):   2%|▊                                     | 18/863 [00:00<00:10, 82.28it/s]
Training (loss=2.5698):   2%|▊                                     | 18/863 [00:00<00:10, 82.28it/s]
Training (loss=2.5630):   2%|▊                                     | 18/863 [00:00<00:10, 82.28it/s]
Training (loss=2.5972):   2%|▊                                     | 18/863 [00:00<00:10, 82.28it/s]
Training (loss=2.4629):   2%|▊                                     | 18/863 [00:00<00:10, 82.28it/s]
Training (loss=2.7349):   2%|▊                                     | 18/863 [00:00<00:10, 82.28it/s]
Training (loss=2.7563):   2%|▊                                     | 18/863 [00:00<00:10, 82.28it/s]
Training (loss=2.6471):   2%|▊                                     | 18/863 [00:00<00:10, 82.28it/s]
Training (loss=2.4993):   2%|▊                                     | 18/863 [00:00<00:10, 82.28it/s]
Training (loss=2.6410):   2%|▊                                     | 18/863 [00:00<00:10, 82.28it/s]
Training (loss=2.6410):   4%|█▌                                   | 36/863 [00:00<00:06, 119.39it/s]
Training (loss=2.7501):   4%|█▌                                   | 36/863 [00:00<00:06, 119.39it/s]
Training (loss=2.5774):   4%|█▌                                   | 36/863 [00:00<00:06, 119.39it/s]
Training (loss=2.6256):   4%|█▌                                   | 36/863 [00:00<00:06, 119.39it/s]
Training (loss=2.5811):   4%|█▌                                   | 36/863 [00:00<00:06, 119.39it/s]
Training (loss=2.6623):   4%|█▌                                   | 36/863 [00:00<00:06, 119.39it/s]
Training (loss=2.4550):   4%|█▌                                   | 36/863 [00:00<00:06, 119.39it/s]
Training (loss=2.3419):   4%|█▌                                   | 36/863 [00:00<00:06, 119.39it/s]
Training (loss=2.5260):   4%|█▌                                   | 36/863 [00:00<00:06, 119.39it/s]
Training (loss=2.6727):   4%|█▌                                   | 36/863 [00:00<00:06, 119.39it/s]
Training (loss=2.4102):   4%|█▌                                   | 36/863 [00:00<00:06, 119.39it/s]
Training (loss=2.5721):   4%|█▌                                   | 36/863 [00:00<00:06, 119.39it/s]
Training (loss=2.5004):   4%|█▌                                   | 36/863 [00:00<00:06, 119.39it/s]
Training (loss=2.6147):   4%|█▌                                   | 36/863 [00:00<00:06, 119.39it/s]
Training (loss=2.5151):   4%|█▌                                   | 36/863 [00:00<00:06, 119.39it/s]
Training (loss=2.6405):   4%|█▌                                   | 36/863 [00:00<00:06, 119.39it/s]
Training (loss=2.4423):   4%|█▌                                   | 36/863 [00:00<00:06, 119.39it/s]
Training (loss=2.7007):   4%|█▌                                   | 36/863 [00:00<00:06, 119.39it/s]
Training (loss=2.6842):   4%|█▌                                   | 36/863 [00:00<00:06, 119.39it/s]
Training (loss=2.6842):   6%|██▎                                  | 54/863 [00:00<00:05, 138.99it/s]
Training (loss=2.5492):   6%|██▎                                  | 54/863 [00:00<00:05, 138.99it/s]
Training (loss=2.5454):   6%|██▎                                  | 54/863 [00:00<00:05, 138.99it/s]
Training (loss=2.4615):   6%|██▎                                  | 54/863 [00:00<00:05, 138.99it/s]
Training (loss=2.6687):   6%|██▎                                  | 54/863 [00:00<00:05, 138.99it/s]
Training (loss=2.5147):   6%|██▎                                  | 54/863 [00:00<00:05, 138.99it/s]
Training (loss=2.6055):   6%|██▎                                  | 54/863 [00:00<00:05, 138.99it/s]
Training (loss=2.3764):   6%|██▎                                  | 54/863 [00:00<00:05, 138.99it/s]
Training (loss=2.8308):   6%|██▎                                  | 54/863 [00:00<00:05, 138.99it/s]
Training (loss=2.5564):   6%|██▎                                  | 54/863 [00:00<00:05, 138.99it/s]
Training (loss=2.5131):   6%|██▎                                  | 54/863 [00:00<00:05, 138.99it/s]
Training (loss=2.7644):   6%|██▎                                  | 54/863 [00:00<00:05, 138.99it/s]
Training (loss=2.5336):   6%|██▎                                  | 54/863 [00:00<00:05, 138.99it/s]
Training (loss=2.4940):   6%|██▎                                  | 54/863 [00:00<00:05, 138.99it/s]
Training (loss=2.5676):   6%|██▎                                  | 54/863 [00:00<00:05, 138.99it/s]
Training (loss=2.4543):   6%|██▎                                  | 54/863 [00:00<00:05, 138.99it/s]
Training (loss=2.6276):   6%|██▎                                  | 54/863 [00:00<00:05, 138.99it/s]
Training (loss=2.6724):   6%|██▎                                  | 54/863 [00:00<00:05, 138.99it/s]
Training (loss=2.4459):   6%|██▎                                  | 54/863 [00:00<00:05, 138.99it/s]
Training (loss=2.4459):   8%|███                                  | 72/863 [00:00<00:05, 149.89it/s]
Training (loss=2.5601):   8%|███                                  | 72/863 [00:00<00:05, 149.89it/s]
Training (loss=2.7021):   8%|███                                  | 72/863 [00:00<00:05, 149.89it/s]
Training (loss=2.4840):   8%|███                                  | 72/863 [00:00<00:05, 149.89it/s]
Training (loss=2.6264):   8%|███                                  | 72/863 [00:00<00:05, 149.89it/s]
Training (loss=2.6062):   8%|███                                  | 72/863 [00:00<00:05, 149.89it/s]
Training (loss=2.5392):   8%|███                                  | 72/863 [00:00<00:05, 149.89it/s]
Training (loss=2.5280):   8%|███                                  | 72/863 [00:00<00:05, 149.89it/s]
Training (loss=2.8510):   8%|███                                  | 72/863 [00:00<00:05, 149.89it/s]
Training (loss=2.5390):   8%|███                                  | 72/863 [00:00<00:05, 149.89it/s]
Training (loss=2.4609):   8%|███                                  | 72/863 [00:00<00:05, 149.89it/s]
Training (loss=2.5336):   8%|███                                  | 72/863 [00:00<00:05, 149.89it/s]
Training (loss=2.6975):   8%|███                                  | 72/863 [00:00<00:05, 149.89it/s]
Training (loss=2.6279):   8%|███                                  | 72/863 [00:00<00:05, 149.89it/s]
Training (loss=2.6647):   8%|███                                  | 72/863 [00:00<00:05, 149.89it/s]
Training (loss=2.4130):   8%|███                                  | 72/863 [00:00<00:05, 149.89it/s]
Training (loss=2.5686):   8%|███                                  | 72/863 [00:00<00:05, 149.89it/s]
Training (loss=2.6783):   8%|███                                  | 72/863 [00:00<00:05, 149.89it/s]
Training (loss=2.6710):   8%|███                                  | 72/863 [00:00<00:05, 149.89it/s]
Training (loss=2.6710):  10%|███▊                                 | 90/863 [00:00<00:04, 157.72it/s]
Training (loss=2.7530):  10%|███▊                                 | 90/863 [00:00<00:04, 157.72it/s]
Training (loss=2.6701):  10%|███▊                                 | 90/863 [00:00<00:04, 157.72it/s]
Training (loss=2.7131):  10%|███▊                                 | 90/863 [00:00<00:04, 157.72it/s]
Training (loss=2.5717):  10%|███▊                                 | 90/863 [00:00<00:04, 157.72it/s]
Training (loss=2.5978):  10%|███▊                                 | 90/863 [00:00<00:04, 157.72it/s]
Training (loss=2.6011):  10%|███▊                                 | 90/863 [00:00<00:04, 157.72it/s]
Training (loss=2.5697):  10%|███▊                                 | 90/863 [00:00<00:04, 157.72it/s]
Training (loss=2.5945):  10%|███▊                                 | 90/863 [00:00<00:04, 157.72it/s]
Training (loss=2.6854):  10%|███▊                                 | 90/863 [00:00<00:04, 157.72it/s]
Training (loss=2.5760):  10%|███▊                                 | 90/863 [00:00<00:04, 157.72it/s]
Training (loss=2.7539):  10%|███▊                                 | 90/863 [00:00<00:04, 157.72it/s]
Training (loss=2.4487):  10%|███▊                                 | 90/863 [00:00<00:04, 157.72it/s]
Training (loss=2.4223):  10%|███▊                                 | 90/863 [00:00<00:04, 157.72it/s]
Training (loss=2.8050):  10%|███▊                                 | 90/863 [00:00<00:04, 157.72it/s]
Training (loss=2.7040):  10%|███▊                                 | 90/863 [00:00<00:04, 157.72it/s]
Training (loss=2.6444):  10%|███▊                                 | 90/863 [00:00<00:04, 157.72it/s]
Training (loss=2.7413):  10%|███▊                                 | 90/863 [00:00<00:04, 157.72it/s]
Training (loss=2.9047):  10%|███▊                                 | 90/863 [00:00<00:04, 157.72it/s]
Training (loss=2.8353):  10%|███▊                                 | 90/863 [00:00<00:04, 157.72it/s]
Training (loss=2.8353):  13%|████▌                               | 109/863 [00:00<00:04, 166.78it/s]
Training (loss=2.5813):  13%|████▌                               | 109/863 [00:00<00:04, 166.78it/s]
Training (loss=2.5076):  13%|████▌                               | 109/863 [00:00<00:04, 166.78it/s]
Training (loss=2.6380):  13%|████▌                               | 109/863 [00:00<00:04, 166.78it/s]
Training (loss=2.6167):  13%|████▌                               | 109/863 [00:00<00:04, 166.78it/s]
Training (loss=2.4737):  13%|████▌                               | 109/863 [00:00<00:04, 166.78it/s]
Training (loss=2.5775):  13%|████▌                               | 109/863 [00:00<00:04, 166.78it/s]
Training (loss=2.4815):  13%|████▌                               | 109/863 [00:00<00:04, 166.78it/s]
Training (loss=2.5175):  13%|████▌                               | 109/863 [00:00<00:04, 166.78it/s]
Training (loss=2.7061):  13%|████▌                               | 109/863 [00:00<00:04, 166.78it/s]
Training (loss=2.5557):  13%|████▌                               | 109/863 [00:00<00:04, 166.78it/s]
Training (loss=2.8721):  13%|████▌                               | 109/863 [00:00<00:04, 166.78it/s]
Training (loss=2.5686):  13%|████▌                               | 109/863 [00:00<00:04, 166.78it/s]
Training (loss=2.6431):  13%|████▌                               | 109/863 [00:00<00:04, 166.78it/s]
Training (loss=2.7751):  13%|████▌                               | 109/863 [00:00<00:04, 166.78it/s]
Training (loss=2.5099):  13%|████▌                               | 109/863 [00:00<00:04, 166.78it/s]
Training (loss=2.8026):  13%|████▌                               | 109/863 [00:00<00:04, 166.78it/s]
Training (loss=2.6118):  13%|████▌                               | 109/863 [00:00<00:04, 166.78it/s]
Training (loss=2.6648):  13%|████▌                               | 109/863 [00:00<00:04, 166.78it/s]
Training (loss=2.6358):  13%|████▌                               | 109/863 [00:00<00:04, 166.78it/s]
Training (loss=2.6358):  15%|█████▎                              | 128/863 [00:00<00:04, 172.69it/s]
Training (loss=2.6177):  15%|█████▎                              | 128/863 [00:00<00:04, 172.69it/s]
Training (loss=2.8703):  15%|█████▎                              | 128/863 [00:00<00:04, 172.69it/s]
Training (loss=2.6813):  15%|█████▎                              | 128/863 [00:00<00:04, 172.69it/s]
Training (loss=2.5166):  15%|█████▎                              | 128/863 [00:00<00:04, 172.69it/s]
Training (loss=2.7313):  15%|█████▎                              | 128/863 [00:00<00:04, 172.69it/s]
Training (loss=2.4615):  15%|█████▎                              | 128/863 [00:00<00:04, 172.69it/s]
Training (loss=2.4492):  15%|█████▎                              | 128/863 [00:00<00:04, 172.69it/s]
Training (loss=2.5035):  15%|█████▎                              | 128/863 [00:00<00:04, 172.69it/s]
Training (loss=2.5611):  15%|█████▎                              | 128/863 [00:00<00:04, 172.69it/s]
Training (loss=2.7052):  15%|█████▎                              | 128/863 [00:00<00:04, 172.69it/s]
Training (loss=2.7177):  15%|█████▎                              | 128/863 [00:00<00:04, 172.69it/s]
Training (loss=2.6343):  15%|█████▎                              | 128/863 [00:00<00:04, 172.69it/s]
Training (loss=2.5664):  15%|█████▎                              | 128/863 [00:00<00:04, 172.69it/s]
Training (loss=2.6574):  15%|█████▎                              | 128/863 [00:00<00:04, 172.69it/s]
Training (loss=2.6410):  15%|█████▎                              | 128/863 [00:00<00:04, 172.69it/s]
Training (loss=2.4295):  15%|█████▎                              | 128/863 [00:00<00:04, 172.69it/s]
Training (loss=2.5810):  15%|█████▎                              | 128/863 [00:00<00:04, 172.69it/s]
Training (loss=2.6363):  15%|█████▎                              | 128/863 [00:00<00:04, 172.69it/s]
Training (loss=2.4208):  15%|█████▎                              | 128/863 [00:00<00:04, 172.69it/s]
Training (loss=2.4208):  17%|██████▏                             | 147/863 [00:00<00:04, 177.25it/s]
Training (loss=2.6967):  17%|██████▏                             | 147/863 [00:00<00:04, 177.25it/s]
Training (loss=2.6312):  17%|██████▏                             | 147/863 [00:00<00:04, 177.25it/s]
Training (loss=2.6457):  17%|██████▏                             | 147/863 [00:01<00:04, 177.25it/s]
Training (loss=2.5335):  17%|██████▏                             | 147/863 [00:01<00:04, 177.25it/s]
Training (loss=2.7205):  17%|██████▏                             | 147/863 [00:01<00:04, 177.25it/s]
Training (loss=2.7147):  17%|██████▏                             | 147/863 [00:01<00:04, 177.25it/s]
Training (loss=2.4227):  17%|██████▏                             | 147/863 [00:01<00:04, 177.25it/s]
Training (loss=2.4965):  17%|██████▏                             | 147/863 [00:01<00:04, 177.25it/s]
Training (loss=2.7403):  17%|██████▏                             | 147/863 [00:01<00:04, 177.25it/s]
Training (loss=2.5523):  17%|██████▏                             | 147/863 [00:01<00:04, 177.25it/s]
Training (loss=2.4989):  17%|██████▏                             | 147/863 [00:01<00:04, 177.25it/s]
Training (loss=2.4427):  17%|██████▏                             | 147/863 [00:01<00:04, 177.25it/s]
Training (loss=2.6313):  17%|██████▏                             | 147/863 [00:01<00:04, 177.25it/s]
Training (loss=2.6193):  17%|██████▏                             | 147/863 [00:01<00:04, 177.25it/s]
Training (loss=2.5684):  17%|██████▏                             | 147/863 [00:01<00:04, 177.25it/s]
Training (loss=2.5346):  17%|██████▏                             | 147/863 [00:01<00:04, 177.25it/s]
Training (loss=2.6273):  17%|██████▏                             | 147/863 [00:01<00:04, 177.25it/s]
Training (loss=2.4538):  17%|██████▏                             | 147/863 [00:01<00:04, 177.25it/s]
Training (loss=2.5210):  17%|██████▏                             | 147/863 [00:01<00:04, 177.25it/s]
Training (loss=2.5990):  17%|██████▏                             | 147/863 [00:01<00:04, 177.25it/s]
Training (loss=2.5990):  19%|██████▉                             | 167/863 [00:01<00:03, 181.54it/s]
Training (loss=2.6338):  19%|██████▉                             | 167/863 [00:01<00:03, 181.54it/s]
Training (loss=2.6917):  19%|██████▉                             | 167/863 [00:01<00:03, 181.54it/s]
Training (loss=2.6703):  19%|██████▉                             | 167/863 [00:01<00:03, 181.54it/s]
Training (loss=2.7492):  19%|██████▉                             | 167/863 [00:01<00:03, 181.54it/s]
Training (loss=2.6379):  19%|██████▉                             | 167/863 [00:01<00:03, 181.54it/s]
Training (loss=2.5555):  19%|██████▉                             | 167/863 [00:01<00:03, 181.54it/s]
Training (loss=2.9091):  19%|██████▉                             | 167/863 [00:01<00:03, 181.54it/s]
Training (loss=2.5466):  19%|██████▉                             | 167/863 [00:01<00:03, 181.54it/s]
Training (loss=2.6460):  19%|██████▉                             | 167/863 [00:01<00:03, 181.54it/s]
Training (loss=2.3905):  19%|██████▉                             | 167/863 [00:01<00:03, 181.54it/s]
Training (loss=2.6627):  19%|██████▉                             | 167/863 [00:01<00:03, 181.54it/s]
Training (loss=2.7018):  19%|██████▉                             | 167/863 [00:01<00:03, 181.54it/s]
Training (loss=2.4260):  19%|██████▉                             | 167/863 [00:01<00:03, 181.54it/s]
Training (loss=2.5776):  19%|██████▉                             | 167/863 [00:01<00:03, 181.54it/s]
Training (loss=2.5592):  19%|██████▉                             | 167/863 [00:01<00:03, 181.54it/s]
Training (loss=2.7334):  19%|██████▉                             | 167/863 [00:01<00:03, 181.54it/s]
Training (loss=2.5722):  19%|██████▉                             | 167/863 [00:01<00:03, 181.54it/s]
Training (loss=2.7458):  19%|██████▉                             | 167/863 [00:01<00:03, 181.54it/s]
Training (loss=2.5719):  19%|██████▉                             | 167/863 [00:01<00:03, 181.54it/s]
Training (loss=2.4899):  19%|██████▉                             | 167/863 [00:01<00:03, 181.54it/s]
Training (loss=2.4899):  22%|███████▊                            | 187/863 [00:01<00:03, 184.36it/s]
Training (loss=2.5495):  22%|███████▊                            | 187/863 [00:01<00:03, 184.36it/s]
Training (loss=2.6537):  22%|███████▊                            | 187/863 [00:01<00:03, 184.36it/s]
Training (loss=2.5879):  22%|███████▊                            | 187/863 [00:01<00:03, 184.36it/s]
Training (loss=2.6007):  22%|███████▊                            | 187/863 [00:01<00:03, 184.36it/s]
Training (loss=2.6666):  22%|███████▊                            | 187/863 [00:01<00:03, 184.36it/s]
Training (loss=2.8719):  22%|███████▊                            | 187/863 [00:01<00:03, 184.36it/s]
Training (loss=2.5538):  22%|███████▊                            | 187/863 [00:01<00:03, 184.36it/s]
Training (loss=2.5616):  22%|███████▊                            | 187/863 [00:01<00:03, 184.36it/s]
Training (loss=2.4641):  22%|███████▊                            | 187/863 [00:01<00:03, 184.36it/s]
Training (loss=2.6971):  22%|███████▊                            | 187/863 [00:01<00:03, 184.36it/s]
Training (loss=2.7150):  22%|███████▊                            | 187/863 [00:01<00:03, 184.36it/s]
Training (loss=2.5441):  22%|███████▊                            | 187/863 [00:01<00:03, 184.36it/s]
Training (loss=2.6130):  22%|███████▊                            | 187/863 [00:01<00:03, 184.36it/s]
Training (loss=2.5642):  22%|███████▊                            | 187/863 [00:01<00:03, 184.36it/s]
Training (loss=2.5483):  22%|███████▊                            | 187/863 [00:01<00:03, 184.36it/s]
Training (loss=2.6526):  22%|███████▊                            | 187/863 [00:01<00:03, 184.36it/s]
Training (loss=2.5141):  22%|███████▊                            | 187/863 [00:01<00:03, 184.36it/s]
Training (loss=2.4389):  22%|███████▊                            | 187/863 [00:01<00:03, 184.36it/s]
Training (loss=2.6602):  22%|███████▊                            | 187/863 [00:01<00:03, 184.36it/s]
Training (loss=2.5763):  22%|███████▊                            | 187/863 [00:01<00:03, 184.36it/s]
Training (loss=2.5763):  24%|████████▋                           | 207/863 [00:01<00:03, 186.64it/s]
Training (loss=2.5601):  24%|████████▋                           | 207/863 [00:01<00:03, 186.64it/s]
Training (loss=2.6758):  24%|████████▋                           | 207/863 [00:01<00:03, 186.64it/s]
Training (loss=2.6535):  24%|████████▋                           | 207/863 [00:01<00:03, 186.64it/s]
Training (loss=2.5930):  24%|████████▋                           | 207/863 [00:01<00:03, 186.64it/s]
Training (loss=2.6959):  24%|████████▋                           | 207/863 [00:01<00:03, 186.64it/s]
Training (loss=2.4782):  24%|████████▋                           | 207/863 [00:01<00:03, 186.64it/s]
Training (loss=2.5125):  24%|████████▋                           | 207/863 [00:01<00:03, 186.64it/s]
Training (loss=2.4958):  24%|████████▋                           | 207/863 [00:01<00:03, 186.64it/s]
Training (loss=2.5616):  24%|████████▋                           | 207/863 [00:01<00:03, 186.64it/s]
Training (loss=2.4488):  24%|████████▋                           | 207/863 [00:01<00:03, 186.64it/s]
Training (loss=2.5125):  24%|████████▋                           | 207/863 [00:01<00:03, 186.64it/s]
Training (loss=2.5049):  24%|████████▋                           | 207/863 [00:01<00:03, 186.64it/s]
Training (loss=2.6229):  24%|████████▋                           | 207/863 [00:01<00:03, 186.64it/s]
Training (loss=2.7458):  24%|████████▋                           | 207/863 [00:01<00:03, 186.64it/s]
Training (loss=2.6397):  24%|████████▋                           | 207/863 [00:01<00:03, 186.64it/s]
Training (loss=2.4733):  24%|████████▋                           | 207/863 [00:01<00:03, 186.64it/s]
Training (loss=2.4493):  24%|████████▋                           | 207/863 [00:01<00:03, 186.64it/s]
Training (loss=2.6597):  24%|████████▋                           | 207/863 [00:01<00:03, 186.64it/s]
Training (loss=2.6044):  24%|████████▋                           | 207/863 [00:01<00:03, 186.64it/s]
Training (loss=2.6044):  26%|█████████▍                          | 226/863 [00:01<00:03, 183.60it/s]
Training (loss=2.6150):  26%|█████████▍                          | 226/863 [00:01<00:03, 183.60it/s]
Training (loss=2.6578):  26%|█████████▍                          | 226/863 [00:01<00:03, 183.60it/s]
Training (loss=2.3897):  26%|█████████▍                          | 226/863 [00:01<00:03, 183.60it/s]
Training (loss=2.6783):  26%|█████████▍                          | 226/863 [00:01<00:03, 183.60it/s]
Training (loss=2.6288):  26%|█████████▍                          | 226/863 [00:01<00:03, 183.60it/s]
Training (loss=2.7786):  26%|█████████▍                          | 226/863 [00:01<00:03, 183.60it/s]
Training (loss=2.6565):  26%|█████████▍                          | 226/863 [00:01<00:03, 183.60it/s]
Training (loss=2.5583):  26%|█████████▍                          | 226/863 [00:01<00:03, 183.60it/s]
Training (loss=2.8934):  26%|█████████▍                          | 226/863 [00:01<00:03, 183.60it/s]
Training (loss=2.5821):  26%|█████████▍                          | 226/863 [00:01<00:03, 183.60it/s]
Training (loss=2.3887):  26%|█████████▍                          | 226/863 [00:01<00:03, 183.60it/s]
Training (loss=2.4449):  26%|█████████▍                          | 226/863 [00:01<00:03, 183.60it/s]
Training (loss=2.6601):  26%|█████████▍                          | 226/863 [00:01<00:03, 183.60it/s]
Training (loss=2.5360):  26%|█████████▍                          | 226/863 [00:01<00:03, 183.60it/s]
Training (loss=2.5470):  26%|█████████▍                          | 226/863 [00:01<00:03, 183.60it/s]
Training (loss=2.8312):  26%|█████████▍                          | 226/863 [00:01<00:03, 183.60it/s]
Training (loss=2.6000):  26%|█████████▍                          | 226/863 [00:01<00:03, 183.60it/s]
Training (loss=2.5504):  26%|█████████▍                          | 226/863 [00:01<00:03, 183.60it/s]
Training (loss=2.6537):  26%|█████████▍                          | 226/863 [00:01<00:03, 183.60it/s]
Training (loss=2.6537):  28%|██████████▏                         | 245/863 [00:01<00:03, 184.31it/s]
Training (loss=2.8788):  28%|██████████▏                         | 245/863 [00:01<00:03, 184.31it/s]
Training (loss=2.3871):  28%|██████████▏                         | 245/863 [00:01<00:03, 184.31it/s]
Training (loss=2.5676):  28%|██████████▏                         | 245/863 [00:01<00:03, 184.31it/s]
Training (loss=2.5277):  28%|██████████▏                         | 245/863 [00:01<00:03, 184.31it/s]
Training (loss=2.6928):  28%|██████████▏                         | 245/863 [00:01<00:03, 184.31it/s]
Training (loss=2.4427):  28%|██████████▏                         | 245/863 [00:01<00:03, 184.31it/s]
Training (loss=2.7677):  28%|██████████▏                         | 245/863 [00:01<00:03, 184.31it/s]
Training (loss=2.6310):  28%|██████████▏                         | 245/863 [00:01<00:03, 184.31it/s]
Training (loss=2.5266):  28%|██████████▏                         | 245/863 [00:01<00:03, 184.31it/s]
Training (loss=2.6535):  28%|██████████▏                         | 245/863 [00:01<00:03, 184.31it/s]
Training (loss=2.5651):  28%|██████████▏                         | 245/863 [00:01<00:03, 184.31it/s]
Training (loss=2.7223):  28%|██████████▏                         | 245/863 [00:01<00:03, 184.31it/s]
Training (loss=2.6679):  28%|██████████▏                         | 245/863 [00:01<00:03, 184.31it/s]
Training (loss=2.4976):  28%|██████████▏                         | 245/863 [00:01<00:03, 184.31it/s]
Training (loss=2.8558):  28%|██████████▏                         | 245/863 [00:01<00:03, 184.31it/s]
Training (loss=2.5377):  28%|██████████▏                         | 245/863 [00:01<00:03, 184.31it/s]
Training (loss=2.6284):  28%|██████████▏                         | 245/863 [00:01<00:03, 184.31it/s]
Training (loss=2.8866):  28%|██████████▏                         | 245/863 [00:01<00:03, 184.31it/s]
Training (loss=2.5049):  28%|██████████▏                         | 245/863 [00:01<00:03, 184.31it/s]
Training (loss=2.5049):  31%|███████████                         | 264/863 [00:01<00:03, 182.22it/s]
Training (loss=2.4955):  31%|███████████                         | 264/863 [00:01<00:03, 182.22it/s]
Training (loss=2.6035):  31%|███████████                         | 264/863 [00:01<00:03, 182.22it/s]
Training (loss=2.3444):  31%|███████████                         | 264/863 [00:01<00:03, 182.22it/s]
Training (loss=2.5203):  31%|███████████                         | 264/863 [00:01<00:03, 182.22it/s]
Training (loss=2.6117):  31%|███████████                         | 264/863 [00:01<00:03, 182.22it/s]
Training (loss=2.6041):  31%|███████████                         | 264/863 [00:01<00:03, 182.22it/s]
Training (loss=2.7807):  31%|███████████                         | 264/863 [00:01<00:03, 182.22it/s]
Training (loss=2.3897):  31%|███████████                         | 264/863 [00:01<00:03, 182.22it/s]
Training (loss=2.7843):  31%|███████████                         | 264/863 [00:01<00:03, 182.22it/s]
Training (loss=2.5932):  31%|███████████                         | 264/863 [00:01<00:03, 182.22it/s]
Training (loss=2.4389):  31%|███████████                         | 264/863 [00:01<00:03, 182.22it/s]
Training (loss=2.6212):  31%|███████████                         | 264/863 [00:01<00:03, 182.22it/s]
Training (loss=2.6106):  31%|███████████                         | 264/863 [00:01<00:03, 182.22it/s]
Training (loss=2.6320):  31%|███████████                         | 264/863 [00:01<00:03, 182.22it/s]
Training (loss=2.6964):  31%|███████████                         | 264/863 [00:01<00:03, 182.22it/s]
Training (loss=2.6083):  31%|███████████                         | 264/863 [00:01<00:03, 182.22it/s]
Training (loss=2.7401):  31%|███████████                         | 264/863 [00:01<00:03, 182.22it/s]
Training (loss=2.9247):  31%|███████████                         | 264/863 [00:01<00:03, 182.22it/s]
Training (loss=2.8329):  31%|███████████                         | 264/863 [00:01<00:03, 182.22it/s]
Training (loss=2.8329):  33%|███████████▊                        | 283/863 [00:01<00:03, 181.61it/s]
Training (loss=2.6209):  33%|███████████▊                        | 283/863 [00:01<00:03, 181.61it/s]
Training (loss=2.7202):  33%|███████████▊                        | 283/863 [00:01<00:03, 181.61it/s]
Training (loss=2.7539):  33%|███████████▊                        | 283/863 [00:01<00:03, 181.61it/s]
Training (loss=2.5624):  33%|███████████▊                        | 283/863 [00:01<00:03, 181.61it/s]
Training (loss=2.5572):  33%|███████████▊                        | 283/863 [00:01<00:03, 181.61it/s]
Training (loss=2.5106):  33%|███████████▊                        | 283/863 [00:01<00:03, 181.61it/s]
Training (loss=2.6554):  33%|███████████▊                        | 283/863 [00:01<00:03, 181.61it/s]
Training (loss=2.6714):  33%|███████████▊                        | 283/863 [00:01<00:03, 181.61it/s]
Training (loss=2.6588):  33%|███████████▊                        | 283/863 [00:01<00:03, 181.61it/s]
Training (loss=2.5078):  33%|███████████▊                        | 283/863 [00:01<00:03, 181.61it/s]
Training (loss=2.5714):  33%|███████████▊                        | 283/863 [00:01<00:03, 181.61it/s]
Training (loss=2.8930):  33%|███████████▊                        | 283/863 [00:01<00:03, 181.61it/s]
Training (loss=2.6628):  33%|███████████▊                        | 283/863 [00:01<00:03, 181.61it/s]
Training (loss=2.5217):  33%|███████████▊                        | 283/863 [00:01<00:03, 181.61it/s]
Training (loss=2.5964):  33%|███████████▊                        | 283/863 [00:01<00:03, 181.61it/s]
Training (loss=2.4595):  33%|███████████▊                        | 283/863 [00:01<00:03, 181.61it/s]
Training (loss=2.4989):  33%|███████████▊                        | 283/863 [00:01<00:03, 181.61it/s]
Training (loss=2.6475):  33%|███████████▊                        | 283/863 [00:01<00:03, 181.61it/s]
Training (loss=2.6399):  33%|███████████▊                        | 283/863 [00:01<00:03, 181.61it/s]
Training (loss=2.6399):  35%|████████████▌                       | 302/863 [00:01<00:03, 181.36it/s]
Training (loss=2.5591):  35%|████████████▌                       | 302/863 [00:01<00:03, 181.36it/s]
Training (loss=2.6872):  35%|████████████▌                       | 302/863 [00:01<00:03, 181.36it/s]
Training (loss=2.7975):  35%|████████████▌                       | 302/863 [00:01<00:03, 181.36it/s]
Training (loss=2.6238):  35%|████████████▌                       | 302/863 [00:01<00:03, 181.36it/s]
Training (loss=2.6395):  35%|████████████▌                       | 302/863 [00:01<00:03, 181.36it/s]
Training (loss=2.5467):  35%|████████████▌                       | 302/863 [00:01<00:03, 181.36it/s]
Training (loss=2.6465):  35%|████████████▌                       | 302/863 [00:01<00:03, 181.36it/s]
Training (loss=2.4082):  35%|████████████▌                       | 302/863 [00:01<00:03, 181.36it/s]
Training (loss=2.5456):  35%|████████████▌                       | 302/863 [00:01<00:03, 181.36it/s]
Training (loss=2.7547):  35%|████████████▌                       | 302/863 [00:01<00:03, 181.36it/s]
Training (loss=2.6156):  35%|████████████▌                       | 302/863 [00:01<00:03, 181.36it/s]
Training (loss=2.6594):  35%|████████████▌                       | 302/863 [00:01<00:03, 181.36it/s]
Training (loss=2.5791):  35%|████████████▌                       | 302/863 [00:01<00:03, 181.36it/s]
Training (loss=2.5154):  35%|████████████▌                       | 302/863 [00:01<00:03, 181.36it/s]
Training (loss=2.7646):  35%|████████████▌                       | 302/863 [00:01<00:03, 181.36it/s]
Training (loss=2.5110):  35%|████████████▌                       | 302/863 [00:01<00:03, 181.36it/s]
Training (loss=2.4076):  35%|████████████▌                       | 302/863 [00:01<00:03, 181.36it/s]
Training (loss=2.8543):  35%|████████████▌                       | 302/863 [00:01<00:03, 181.36it/s]
Training (loss=2.5730):  35%|████████████▌                       | 302/863 [00:01<00:03, 181.36it/s]
Training (loss=2.5730):  37%|█████████████▍                      | 321/863 [00:01<00:03, 180.00it/s]
Training (loss=2.4563):  37%|█████████████▍                      | 321/863 [00:01<00:03, 180.00it/s]
Training (loss=2.5969):  37%|█████████████▍                      | 321/863 [00:01<00:03, 180.00it/s]
Training (loss=2.6747):  37%|█████████████▍                      | 321/863 [00:01<00:03, 180.00it/s]
Training (loss=2.6669):  37%|█████████████▍                      | 321/863 [00:01<00:03, 180.00it/s]
Training (loss=2.4999):  37%|█████████████▍                      | 321/863 [00:01<00:03, 180.00it/s]
Training (loss=2.5440):  37%|█████████████▍                      | 321/863 [00:01<00:03, 180.00it/s]
Training (loss=2.5651):  37%|█████████████▍                      | 321/863 [00:01<00:03, 180.00it/s]
Training (loss=2.5000):  37%|█████████████▍                      | 321/863 [00:01<00:03, 180.00it/s]
Training (loss=2.6546):  37%|█████████████▍                      | 321/863 [00:01<00:03, 180.00it/s]
Training (loss=2.7598):  37%|█████████████▍                      | 321/863 [00:01<00:03, 180.00it/s]
Training (loss=2.6434):  37%|█████████████▍                      | 321/863 [00:01<00:03, 180.00it/s]
Training (loss=2.4936):  37%|█████████████▍                      | 321/863 [00:02<00:03, 180.00it/s]
Training (loss=2.5182):  37%|█████████████▍                      | 321/863 [00:02<00:03, 180.00it/s]
Training (loss=2.7350):  37%|█████████████▍                      | 321/863 [00:02<00:03, 180.00it/s]
Training (loss=2.6506):  37%|█████████████▍                      | 321/863 [00:02<00:03, 180.00it/s]
Training (loss=2.3590):  37%|█████████████▍                      | 321/863 [00:02<00:03, 180.00it/s]
Training (loss=2.4845):  37%|█████████████▍                      | 321/863 [00:02<00:03, 180.00it/s]
Training (loss=2.4150):  37%|█████████████▍                      | 321/863 [00:02<00:03, 180.00it/s]
Training (loss=2.4728):  37%|█████████████▍                      | 321/863 [00:02<00:03, 180.00it/s]
Training (loss=2.4728):  39%|██████████████▏                     | 340/863 [00:02<00:02, 177.59it/s]
Training (loss=2.6457):  39%|██████████████▏                     | 340/863 [00:02<00:02, 177.59it/s]
Training (loss=2.5514):  39%|██████████████▏                     | 340/863 [00:02<00:02, 177.59it/s]
Training (loss=2.5279):  39%|██████████████▏                     | 340/863 [00:02<00:02, 177.59it/s]
Training (loss=2.7411):  39%|██████████████▏                     | 340/863 [00:02<00:02, 177.59it/s]
Training (loss=2.9203):  39%|██████████████▏                     | 340/863 [00:02<00:02, 177.59it/s]
Training (loss=2.7533):  39%|██████████████▏                     | 340/863 [00:02<00:02, 177.59it/s]
Training (loss=2.5938):  39%|██████████████▏                     | 340/863 [00:02<00:02, 177.59it/s]
Training (loss=2.6979):  39%|██████████████▏                     | 340/863 [00:02<00:02, 177.59it/s]
Training (loss=2.5253):  39%|██████████████▏                     | 340/863 [00:02<00:02, 177.59it/s]
Training (loss=2.5678):  39%|██████████████▏                     | 340/863 [00:02<00:02, 177.59it/s]
Training (loss=2.5969):  39%|██████████████▏                     | 340/863 [00:02<00:02, 177.59it/s]
Training (loss=2.5451):  39%|██████████████▏                     | 340/863 [00:02<00:02, 177.59it/s]
Training (loss=2.5072):  39%|██████████████▏                     | 340/863 [00:02<00:02, 177.59it/s]
Training (loss=2.4672):  39%|██████████████▏                     | 340/863 [00:02<00:02, 177.59it/s]
Training (loss=2.6186):  39%|██████████████▏                     | 340/863 [00:02<00:02, 177.59it/s]
Training (loss=2.6078):  39%|██████████████▏                     | 340/863 [00:02<00:02, 177.59it/s]
Training (loss=2.9331):  39%|██████████████▏                     | 340/863 [00:02<00:02, 177.59it/s]
Training (loss=2.6880):  39%|██████████████▏                     | 340/863 [00:02<00:02, 177.59it/s]
Training (loss=2.6880):  41%|██████████████▉                     | 358/863 [00:02<00:02, 177.91it/s]
Training (loss=2.7500):  41%|██████████████▉                     | 358/863 [00:02<00:02, 177.91it/s]
Training (loss=2.4557):  41%|██████████████▉                     | 358/863 [00:02<00:02, 177.91it/s]
Training (loss=2.6480):  41%|██████████████▉                     | 358/863 [00:02<00:02, 177.91it/s]
Training (loss=2.5934):  41%|██████████████▉                     | 358/863 [00:02<00:02, 177.91it/s]
Training (loss=2.7595):  41%|██████████████▉                     | 358/863 [00:02<00:02, 177.91it/s]
Training (loss=2.6777):  41%|██████████████▉                     | 358/863 [00:02<00:02, 177.91it/s]
Training (loss=2.5549):  41%|██████████████▉                     | 358/863 [00:02<00:02, 177.91it/s]
Training (loss=2.7873):  41%|██████████████▉                     | 358/863 [00:02<00:02, 177.91it/s]
Training (loss=2.5366):  41%|██████████████▉                     | 358/863 [00:02<00:02, 177.91it/s]
Training (loss=2.4893):  41%|██████████████▉                     | 358/863 [00:02<00:02, 177.91it/s]
Training (loss=2.6918):  41%|██████████████▉                     | 358/863 [00:02<00:02, 177.91it/s]
Training (loss=2.6266):  41%|██████████████▉                     | 358/863 [00:02<00:02, 177.91it/s]
Training (loss=2.6162):  41%|██████████████▉                     | 358/863 [00:02<00:02, 177.91it/s]
Training (loss=2.7213):  41%|██████████████▉                     | 358/863 [00:02<00:02, 177.91it/s]
Training (loss=2.4729):  41%|██████████████▉                     | 358/863 [00:02<00:02, 177.91it/s]
Training (loss=2.6995):  41%|██████████████▉                     | 358/863 [00:02<00:02, 177.91it/s]
Training (loss=2.5623):  41%|██████████████▉                     | 358/863 [00:02<00:02, 177.91it/s]
Training (loss=2.5818):  41%|██████████████▉                     | 358/863 [00:02<00:02, 177.91it/s]
Training (loss=2.6427):  41%|██████████████▉                     | 358/863 [00:02<00:02, 177.91it/s]
Training (loss=2.6427):  44%|███████████████▋                    | 377/863 [00:02<00:02, 178.52it/s]
Training (loss=2.6139):  44%|███████████████▋                    | 377/863 [00:02<00:02, 178.52it/s]
Training (loss=2.4987):  44%|███████████████▋                    | 377/863 [00:02<00:02, 178.52it/s]
Training (loss=2.5189):  44%|███████████████▋                    | 377/863 [00:02<00:02, 178.52it/s]
Training (loss=2.5751):  44%|███████████████▋                    | 377/863 [00:02<00:02, 178.52it/s]
Training (loss=2.6443):  44%|███████████████▋                    | 377/863 [00:02<00:02, 178.52it/s]
Training (loss=2.5275):  44%|███████████████▋                    | 377/863 [00:02<00:02, 178.52it/s]
Training (loss=2.5658):  44%|███████████████▋                    | 377/863 [00:02<00:02, 178.52it/s]
Training (loss=2.5451):  44%|███████████████▋                    | 377/863 [00:02<00:02, 178.52it/s]
Training (loss=2.4997):  44%|███████████████▋                    | 377/863 [00:02<00:02, 178.52it/s]
Training (loss=2.4608):  44%|███████████████▋                    | 377/863 [00:02<00:02, 178.52it/s]
Training (loss=2.4690):  44%|███████████████▋                    | 377/863 [00:02<00:02, 178.52it/s]
Training (loss=2.7734):  44%|███████████████▋                    | 377/863 [00:02<00:02, 178.52it/s]
Training (loss=2.5828):  44%|███████████████▋                    | 377/863 [00:02<00:02, 178.52it/s]
Training (loss=2.5674):  44%|███████████████▋                    | 377/863 [00:02<00:02, 178.52it/s]
Training (loss=2.3566):  44%|███████████████▋                    | 377/863 [00:02<00:02, 178.52it/s]
Training (loss=2.5296):  44%|███████████████▋                    | 377/863 [00:02<00:02, 178.52it/s]
Training (loss=2.7228):  44%|███████████████▋                    | 377/863 [00:02<00:02, 178.52it/s]
Training (loss=2.8258):  44%|███████████████▋                    | 377/863 [00:02<00:02, 178.52it/s]
Training (loss=2.8258):  46%|████████████████▍                   | 395/863 [00:02<00:02, 177.55it/s]
Training (loss=2.4796):  46%|████████████████▍                   | 395/863 [00:02<00:02, 177.55it/s]
Training (loss=2.7151):  46%|████████████████▍                   | 395/863 [00:02<00:02, 177.55it/s]
Training (loss=2.6470):  46%|████████████████▍                   | 395/863 [00:02<00:02, 177.55it/s]
Training (loss=2.6049):  46%|████████████████▍                   | 395/863 [00:02<00:02, 177.55it/s]
Training (loss=2.6641):  46%|████████████████▍                   | 395/863 [00:02<00:02, 177.55it/s]
Training (loss=2.6491):  46%|████████████████▍                   | 395/863 [00:02<00:02, 177.55it/s]
Training (loss=2.5709):  46%|████████████████▍                   | 395/863 [00:02<00:02, 177.55it/s]
Training (loss=2.7783):  46%|████████████████▍                   | 395/863 [00:02<00:02, 177.55it/s]
Training (loss=2.5866):  46%|████████████████▍                   | 395/863 [00:02<00:02, 177.55it/s]
Training (loss=2.4775):  46%|████████████████▍                   | 395/863 [00:02<00:02, 177.55it/s]
Training (loss=2.5686):  46%|████████████████▍                   | 395/863 [00:02<00:02, 177.55it/s]
Training (loss=2.5532):  46%|████████████████▍                   | 395/863 [00:02<00:02, 177.55it/s]
Training (loss=2.5861):  46%|████████████████▍                   | 395/863 [00:02<00:02, 177.55it/s]
Training (loss=2.5723):  46%|████████████████▍                   | 395/863 [00:02<00:02, 177.55it/s]
Training (loss=2.6582):  46%|████████████████▍                   | 395/863 [00:02<00:02, 177.55it/s]
Training (loss=2.5649):  46%|████████████████▍                   | 395/863 [00:02<00:02, 177.55it/s]
Training (loss=2.7629):  46%|████████████████▍                   | 395/863 [00:02<00:02, 177.55it/s]
Training (loss=2.5432):  46%|████████████████▍                   | 395/863 [00:02<00:02, 177.55it/s]
Training (loss=2.5432):  48%|█████████████████▏                  | 413/863 [00:02<00:02, 170.89it/s]
Training (loss=2.7299):  48%|█████████████████▏                  | 413/863 [00:02<00:02, 170.89it/s]
Training (loss=2.5810):  48%|█████████████████▏                  | 413/863 [00:02<00:02, 170.89it/s]
Training (loss=2.7339):  48%|█████████████████▏                  | 413/863 [00:02<00:02, 170.89it/s]
Training (loss=2.5188):  48%|█████████████████▏                  | 413/863 [00:02<00:02, 170.89it/s]
Training (loss=2.4799):  48%|█████████████████▏                  | 413/863 [00:02<00:02, 170.89it/s]
Training (loss=2.6266):  48%|█████████████████▏                  | 413/863 [00:02<00:02, 170.89it/s]
Training (loss=2.6555):  48%|█████████████████▏                  | 413/863 [00:02<00:02, 170.89it/s]
Training (loss=2.8441):  48%|█████████████████▏                  | 413/863 [00:02<00:02, 170.89it/s]
Training (loss=2.5097):  48%|█████████████████▏                  | 413/863 [00:02<00:02, 170.89it/s]
Training (loss=2.6885):  48%|█████████████████▏                  | 413/863 [00:02<00:02, 170.89it/s]
Training (loss=2.8831):  48%|█████████████████▏                  | 413/863 [00:02<00:02, 170.89it/s]
Training (loss=2.6349):  48%|█████████████████▏                  | 413/863 [00:02<00:02, 170.89it/s]
Training (loss=2.5313):  48%|█████████████████▏                  | 413/863 [00:02<00:02, 170.89it/s]
Training (loss=2.4466):  48%|█████████████████▏                  | 413/863 [00:02<00:02, 170.89it/s]
Training (loss=2.6798):  48%|█████████████████▏                  | 413/863 [00:02<00:02, 170.89it/s]
Training (loss=2.7323):  48%|█████████████████▏                  | 413/863 [00:02<00:02, 170.89it/s]
Training (loss=2.7415):  48%|█████████████████▏                  | 413/863 [00:02<00:02, 170.89it/s]
Training (loss=2.6563):  48%|█████████████████▏                  | 413/863 [00:02<00:02, 170.89it/s]
Training (loss=2.6563):  50%|█████████████████▉                  | 431/863 [00:02<00:02, 171.51it/s]
Training (loss=2.4487):  50%|█████████████████▉                  | 431/863 [00:02<00:02, 171.51it/s]
Training (loss=2.4602):  50%|█████████████████▉                  | 431/863 [00:02<00:02, 171.51it/s]
Training (loss=2.7684):  50%|█████████████████▉                  | 431/863 [00:02<00:02, 171.51it/s]
Training (loss=2.7045):  50%|█████████████████▉                  | 431/863 [00:02<00:02, 171.51it/s]
Training (loss=2.6344):  50%|█████████████████▉                  | 431/863 [00:02<00:02, 171.51it/s]
Training (loss=2.5899):  50%|█████████████████▉                  | 431/863 [00:02<00:02, 171.51it/s]
Training (loss=2.4118):  50%|█████████████████▉                  | 431/863 [00:02<00:02, 171.51it/s]
Training (loss=2.7733):  50%|█████████████████▉                  | 431/863 [00:02<00:02, 171.51it/s]
Training (loss=2.6985):  50%|█████████████████▉                  | 431/863 [00:02<00:02, 171.51it/s]
Training (loss=2.5592):  50%|█████████████████▉                  | 431/863 [00:02<00:02, 171.51it/s]
Training (loss=2.3938):  50%|█████████████████▉                  | 431/863 [00:02<00:02, 171.51it/s]
Training (loss=2.6130):  50%|█████████████████▉                  | 431/863 [00:02<00:02, 171.51it/s]
Training (loss=2.6521):  50%|█████████████████▉                  | 431/863 [00:02<00:02, 171.51it/s]
Training (loss=2.4836):  50%|█████████████████▉                  | 431/863 [00:02<00:02, 171.51it/s]
Training (loss=2.5454):  50%|█████████████████▉                  | 431/863 [00:02<00:02, 171.51it/s]
Training (loss=2.5167):  50%|█████████████████▉                  | 431/863 [00:02<00:02, 171.51it/s]
Training (loss=2.6218):  50%|█████████████████▉                  | 431/863 [00:02<00:02, 171.51it/s]
Training (loss=2.5027):  50%|█████████████████▉                  | 431/863 [00:02<00:02, 171.51it/s]
Training (loss=2.5027):  52%|██████████████████▋                 | 449/863 [00:02<00:02, 170.04it/s]
Training (loss=2.7564):  52%|██████████████████▋                 | 449/863 [00:02<00:02, 170.04it/s]
Training (loss=2.5952):  52%|██████████████████▋                 | 449/863 [00:02<00:02, 170.04it/s]
Training (loss=2.6626):  52%|██████████████████▋                 | 449/863 [00:02<00:02, 170.04it/s]
Training (loss=2.6654):  52%|██████████████████▋                 | 449/863 [00:02<00:02, 170.04it/s]
Training (loss=2.4578):  52%|██████████████████▋                 | 449/863 [00:02<00:02, 170.04it/s]
Training (loss=2.7606):  52%|██████████████████▋                 | 449/863 [00:02<00:02, 170.04it/s]
Training (loss=2.8536):  52%|██████████████████▋                 | 449/863 [00:02<00:02, 170.04it/s]
Training (loss=2.5261):  52%|██████████████████▋                 | 449/863 [00:02<00:02, 170.04it/s]
Training (loss=2.5929):  52%|██████████████████▋                 | 449/863 [00:02<00:02, 170.04it/s]
Training (loss=2.4688):  52%|██████████████████▋                 | 449/863 [00:02<00:02, 170.04it/s]
Training (loss=2.8113):  52%|██████████████████▋                 | 449/863 [00:02<00:02, 170.04it/s]
Training (loss=2.7795):  52%|██████████████████▋                 | 449/863 [00:02<00:02, 170.04it/s]
Training (loss=2.6767):  52%|██████████████████▋                 | 449/863 [00:02<00:02, 170.04it/s]
Training (loss=2.6666):  52%|██████████████████▋                 | 449/863 [00:02<00:02, 170.04it/s]
Training (loss=2.7309):  52%|██████████████████▋                 | 449/863 [00:02<00:02, 170.04it/s]
Training (loss=2.7801):  52%|██████████████████▋                 | 449/863 [00:02<00:02, 170.04it/s]
Training (loss=2.8537):  52%|██████████████████▋                 | 449/863 [00:02<00:02, 170.04it/s]
Training (loss=2.6808):  52%|██████████████████▋                 | 449/863 [00:02<00:02, 170.04it/s]
Training (loss=2.6808):  54%|███████████████████▍                | 467/863 [00:02<00:02, 169.89it/s]
Training (loss=2.6438):  54%|███████████████████▍                | 467/863 [00:02<00:02, 169.89it/s]
Training (loss=2.8076):  54%|███████████████████▍                | 467/863 [00:02<00:02, 169.89it/s]
Training (loss=2.8403):  54%|███████████████████▍                | 467/863 [00:02<00:02, 169.89it/s]
Training (loss=2.5045):  54%|███████████████████▍                | 467/863 [00:02<00:02, 169.89it/s]
Training (loss=2.6439):  54%|███████████████████▍                | 467/863 [00:02<00:02, 169.89it/s]
Training (loss=2.6749):  54%|███████████████████▍                | 467/863 [00:02<00:02, 169.89it/s]
Training (loss=2.6397):  54%|███████████████████▍                | 467/863 [00:02<00:02, 169.89it/s]
Training (loss=2.6797):  54%|███████████████████▍                | 467/863 [00:02<00:02, 169.89it/s]
Training (loss=2.4909):  54%|███████████████████▍                | 467/863 [00:02<00:02, 169.89it/s]
Training (loss=2.5608):  54%|███████████████████▍                | 467/863 [00:02<00:02, 169.89it/s]
Training (loss=2.4535):  54%|███████████████████▍                | 467/863 [00:02<00:02, 169.89it/s]
Training (loss=2.5666):  54%|███████████████████▍                | 467/863 [00:02<00:02, 169.89it/s]
Training (loss=2.5859):  54%|███████████████████▍                | 467/863 [00:02<00:02, 169.89it/s]
Training (loss=2.6348):  54%|███████████████████▍                | 467/863 [00:02<00:02, 169.89it/s]
Training (loss=2.7021):  54%|███████████████████▍                | 467/863 [00:02<00:02, 169.89it/s]
Training (loss=2.9485):  54%|███████████████████▍                | 467/863 [00:02<00:02, 169.89it/s]
Training (loss=2.5810):  54%|███████████████████▍                | 467/863 [00:02<00:02, 169.89it/s]
Training (loss=2.5284):  54%|███████████████████▍                | 467/863 [00:02<00:02, 169.89it/s]
Training (loss=2.5284):  56%|████████████████████▏               | 485/863 [00:02<00:02, 169.44it/s]
Training (loss=2.6689):  56%|████████████████████▏               | 485/863 [00:02<00:02, 169.44it/s]
Training (loss=2.5147):  56%|████████████████████▏               | 485/863 [00:02<00:02, 169.44it/s]
Training (loss=2.7358):  56%|████████████████████▏               | 485/863 [00:02<00:02, 169.44it/s]
Training (loss=2.8762):  56%|████████████████████▏               | 485/863 [00:02<00:02, 169.44it/s]
Training (loss=2.6364):  56%|████████████████████▏               | 485/863 [00:02<00:02, 169.44it/s]
Training (loss=2.8310):  56%|████████████████████▏               | 485/863 [00:02<00:02, 169.44it/s]
Training (loss=2.7917):  56%|████████████████████▏               | 485/863 [00:02<00:02, 169.44it/s]
Training (loss=2.7699):  56%|████████████████████▏               | 485/863 [00:02<00:02, 169.44it/s]
Training (loss=2.5114):  56%|████████████████████▏               | 485/863 [00:02<00:02, 169.44it/s]
Training (loss=2.5136):  56%|████████████████████▏               | 485/863 [00:02<00:02, 169.44it/s]
Training (loss=2.6282):  56%|████████████████████▏               | 485/863 [00:02<00:02, 169.44it/s]
Training (loss=2.5685):  56%|████████████████████▏               | 485/863 [00:02<00:02, 169.44it/s]
Training (loss=2.6755):  56%|████████████████████▏               | 485/863 [00:02<00:02, 169.44it/s]
Training (loss=2.6014):  56%|████████████████████▏               | 485/863 [00:02<00:02, 169.44it/s]
Training (loss=2.5269):  56%|████████████████████▏               | 485/863 [00:03<00:02, 169.44it/s]
Training (loss=2.8996):  56%|████████████████████▏               | 485/863 [00:03<00:02, 169.44it/s]
Training (loss=2.4993):  56%|████████████████████▏               | 485/863 [00:03<00:02, 169.44it/s]
Training (loss=2.4993):  58%|████████████████████▉               | 502/863 [00:03<00:02, 160.08it/s]
Training (loss=2.5708):  58%|████████████████████▉               | 502/863 [00:03<00:02, 160.08it/s]
Training (loss=2.6636):  58%|████████████████████▉               | 502/863 [00:03<00:02, 160.08it/s]
Training (loss=2.5334):  58%|████████████████████▉               | 502/863 [00:03<00:02, 160.08it/s]
Training (loss=2.7968):  58%|████████████████████▉               | 502/863 [00:03<00:02, 160.08it/s]
Training (loss=2.8189):  58%|████████████████████▉               | 502/863 [00:03<00:02, 160.08it/s]
Training (loss=2.6187):  58%|████████████████████▉               | 502/863 [00:03<00:02, 160.08it/s]
Training (loss=2.8375):  58%|████████████████████▉               | 502/863 [00:03<00:02, 160.08it/s]
Training (loss=2.6013):  58%|████████████████████▉               | 502/863 [00:03<00:02, 160.08it/s]
Training (loss=2.7503):  58%|████████████████████▉               | 502/863 [00:03<00:02, 160.08it/s]
Training (loss=2.6601):  58%|████████████████████▉               | 502/863 [00:03<00:02, 160.08it/s]
Training (loss=2.4863):  58%|████████████████████▉               | 502/863 [00:03<00:02, 160.08it/s]
Training (loss=2.5187):  58%|████████████████████▉               | 502/863 [00:03<00:02, 160.08it/s]
Training (loss=2.5676):  58%|████████████████████▉               | 502/863 [00:03<00:02, 160.08it/s]
Training (loss=2.3941):  58%|████████████████████▉               | 502/863 [00:03<00:02, 160.08it/s]
Training (loss=2.4929):  58%|████████████████████▉               | 502/863 [00:03<00:02, 160.08it/s]
Training (loss=2.6042):  58%|████████████████████▉               | 502/863 [00:03<00:02, 160.08it/s]
Training (loss=2.7453):  58%|████████████████████▉               | 502/863 [00:03<00:02, 160.08it/s]
Training (loss=2.4456):  58%|████████████████████▉               | 502/863 [00:03<00:02, 160.08it/s]
Training (loss=2.8177):  58%|████████████████████▉               | 502/863 [00:03<00:02, 160.08it/s]
Training (loss=2.8177):  60%|█████████████████████▋              | 521/863 [00:03<00:02, 166.75it/s]
Training (loss=2.7473):  60%|█████████████████████▋              | 521/863 [00:03<00:02, 166.75it/s]
Training (loss=2.5331):  60%|█████████████████████▋              | 521/863 [00:03<00:02, 166.75it/s]
Training (loss=2.5134):  60%|█████████████████████▋              | 521/863 [00:03<00:02, 166.75it/s]
Training (loss=2.6172):  60%|█████████████████████▋              | 521/863 [00:03<00:02, 166.75it/s]
Training (loss=2.4679):  60%|█████████████████████▋              | 521/863 [00:03<00:02, 166.75it/s]
Training (loss=2.6426):  60%|█████████████████████▋              | 521/863 [00:03<00:02, 166.75it/s]
Training (loss=2.5674):  60%|█████████████████████▋              | 521/863 [00:03<00:02, 166.75it/s]
Training (loss=2.5662):  60%|█████████████████████▋              | 521/863 [00:03<00:02, 166.75it/s]
Training (loss=2.4476):  60%|█████████████████████▋              | 521/863 [00:03<00:02, 166.75it/s]
Training (loss=2.8041):  60%|█████████████████████▋              | 521/863 [00:03<00:02, 166.75it/s]
Training (loss=2.5008):  60%|█████████████████████▋              | 521/863 [00:03<00:02, 166.75it/s]
Training (loss=2.6437):  60%|█████████████████████▋              | 521/863 [00:03<00:02, 166.75it/s]
Training (loss=2.6500):  60%|█████████████████████▋              | 521/863 [00:03<00:02, 166.75it/s]
Training (loss=2.6831):  60%|█████████████████████▋              | 521/863 [00:03<00:02, 166.75it/s]
Training (loss=2.4941):  60%|█████████████████████▋              | 521/863 [00:03<00:02, 166.75it/s]
Training (loss=2.5888):  60%|█████████████████████▋              | 521/863 [00:03<00:02, 166.75it/s]
Training (loss=2.5776):  60%|█████████████████████▋              | 521/863 [00:03<00:02, 166.75it/s]
Training (loss=2.5617):  60%|█████████████████████▋              | 521/863 [00:03<00:02, 166.75it/s]
Training (loss=2.6402):  60%|█████████████████████▋              | 521/863 [00:03<00:02, 166.75it/s]
Training (loss=2.6402):  63%|██████████████████████▌             | 540/863 [00:03<00:01, 172.88it/s]
Training (loss=2.6470):  63%|██████████████████████▌             | 540/863 [00:03<00:01, 172.88it/s]
Training (loss=2.4060):  63%|██████████████████████▌             | 540/863 [00:03<00:01, 172.88it/s]
Training (loss=2.6046):  63%|██████████████████████▌             | 540/863 [00:03<00:01, 172.88it/s]
Training (loss=2.6326):  63%|██████████████████████▌             | 540/863 [00:03<00:01, 172.88it/s]
Training (loss=2.6610):  63%|██████████████████████▌             | 540/863 [00:03<00:01, 172.88it/s]
Training (loss=2.7784):  63%|██████████████████████▌             | 540/863 [00:03<00:01, 172.88it/s]
Training (loss=2.6223):  63%|██████████████████████▌             | 540/863 [00:03<00:01, 172.88it/s]
Training (loss=2.6236):  63%|██████████████████████▌             | 540/863 [00:03<00:01, 172.88it/s]
Training (loss=2.7286):  63%|██████████████████████▌             | 540/863 [00:03<00:01, 172.88it/s]
Training (loss=2.6136):  63%|██████████████████████▌             | 540/863 [00:03<00:01, 172.88it/s]
Training (loss=2.8799):  63%|██████████████████████▌             | 540/863 [00:03<00:01, 172.88it/s]
Training (loss=2.5405):  63%|██████████████████████▌             | 540/863 [00:03<00:01, 172.88it/s]
Training (loss=2.6709):  63%|██████████████████████▌             | 540/863 [00:03<00:01, 172.88it/s]
Training (loss=2.5306):  63%|██████████████████████▌             | 540/863 [00:03<00:01, 172.88it/s]
Training (loss=2.6212):  63%|██████████████████████▌             | 540/863 [00:03<00:01, 172.88it/s]
Training (loss=2.7075):  63%|██████████████████████▌             | 540/863 [00:03<00:01, 172.88it/s]
Training (loss=2.5809):  63%|██████████████████████▌             | 540/863 [00:03<00:01, 172.88it/s]
Training (loss=2.4251):  63%|██████████████████████▌             | 540/863 [00:03<00:01, 172.88it/s]
Training (loss=2.4251):  65%|███████████████████████▉             | 558/863 [00:03<00:03, 91.94it/s]
Training (loss=2.8126):  65%|███████████████████████▉             | 558/863 [00:03<00:03, 91.94it/s]
Training (loss=2.6081):  65%|███████████████████████▉             | 558/863 [00:03<00:03, 91.94it/s]
Training (loss=2.5299):  65%|███████████████████████▉             | 558/863 [00:03<00:03, 91.94it/s]
Training (loss=2.5581):  65%|███████████████████████▉             | 558/863 [00:03<00:03, 91.94it/s]
Training (loss=2.4381):  65%|███████████████████████▉             | 558/863 [00:03<00:03, 91.94it/s]
Training (loss=2.7303):  65%|███████████████████████▉             | 558/863 [00:03<00:03, 91.94it/s]
Training (loss=2.3625):  65%|███████████████████████▉             | 558/863 [00:03<00:03, 91.94it/s]
Training (loss=2.6579):  65%|███████████████████████▉             | 558/863 [00:03<00:03, 91.94it/s]
Training (loss=2.4599):  65%|███████████████████████▉             | 558/863 [00:03<00:03, 91.94it/s]
Training (loss=2.5639):  65%|███████████████████████▉             | 558/863 [00:03<00:03, 91.94it/s]
Training (loss=2.3909):  65%|███████████████████████▉             | 558/863 [00:03<00:03, 91.94it/s]
Training (loss=2.5745):  65%|███████████████████████▉             | 558/863 [00:03<00:03, 91.94it/s]
Training (loss=2.5088):  65%|███████████████████████▉             | 558/863 [00:03<00:03, 91.94it/s]
Training (loss=2.6497):  65%|███████████████████████▉             | 558/863 [00:03<00:03, 91.94it/s]
Training (loss=2.6698):  65%|███████████████████████▉             | 558/863 [00:03<00:03, 91.94it/s]
Training (loss=2.5456):  65%|███████████████████████▉             | 558/863 [00:03<00:03, 91.94it/s]
Training (loss=2.6552):  65%|███████████████████████▉             | 558/863 [00:03<00:03, 91.94it/s]
Training (loss=2.8236):  65%|███████████████████████▉             | 558/863 [00:03<00:03, 91.94it/s]
Training (loss=2.7013):  65%|███████████████████████▉             | 558/863 [00:03<00:03, 91.94it/s]
Training (loss=2.7013):  67%|████████████████████████            | 577/863 [00:03<00:02, 108.59it/s]
Training (loss=2.3350):  67%|████████████████████████            | 577/863 [00:03<00:02, 108.59it/s]
Training (loss=2.5985):  67%|████████████████████████            | 577/863 [00:03<00:02, 108.59it/s]
Training (loss=2.6382):  67%|████████████████████████            | 577/863 [00:03<00:02, 108.59it/s]
Training (loss=2.6610):  67%|████████████████████████            | 577/863 [00:03<00:02, 108.59it/s]
Training (loss=2.6891):  67%|████████████████████████            | 577/863 [00:03<00:02, 108.59it/s]
Training (loss=2.5421):  67%|████████████████████████            | 577/863 [00:03<00:02, 108.59it/s]
Training (loss=2.5392):  67%|████████████████████████            | 577/863 [00:03<00:02, 108.59it/s]
Training (loss=2.5246):  67%|████████████████████████            | 577/863 [00:03<00:02, 108.59it/s]
Training (loss=2.8564):  67%|████████████████████████            | 577/863 [00:03<00:02, 108.59it/s]
Training (loss=2.7014):  67%|████████████████████████            | 577/863 [00:03<00:02, 108.59it/s]
Training (loss=2.4147):  67%|████████████████████████            | 577/863 [00:03<00:02, 108.59it/s]
Training (loss=2.6606):  67%|████████████████████████            | 577/863 [00:03<00:02, 108.59it/s]
Training (loss=2.6817):  67%|████████████████████████            | 577/863 [00:03<00:02, 108.59it/s]
Training (loss=2.6187):  67%|████████████████████████            | 577/863 [00:03<00:02, 108.59it/s]
Training (loss=2.4080):  67%|████████████████████████            | 577/863 [00:03<00:02, 108.59it/s]
Training (loss=2.4351):  67%|████████████████████████            | 577/863 [00:03<00:02, 108.59it/s]
Training (loss=2.7214):  67%|████████████████████████            | 577/863 [00:03<00:02, 108.59it/s]
Training (loss=2.7931):  67%|████████████████████████            | 577/863 [00:03<00:02, 108.59it/s]
Training (loss=2.7931):  69%|████████████████████████▊           | 595/863 [00:03<00:02, 122.35it/s]
Training (loss=2.4712):  69%|████████████████████████▊           | 595/863 [00:03<00:02, 122.35it/s]
Training (loss=2.5762):  69%|████████████████████████▊           | 595/863 [00:03<00:02, 122.35it/s]
Training (loss=2.7189):  69%|████████████████████████▊           | 595/863 [00:03<00:02, 122.35it/s]
Training (loss=2.4271):  69%|████████████████████████▊           | 595/863 [00:03<00:02, 122.35it/s]
Training (loss=2.6458):  69%|████████████████████████▊           | 595/863 [00:03<00:02, 122.35it/s]
Training (loss=2.5552):  69%|████████████████████████▊           | 595/863 [00:03<00:02, 122.35it/s]
Training (loss=2.5562):  69%|████████████████████████▊           | 595/863 [00:03<00:02, 122.35it/s]
Training (loss=2.9903):  69%|████████████████████████▊           | 595/863 [00:03<00:02, 122.35it/s]
Training (loss=2.6030):  69%|████████████████████████▊           | 595/863 [00:03<00:02, 122.35it/s]
Training (loss=2.5864):  69%|████████████████████████▊           | 595/863 [00:03<00:02, 122.35it/s]
Training (loss=2.6072):  69%|████████████████████████▊           | 595/863 [00:03<00:02, 122.35it/s]
Training (loss=2.5122):  69%|████████████████████████▊           | 595/863 [00:03<00:02, 122.35it/s]
Training (loss=2.5373):  69%|████████████████████████▊           | 595/863 [00:03<00:02, 122.35it/s]
Training (loss=2.6443):  69%|████████████████████████▊           | 595/863 [00:03<00:02, 122.35it/s]
Training (loss=2.7052):  69%|████████████████████████▊           | 595/863 [00:03<00:02, 122.35it/s]
Training (loss=2.6916):  69%|████████████████████████▊           | 595/863 [00:03<00:02, 122.35it/s]
Training (loss=2.7088):  69%|████████████████████████▊           | 595/863 [00:03<00:02, 122.35it/s]
Training (loss=2.5844):  69%|████████████████████████▊           | 595/863 [00:03<00:02, 122.35it/s]
Training (loss=2.5844):  71%|█████████████████████████▌          | 613/863 [00:03<00:01, 134.33it/s]
Training (loss=2.6677):  71%|█████████████████████████▌          | 613/863 [00:03<00:01, 134.33it/s]
Training (loss=2.7140):  71%|█████████████████████████▌          | 613/863 [00:03<00:01, 134.33it/s]
Training (loss=2.6460):  71%|█████████████████████████▌          | 613/863 [00:03<00:01, 134.33it/s]
Training (loss=2.5169):  71%|█████████████████████████▌          | 613/863 [00:03<00:01, 134.33it/s]
Training (loss=2.7244):  71%|█████████████████████████▌          | 613/863 [00:03<00:01, 134.33it/s]
Training (loss=2.4842):  71%|█████████████████████████▌          | 613/863 [00:03<00:01, 134.33it/s]
Training (loss=2.5827):  71%|█████████████████████████▌          | 613/863 [00:03<00:01, 134.33it/s]
Training (loss=2.3551):  71%|█████████████████████████▌          | 613/863 [00:03<00:01, 134.33it/s]
Training (loss=2.5866):  71%|█████████████████████████▌          | 613/863 [00:03<00:01, 134.33it/s]
Training (loss=2.5944):  71%|█████████████████████████▌          | 613/863 [00:03<00:01, 134.33it/s]
Training (loss=2.7058):  71%|█████████████████████████▌          | 613/863 [00:04<00:01, 134.33it/s]
Training (loss=2.6252):  71%|█████████████████████████▌          | 613/863 [00:04<00:01, 134.33it/s]
Training (loss=2.7592):  71%|█████████████████████████▌          | 613/863 [00:04<00:01, 134.33it/s]
Training (loss=2.5463):  71%|█████████████████████████▌          | 613/863 [00:04<00:01, 134.33it/s]
Training (loss=2.5768):  71%|█████████████████████████▌          | 613/863 [00:04<00:01, 134.33it/s]
Training (loss=2.5968):  71%|█████████████████████████▌          | 613/863 [00:04<00:01, 134.33it/s]
Training (loss=2.6167):  71%|█████████████████████████▌          | 613/863 [00:04<00:01, 134.33it/s]
Training (loss=2.5837):  71%|█████████████████████████▌          | 613/863 [00:04<00:01, 134.33it/s]
Training (loss=2.7751):  71%|█████████████████████████▌          | 613/863 [00:04<00:01, 134.33it/s]
Training (loss=2.7751):  73%|██████████████████████████▎         | 632/863 [00:04<00:01, 146.80it/s]
Training (loss=2.4811):  73%|██████████████████████████▎         | 632/863 [00:04<00:01, 146.80it/s]
Training (loss=2.4785):  73%|██████████████████████████▎         | 632/863 [00:04<00:01, 146.80it/s]
Training (loss=2.4597):  73%|██████████████████████████▎         | 632/863 [00:04<00:01, 146.80it/s]
Training (loss=2.4785):  73%|██████████████████████████▎         | 632/863 [00:04<00:01, 146.80it/s]
Training (loss=2.6638):  73%|██████████████████████████▎         | 632/863 [00:04<00:01, 146.80it/s]
Training (loss=2.3772):  73%|██████████████████████████▎         | 632/863 [00:04<00:01, 146.80it/s]
Training (loss=2.5468):  73%|██████████████████████████▎         | 632/863 [00:04<00:01, 146.80it/s]
Training (loss=2.7394):  73%|██████████████████████████▎         | 632/863 [00:04<00:01, 146.80it/s]
Training (loss=2.5681):  73%|██████████████████████████▎         | 632/863 [00:04<00:01, 146.80it/s]
Training (loss=2.5568):  73%|██████████████████████████▎         | 632/863 [00:04<00:01, 146.80it/s]
Training (loss=2.5733):  73%|██████████████████████████▎         | 632/863 [00:04<00:01, 146.80it/s]
Training (loss=2.7322):  73%|██████████████████████████▎         | 632/863 [00:04<00:01, 146.80it/s]
Training (loss=2.6348):  73%|██████████████████████████▎         | 632/863 [00:04<00:01, 146.80it/s]
Training (loss=2.8270):  73%|██████████████████████████▎         | 632/863 [00:04<00:01, 146.80it/s]
Training (loss=2.5224):  73%|██████████████████████████▎         | 632/863 [00:04<00:01, 146.80it/s]
Training (loss=2.4881):  73%|██████████████████████████▎         | 632/863 [00:04<00:01, 146.80it/s]
Training (loss=2.4110):  73%|██████████████████████████▎         | 632/863 [00:04<00:01, 146.80it/s]
Training (loss=2.3926):  73%|██████████████████████████▎         | 632/863 [00:04<00:01, 146.80it/s]
Training (loss=2.3926):  75%|███████████████████████████         | 650/863 [00:04<00:01, 154.61it/s]
Training (loss=2.6056):  75%|███████████████████████████         | 650/863 [00:04<00:01, 154.61it/s]
Training (loss=2.5854):  75%|███████████████████████████         | 650/863 [00:04<00:01, 154.61it/s]
Training (loss=2.6936):  75%|███████████████████████████         | 650/863 [00:04<00:01, 154.61it/s]
Training (loss=2.4845):  75%|███████████████████████████         | 650/863 [00:04<00:01, 154.61it/s]
Training (loss=2.6169):  75%|███████████████████████████         | 650/863 [00:04<00:01, 154.61it/s]
Training (loss=2.6666):  75%|███████████████████████████         | 650/863 [00:04<00:01, 154.61it/s]
Training (loss=2.6082):  75%|███████████████████████████         | 650/863 [00:04<00:01, 154.61it/s]
Training (loss=2.5154):  75%|███████████████████████████         | 650/863 [00:04<00:01, 154.61it/s]
Training (loss=2.6604):  75%|███████████████████████████         | 650/863 [00:04<00:01, 154.61it/s]
Training (loss=2.6268):  75%|███████████████████████████         | 650/863 [00:04<00:01, 154.61it/s]
Training (loss=2.6547):  75%|███████████████████████████         | 650/863 [00:04<00:01, 154.61it/s]
Training (loss=2.3713):  75%|███████████████████████████         | 650/863 [00:04<00:01, 154.61it/s]
Training (loss=2.4629):  75%|███████████████████████████         | 650/863 [00:04<00:01, 154.61it/s]
Training (loss=2.5168):  75%|███████████████████████████         | 650/863 [00:04<00:01, 154.61it/s]
Training (loss=2.6551):  75%|███████████████████████████         | 650/863 [00:04<00:01, 154.61it/s]
Training (loss=2.5806):  75%|███████████████████████████         | 650/863 [00:04<00:01, 154.61it/s]
Training (loss=2.6525):  75%|███████████████████████████         | 650/863 [00:04<00:01, 154.61it/s]
Training (loss=2.6872):  75%|███████████████████████████         | 650/863 [00:04<00:01, 154.61it/s]
Training (loss=2.6872):  77%|███████████████████████████▊        | 668/863 [00:04<00:01, 155.95it/s]
Training (loss=2.6231):  77%|███████████████████████████▊        | 668/863 [00:04<00:01, 155.95it/s]
Training (loss=2.6233):  77%|███████████████████████████▊        | 668/863 [00:04<00:01, 155.95it/s]
Training (loss=2.6573):  77%|███████████████████████████▊        | 668/863 [00:04<00:01, 155.95it/s]
Training (loss=2.6907):  77%|███████████████████████████▊        | 668/863 [00:04<00:01, 155.95it/s]
Training (loss=2.6885):  77%|███████████████████████████▊        | 668/863 [00:04<00:01, 155.95it/s]
Training (loss=2.4762):  77%|███████████████████████████▊        | 668/863 [00:04<00:01, 155.95it/s]
Training (loss=2.6174):  77%|███████████████████████████▊        | 668/863 [00:04<00:01, 155.95it/s]
Training (loss=2.5153):  77%|███████████████████████████▊        | 668/863 [00:04<00:01, 155.95it/s]
Training (loss=2.4397):  77%|███████████████████████████▊        | 668/863 [00:04<00:01, 155.95it/s]
Training (loss=2.7446):  77%|███████████████████████████▊        | 668/863 [00:04<00:01, 155.95it/s]
Training (loss=2.5889):  77%|███████████████████████████▊        | 668/863 [00:04<00:01, 155.95it/s]
Training (loss=2.6622):  77%|███████████████████████████▊        | 668/863 [00:04<00:01, 155.95it/s]
Training (loss=2.5573):  77%|███████████████████████████▊        | 668/863 [00:04<00:01, 155.95it/s]
Training (loss=2.6222):  77%|███████████████████████████▊        | 668/863 [00:04<00:01, 155.95it/s]
Training (loss=2.4007):  77%|███████████████████████████▊        | 668/863 [00:04<00:01, 155.95it/s]
Training (loss=2.3630):  77%|███████████████████████████▊        | 668/863 [00:04<00:01, 155.95it/s]
Training (loss=2.4762):  77%|███████████████████████████▊        | 668/863 [00:04<00:01, 155.95it/s]
Training (loss=2.4762):  79%|████████████████████████████▌       | 685/863 [00:04<00:01, 158.39it/s]
Training (loss=2.7564):  79%|████████████████████████████▌       | 685/863 [00:04<00:01, 158.39it/s]
Training (loss=2.5715):  79%|████████████████████████████▌       | 685/863 [00:04<00:01, 158.39it/s]
Training (loss=2.6324):  79%|████████████████████████████▌       | 685/863 [00:04<00:01, 158.39it/s]
Training (loss=2.4459):  79%|████████████████████████████▌       | 685/863 [00:04<00:01, 158.39it/s]
Training (loss=2.7388):  79%|████████████████████████████▌       | 685/863 [00:04<00:01, 158.39it/s]
Training (loss=2.6922):  79%|████████████████████████████▌       | 685/863 [00:04<00:01, 158.39it/s]
Training (loss=2.6522):  79%|████████████████████████████▌       | 685/863 [00:04<00:01, 158.39it/s]
Training (loss=2.4457):  79%|████████████████████████████▌       | 685/863 [00:04<00:01, 158.39it/s]
Training (loss=2.5653):  79%|████████████████████████████▌       | 685/863 [00:04<00:01, 158.39it/s]
Training (loss=2.7608):  79%|████████████████████████████▌       | 685/863 [00:04<00:01, 158.39it/s]
Training (loss=2.6570):  79%|████████████████████████████▌       | 685/863 [00:04<00:01, 158.39it/s]
Training (loss=2.5011):  79%|████████████████████████████▌       | 685/863 [00:04<00:01, 158.39it/s]
Training (loss=2.3824):  79%|████████████████████████████▌       | 685/863 [00:04<00:01, 158.39it/s]
Training (loss=2.7456):  79%|████████████████████████████▌       | 685/863 [00:04<00:01, 158.39it/s]
Training (loss=2.4824):  79%|████████████████████████████▌       | 685/863 [00:04<00:01, 158.39it/s]
Training (loss=2.7803):  79%|████████████████████████████▌       | 685/863 [00:04<00:01, 158.39it/s]
Training (loss=2.5897):  79%|████████████████████████████▌       | 685/863 [00:04<00:01, 158.39it/s]
Training (loss=2.5897):  81%|█████████████████████████████▎      | 702/863 [00:04<00:01, 159.44it/s]
Training (loss=2.6256):  81%|█████████████████████████████▎      | 702/863 [00:04<00:01, 159.44it/s]
Training (loss=2.6482):  81%|█████████████████████████████▎      | 702/863 [00:04<00:01, 159.44it/s]
Training (loss=2.6297):  81%|█████████████████████████████▎      | 702/863 [00:04<00:01, 159.44it/s]
Training (loss=2.7381):  81%|█████████████████████████████▎      | 702/863 [00:04<00:01, 159.44it/s]
Training (loss=2.7320):  81%|█████████████████████████████▎      | 702/863 [00:04<00:01, 159.44it/s]
Training (loss=2.6195):  81%|█████████████████████████████▎      | 702/863 [00:04<00:01, 159.44it/s]
Training (loss=2.4638):  81%|█████████████████████████████▎      | 702/863 [00:04<00:01, 159.44it/s]
Training (loss=2.6588):  81%|█████████████████████████████▎      | 702/863 [00:04<00:01, 159.44it/s]
Training (loss=2.4919):  81%|█████████████████████████████▎      | 702/863 [00:04<00:01, 159.44it/s]
Training (loss=2.5873):  81%|█████████████████████████████▎      | 702/863 [00:04<00:01, 159.44it/s]
Training (loss=2.5473):  81%|█████████████████████████████▎      | 702/863 [00:04<00:01, 159.44it/s]
Training (loss=2.5991):  81%|█████████████████████████████▎      | 702/863 [00:04<00:01, 159.44it/s]
Training (loss=2.5913):  81%|█████████████████████████████▎      | 702/863 [00:04<00:01, 159.44it/s]
Training (loss=2.6507):  81%|█████████████████████████████▎      | 702/863 [00:04<00:01, 159.44it/s]
Training (loss=2.4760):  81%|█████████████████████████████▎      | 702/863 [00:04<00:01, 159.44it/s]
Training (loss=2.6987):  81%|█████████████████████████████▎      | 702/863 [00:04<00:01, 159.44it/s]
Training (loss=2.5695):  81%|█████████████████████████████▎      | 702/863 [00:04<00:01, 159.44it/s]
Training (loss=2.7036):  81%|█████████████████████████████▎      | 702/863 [00:04<00:01, 159.44it/s]
Training (loss=2.7036):  83%|██████████████████████████████      | 720/863 [00:04<00:00, 164.28it/s]
Training (loss=2.5744):  83%|██████████████████████████████      | 720/863 [00:04<00:00, 164.28it/s]
Training (loss=2.5803):  83%|██████████████████████████████      | 720/863 [00:04<00:00, 164.28it/s]
Training (loss=2.7197):  83%|██████████████████████████████      | 720/863 [00:04<00:00, 164.28it/s]
Training (loss=2.5171):  83%|██████████████████████████████      | 720/863 [00:04<00:00, 164.28it/s]
Training (loss=2.5484):  83%|██████████████████████████████      | 720/863 [00:04<00:00, 164.28it/s]
Training (loss=2.2937):  83%|██████████████████████████████      | 720/863 [00:04<00:00, 164.28it/s]
Training (loss=2.5144):  83%|██████████████████████████████      | 720/863 [00:04<00:00, 164.28it/s]
Training (loss=2.6691):  83%|██████████████████████████████      | 720/863 [00:04<00:00, 164.28it/s]
Training (loss=2.5436):  83%|██████████████████████████████      | 720/863 [00:04<00:00, 164.28it/s]
Training (loss=2.6953):  83%|██████████████████████████████      | 720/863 [00:04<00:00, 164.28it/s]
Training (loss=2.8050):  83%|██████████████████████████████      | 720/863 [00:04<00:00, 164.28it/s]
Training (loss=2.7014):  83%|██████████████████████████████      | 720/863 [00:04<00:00, 164.28it/s]
Training (loss=2.4860):  83%|██████████████████████████████      | 720/863 [00:04<00:00, 164.28it/s]
Training (loss=2.4030):  83%|██████████████████████████████      | 720/863 [00:04<00:00, 164.28it/s]
Training (loss=2.7591):  83%|██████████████████████████████      | 720/863 [00:04<00:00, 164.28it/s]
Training (loss=2.7156):  83%|██████████████████████████████      | 720/863 [00:04<00:00, 164.28it/s]
Training (loss=2.7278):  83%|██████████████████████████████      | 720/863 [00:04<00:00, 164.28it/s]
Training (loss=2.7278):  85%|██████████████████████████████▋     | 737/863 [00:04<00:00, 163.12it/s]
Training (loss=2.6479):  85%|██████████████████████████████▋     | 737/863 [00:04<00:00, 163.12it/s]
Training (loss=2.4108):  85%|██████████████████████████████▋     | 737/863 [00:04<00:00, 163.12it/s]
Training (loss=2.5121):  85%|██████████████████████████████▋     | 737/863 [00:04<00:00, 163.12it/s]
Training (loss=2.4599):  85%|██████████████████████████████▋     | 737/863 [00:04<00:00, 163.12it/s]
Training (loss=2.6578):  85%|██████████████████████████████▋     | 737/863 [00:04<00:00, 163.12it/s]
Training (loss=2.6225):  85%|██████████████████████████████▋     | 737/863 [00:04<00:00, 163.12it/s]
Training (loss=2.4482):  85%|██████████████████████████████▋     | 737/863 [00:04<00:00, 163.12it/s]
Training (loss=2.3985):  85%|██████████████████████████████▋     | 737/863 [00:04<00:00, 163.12it/s]
Training (loss=2.5189):  85%|██████████████████████████████▋     | 737/863 [00:04<00:00, 163.12it/s]
Training (loss=2.6564):  85%|██████████████████████████████▋     | 737/863 [00:04<00:00, 163.12it/s]
Training (loss=2.4177):  85%|██████████████████████████████▋     | 737/863 [00:04<00:00, 163.12it/s]
Training (loss=2.5587):  85%|██████████████████████████████▋     | 737/863 [00:04<00:00, 163.12it/s]
Training (loss=2.6484):  85%|██████████████████████████████▋     | 737/863 [00:04<00:00, 163.12it/s]
Training (loss=2.5716):  85%|██████████████████████████████▋     | 737/863 [00:04<00:00, 163.12it/s]
Training (loss=2.4338):  85%|██████████████████████████████▋     | 737/863 [00:04<00:00, 163.12it/s]
Training (loss=2.8623):  85%|██████████████████████████████▋     | 737/863 [00:04<00:00, 163.12it/s]
Training (loss=2.6050):  85%|██████████████████████████████▋     | 737/863 [00:04<00:00, 163.12it/s]
Training (loss=2.6050):  87%|███████████████████████████████▍    | 754/863 [00:04<00:00, 164.40it/s]
Training (loss=2.6093):  87%|███████████████████████████████▍    | 754/863 [00:04<00:00, 164.40it/s]
Training (loss=2.5165):  87%|███████████████████████████████▍    | 754/863 [00:04<00:00, 164.40it/s]
Training (loss=2.5797):  87%|███████████████████████████████▍    | 754/863 [00:04<00:00, 164.40it/s]
Training (loss=2.5559):  87%|███████████████████████████████▍    | 754/863 [00:04<00:00, 164.40it/s]
Training (loss=2.7524):  87%|███████████████████████████████▍    | 754/863 [00:04<00:00, 164.40it/s]
Training (loss=2.6464):  87%|███████████████████████████████▍    | 754/863 [00:04<00:00, 164.40it/s]
Training (loss=2.5688):  87%|███████████████████████████████▍    | 754/863 [00:04<00:00, 164.40it/s]
Training (loss=2.8482):  87%|███████████████████████████████▍    | 754/863 [00:04<00:00, 164.40it/s]
Training (loss=2.6939):  87%|███████████████████████████████▍    | 754/863 [00:04<00:00, 164.40it/s]
Training (loss=2.6197):  87%|███████████████████████████████▍    | 754/863 [00:04<00:00, 164.40it/s]
Training (loss=2.6326):  87%|███████████████████████████████▍    | 754/863 [00:04<00:00, 164.40it/s]
Training (loss=2.7043):  87%|███████████████████████████████▍    | 754/863 [00:04<00:00, 164.40it/s]
Training (loss=2.7475):  87%|███████████████████████████████▍    | 754/863 [00:04<00:00, 164.40it/s]
Training (loss=2.5535):  87%|███████████████████████████████▍    | 754/863 [00:04<00:00, 164.40it/s]
Training (loss=2.5583):  87%|███████████████████████████████▍    | 754/863 [00:04<00:00, 164.40it/s]
Training (loss=2.6575):  87%|███████████████████████████████▍    | 754/863 [00:04<00:00, 164.40it/s]
Training (loss=2.5358):  87%|███████████████████████████████▍    | 754/863 [00:04<00:00, 164.40it/s]
Training (loss=2.6624):  87%|███████████████████████████████▍    | 754/863 [00:04<00:00, 164.40it/s]
Training (loss=2.6624):  89%|████████████████████████████████▏   | 772/863 [00:04<00:00, 168.49it/s]
Training (loss=2.5883):  89%|████████████████████████████████▏   | 772/863 [00:04<00:00, 168.49it/s]
Training (loss=2.3305):  89%|████████████████████████████████▏   | 772/863 [00:04<00:00, 168.49it/s]
Training (loss=2.5408):  89%|████████████████████████████████▏   | 772/863 [00:04<00:00, 168.49it/s]
Training (loss=2.8543):  89%|████████████████████████████████▏   | 772/863 [00:04<00:00, 168.49it/s]
Training (loss=2.4767):  89%|████████████████████████████████▏   | 772/863 [00:04<00:00, 168.49it/s]
Training (loss=2.4749):  89%|████████████████████████████████▏   | 772/863 [00:04<00:00, 168.49it/s]
Training (loss=2.6567):  89%|████████████████████████████████▏   | 772/863 [00:04<00:00, 168.49it/s]
Training (loss=2.5764):  89%|████████████████████████████████▏   | 772/863 [00:04<00:00, 168.49it/s]
Training (loss=2.7009):  89%|████████████████████████████████▏   | 772/863 [00:04<00:00, 168.49it/s]
Training (loss=2.6075):  89%|████████████████████████████████▏   | 772/863 [00:04<00:00, 168.49it/s]
Training (loss=2.4746):  89%|████████████████████████████████▏   | 772/863 [00:04<00:00, 168.49it/s]
Training (loss=2.6896):  89%|████████████████████████████████▏   | 772/863 [00:04<00:00, 168.49it/s]
Training (loss=2.4864):  89%|████████████████████████████████▏   | 772/863 [00:04<00:00, 168.49it/s]
Training (loss=2.4461):  89%|████████████████████████████████▏   | 772/863 [00:04<00:00, 168.49it/s]
Training (loss=2.5571):  89%|████████████████████████████████▏   | 772/863 [00:04<00:00, 168.49it/s]
Training (loss=2.5518):  89%|████████████████████████████████▏   | 772/863 [00:04<00:00, 168.49it/s]
Training (loss=2.4904):  89%|████████████████████████████████▏   | 772/863 [00:04<00:00, 168.49it/s]
Training (loss=2.6736):  89%|████████████████████████████████▏   | 772/863 [00:04<00:00, 168.49it/s]
Training (loss=2.5752):  89%|████████████████████████████████▏   | 772/863 [00:04<00:00, 168.49it/s]
Training (loss=2.5752):  92%|████████████████████████████████▉   | 791/863 [00:04<00:00, 172.94it/s]
Training (loss=2.5911):  92%|████████████████████████████████▉   | 791/863 [00:04<00:00, 172.94it/s]
Training (loss=2.6706):  92%|████████████████████████████████▉   | 791/863 [00:04<00:00, 172.94it/s]
Training (loss=2.4582):  92%|████████████████████████████████▉   | 791/863 [00:04<00:00, 172.94it/s]
Training (loss=2.7404):  92%|████████████████████████████████▉   | 791/863 [00:05<00:00, 172.94it/s]
Training (loss=2.7304):  92%|████████████████████████████████▉   | 791/863 [00:05<00:00, 172.94it/s]
Training (loss=2.5963):  92%|████████████████████████████████▉   | 791/863 [00:05<00:00, 172.94it/s]
Training (loss=2.7817):  92%|████████████████████████████████▉   | 791/863 [00:05<00:00, 172.94it/s]
Training (loss=2.8379):  92%|████████████████████████████████▉   | 791/863 [00:05<00:00, 172.94it/s]
Training (loss=2.4475):  92%|████████████████████████████████▉   | 791/863 [00:05<00:00, 172.94it/s]
Training (loss=2.7730):  92%|████████████████████████████████▉   | 791/863 [00:05<00:00, 172.94it/s]
Training (loss=2.6887):  92%|████████████████████████████████▉   | 791/863 [00:05<00:00, 172.94it/s]
Training (loss=2.5613):  92%|████████████████████████████████▉   | 791/863 [00:05<00:00, 172.94it/s]
Training (loss=2.5878):  92%|████████████████████████████████▉   | 791/863 [00:05<00:00, 172.94it/s]
Training (loss=2.7531):  92%|████████████████████████████████▉   | 791/863 [00:05<00:00, 172.94it/s]
Training (loss=2.6878):  92%|████████████████████████████████▉   | 791/863 [00:05<00:00, 172.94it/s]
Training (loss=2.7057):  92%|████████████████████████████████▉   | 791/863 [00:05<00:00, 172.94it/s]
Training (loss=2.6998):  92%|████████████████████████████████▉   | 791/863 [00:05<00:00, 172.94it/s]
Training (loss=3.0066):  92%|████████████████████████████████▉   | 791/863 [00:05<00:00, 172.94it/s]
Training (loss=3.0066):  94%|█████████████████████████████████▋  | 809/863 [00:05<00:00, 167.45it/s]
Training (loss=2.6830):  94%|█████████████████████████████████▋  | 809/863 [00:05<00:00, 167.45it/s]
Training (loss=2.4575):  94%|█████████████████████████████████▋  | 809/863 [00:05<00:00, 167.45it/s]
Training (loss=2.5579):  94%|█████████████████████████████████▋  | 809/863 [00:05<00:00, 167.45it/s]
Training (loss=2.3944):  94%|█████████████████████████████████▋  | 809/863 [00:05<00:00, 167.45it/s]
Training (loss=2.6802):  94%|█████████████████████████████████▋  | 809/863 [00:05<00:00, 167.45it/s]
Training (loss=2.6296):  94%|█████████████████████████████████▋  | 809/863 [00:05<00:00, 167.45it/s]
Training (loss=2.3812):  94%|█████████████████████████████████▋  | 809/863 [00:05<00:00, 167.45it/s]
Training (loss=2.9385):  94%|█████████████████████████████████▋  | 809/863 [00:05<00:00, 167.45it/s]
Training (loss=2.6599):  94%|█████████████████████████████████▋  | 809/863 [00:05<00:00, 167.45it/s]
Training (loss=2.5424):  94%|█████████████████████████████████▋  | 809/863 [00:05<00:00, 167.45it/s]
Training (loss=2.7001):  94%|█████████████████████████████████▋  | 809/863 [00:05<00:00, 167.45it/s]
Training (loss=2.7721):  94%|█████████████████████████████████▋  | 809/863 [00:05<00:00, 167.45it/s]
Training (loss=2.5317):  94%|█████████████████████████████████▋  | 809/863 [00:05<00:00, 167.45it/s]
Training (loss=2.7858):  94%|█████████████████████████████████▋  | 809/863 [00:05<00:00, 167.45it/s]
Training (loss=2.6961):  94%|█████████████████████████████████▋  | 809/863 [00:05<00:00, 167.45it/s]
Training (loss=2.7016):  94%|█████████████████████████████████▋  | 809/863 [00:05<00:00, 167.45it/s]
Training (loss=2.5490):  94%|█████████████████████████████████▋  | 809/863 [00:05<00:00, 167.45it/s]
Training (loss=2.4555):  94%|█████████████████████████████████▋  | 809/863 [00:05<00:00, 167.45it/s]
Training (loss=2.4555):  96%|██████████████████████████████████▍ | 827/863 [00:05<00:00, 170.04it/s]
Training (loss=2.6590):  96%|██████████████████████████████████▍ | 827/863 [00:05<00:00, 170.04it/s]
Training (loss=2.5862):  96%|██████████████████████████████████▍ | 827/863 [00:05<00:00, 170.04it/s]
Training (loss=2.7189):  96%|██████████████████████████████████▍ | 827/863 [00:05<00:00, 170.04it/s]
Training (loss=2.7812):  96%|██████████████████████████████████▍ | 827/863 [00:05<00:00, 170.04it/s]
Training (loss=2.5344):  96%|██████████████████████████████████▍ | 827/863 [00:05<00:00, 170.04it/s]
Training (loss=2.5867):  96%|██████████████████████████████████▍ | 827/863 [00:05<00:00, 170.04it/s]
Training (loss=2.4791):  96%|██████████████████████████████████▍ | 827/863 [00:05<00:00, 170.04it/s]
Training (loss=2.6837):  96%|██████████████████████████████████▍ | 827/863 [00:05<00:00, 170.04it/s]
Training (loss=2.6038):  96%|██████████████████████████████████▍ | 827/863 [00:05<00:00, 170.04it/s]
Training (loss=2.8094):  96%|██████████████████████████████████▍ | 827/863 [00:05<00:00, 170.04it/s]
Training (loss=2.8400):  96%|██████████████████████████████████▍ | 827/863 [00:05<00:00, 170.04it/s]
Training (loss=2.6922):  96%|██████████████████████████████████▍ | 827/863 [00:05<00:00, 170.04it/s]
Training (loss=2.5802):  96%|██████████████████████████████████▍ | 827/863 [00:05<00:00, 170.04it/s]
Training (loss=2.5960):  96%|██████████████████████████████████▍ | 827/863 [00:05<00:00, 170.04it/s]
Training (loss=2.5874):  96%|██████████████████████████████████▍ | 827/863 [00:05<00:00, 170.04it/s]
Training (loss=2.5577):  96%|██████████████████████████████████▍ | 827/863 [00:05<00:00, 170.04it/s]
Training (loss=2.4951):  96%|██████████████████████████████████▍ | 827/863 [00:05<00:00, 170.04it/s]
Training (loss=2.5157):  96%|██████████████████████████████████▍ | 827/863 [00:05<00:00, 170.04it/s]
Training (loss=2.5157):  98%|███████████████████████████████████▏| 845/863 [00:05<00:00, 172.80it/s]
Training (loss=2.8647):  98%|███████████████████████████████████▏| 845/863 [00:05<00:00, 172.80it/s]
Training (loss=2.6386):  98%|███████████████████████████████████▏| 845/863 [00:05<00:00, 172.80it/s]
Training (loss=2.5218):  98%|███████████████████████████████████▏| 845/863 [00:05<00:00, 172.80it/s]
Training (loss=2.7442):  98%|███████████████████████████████████▏| 845/863 [00:05<00:00, 172.80it/s]
Training (loss=2.7292):  98%|███████████████████████████████████▏| 845/863 [00:05<00:00, 172.80it/s]
Training (loss=2.5733):  98%|███████████████████████████████████▏| 845/863 [00:05<00:00, 172.80it/s]
Training (loss=2.6084):  98%|███████████████████████████████████▏| 845/863 [00:05<00:00, 172.80it/s]
Training (loss=2.7972):  98%|███████████████████████████████████▏| 845/863 [00:05<00:00, 172.80it/s]
Training (loss=2.7200):  98%|███████████████████████████████████▏| 845/863 [00:05<00:00, 172.80it/s]
Training (loss=2.8299):  98%|███████████████████████████████████▏| 845/863 [00:05<00:00, 172.80it/s]
Training (loss=2.5256):  98%|███████████████████████████████████▏| 845/863 [00:05<00:00, 172.80it/s]
Training (loss=2.3594):  98%|███████████████████████████████████▏| 845/863 [00:05<00:00, 172.80it/s]
Training (loss=2.6479):  98%|███████████████████████████████████▏| 845/863 [00:05<00:00, 172.80it/s]
Training (loss=2.4989):  98%|███████████████████████████████████▏| 845/863 [00:05<00:00, 172.80it/s]
Training (loss=2.5624):  98%|███████████████████████████████████▏| 845/863 [00:05<00:00, 172.80it/s]
Training (loss=2.4851):  98%|███████████████████████████████████▏| 845/863 [00:05<00:00, 172.80it/s]
Training (loss=2.8265):  98%|███████████████████████████████████▏| 845/863 [00:05<00:00, 172.80it/s]
Training (loss=2.7772):  98%|███████████████████████████████████▏| 845/863 [00:05<00:00, 172.80it/s]
Training (loss=2.7772): 100%|████████████████████████████████████| 863/863 [00:05<00:00, 158.59it/s]
Training (loss=2.7772): 100%|████████████████████████████████████| 863/863 [00:05<00:00, 157.24it/s]
Evaluating on validation set...
Validation loss: 2.6128
Epoch 3/5 - Train loss: 2.6106, Val loss: 2.6128

Epoch 4/5

Training:   0%|                                                             | 0/863 [00:00<?, ?it/s]
Training (loss=2.7259):   0%|                                               | 0/863 [00:00<?, ?it/s]
Training (loss=2.7259):   0%|                                       | 1/863 [00:00<02:07,  6.78it/s]
Training (loss=2.5955):   0%|                                       | 1/863 [00:00<02:07,  6.78it/s]
Training (loss=2.6180):   0%|                                       | 1/863 [00:00<02:07,  6.78it/s]
Training (loss=2.4741):   0%|                                       | 1/863 [00:00<02:07,  6.78it/s]
Training (loss=2.6301):   0%|                                       | 1/863 [00:00<02:07,  6.78it/s]
Training (loss=2.5787):   0%|                                       | 1/863 [00:00<02:07,  6.78it/s]
Training (loss=2.6256):   0%|                                       | 1/863 [00:00<02:07,  6.78it/s]
Training (loss=2.6587):   0%|                                       | 1/863 [00:00<02:07,  6.78it/s]
Training (loss=2.6937):   0%|                                       | 1/863 [00:00<02:07,  6.78it/s]
Training (loss=2.7033):   0%|                                       | 1/863 [00:00<02:07,  6.78it/s]
Training (loss=2.6513):   0%|                                       | 1/863 [00:00<02:07,  6.78it/s]
Training (loss=2.6956):   0%|                                       | 1/863 [00:00<02:07,  6.78it/s]
Training (loss=2.5733):   0%|                                       | 1/863 [00:00<02:07,  6.78it/s]
Training (loss=2.7091):   0%|                                       | 1/863 [00:00<02:07,  6.78it/s]
Training (loss=2.7810):   0%|                                       | 1/863 [00:00<02:07,  6.78it/s]
Training (loss=2.6829):   0%|                                       | 1/863 [00:00<02:07,  6.78it/s]
Training (loss=2.6829):   2%|▋                                     | 16/863 [00:00<00:11, 76.95it/s]
Training (loss=2.5040):   2%|▋                                     | 16/863 [00:00<00:11, 76.95it/s]
Training (loss=2.5068):   2%|▋                                     | 16/863 [00:00<00:11, 76.95it/s]
Training (loss=2.7531):   2%|▋                                     | 16/863 [00:00<00:11, 76.95it/s]
Training (loss=2.6153):   2%|▋                                     | 16/863 [00:00<00:11, 76.95it/s]
Training (loss=2.6817):   2%|▋                                     | 16/863 [00:00<00:11, 76.95it/s]
Training (loss=2.6732):   2%|▋                                     | 16/863 [00:00<00:11, 76.95it/s]
Training (loss=2.5946):   2%|▋                                     | 16/863 [00:00<00:11, 76.95it/s]
Training (loss=2.5801):   2%|▋                                     | 16/863 [00:00<00:11, 76.95it/s]
Training (loss=2.6839):   2%|▋                                     | 16/863 [00:00<00:11, 76.95it/s]
Training (loss=2.7717):   2%|▋                                     | 16/863 [00:00<00:11, 76.95it/s]
Training (loss=2.5823):   2%|▋                                     | 16/863 [00:00<00:11, 76.95it/s]
Training (loss=2.7139):   2%|▋                                     | 16/863 [00:00<00:11, 76.95it/s]
Training (loss=2.5789):   2%|▋                                     | 16/863 [00:00<00:11, 76.95it/s]
Training (loss=2.6771):   2%|▋                                     | 16/863 [00:00<00:11, 76.95it/s]
Training (loss=2.5110):   2%|▋                                     | 16/863 [00:00<00:11, 76.95it/s]
Training (loss=2.4188):   2%|▋                                     | 16/863 [00:00<00:11, 76.95it/s]
Training (loss=2.5045):   2%|▋                                     | 16/863 [00:00<00:11, 76.95it/s]
Training (loss=2.5155):   2%|▋                                     | 16/863 [00:00<00:11, 76.95it/s]
Training (loss=2.5155):   4%|█▍                                   | 34/863 [00:00<00:06, 118.98it/s]
Training (loss=2.4436):   4%|█▍                                   | 34/863 [00:00<00:06, 118.98it/s]
Training (loss=2.7644):   4%|█▍                                   | 34/863 [00:00<00:06, 118.98it/s]
Training (loss=2.5289):   4%|█▍                                   | 34/863 [00:00<00:06, 118.98it/s]
Training (loss=2.6764):   4%|█▍                                   | 34/863 [00:00<00:06, 118.98it/s]
Training (loss=2.5030):   4%|█▍                                   | 34/863 [00:00<00:06, 118.98it/s]
Training (loss=2.7904):   4%|█▍                                   | 34/863 [00:00<00:06, 118.98it/s]
Training (loss=2.6302):   4%|█▍                                   | 34/863 [00:00<00:06, 118.98it/s]
Training (loss=2.6773):   4%|█▍                                   | 34/863 [00:00<00:06, 118.98it/s]
Training (loss=2.5413):   4%|█▍                                   | 34/863 [00:00<00:06, 118.98it/s]
Training (loss=2.5695):   4%|█▍                                   | 34/863 [00:00<00:06, 118.98it/s]
Training (loss=2.6569):   4%|█▍                                   | 34/863 [00:00<00:06, 118.98it/s]
Training (loss=2.7445):   4%|█▍                                   | 34/863 [00:00<00:06, 118.98it/s]
Training (loss=2.5959):   4%|█▍                                   | 34/863 [00:00<00:06, 118.98it/s]
Training (loss=2.6732):   4%|█▍                                   | 34/863 [00:00<00:06, 118.98it/s]
Training (loss=2.5108):   4%|█▍                                   | 34/863 [00:00<00:06, 118.98it/s]
Training (loss=2.6156):   4%|█▍                                   | 34/863 [00:00<00:06, 118.98it/s]
Training (loss=2.6969):   4%|█▍                                   | 34/863 [00:00<00:06, 118.98it/s]
Training (loss=2.6969):   6%|██▏                                  | 51/863 [00:00<00:05, 137.71it/s]
Training (loss=2.6265):   6%|██▏                                  | 51/863 [00:00<00:05, 137.71it/s]
Training (loss=2.5193):   6%|██▏                                  | 51/863 [00:00<00:05, 137.71it/s]
Training (loss=2.4711):   6%|██▏                                  | 51/863 [00:00<00:05, 137.71it/s]
Training (loss=2.6281):   6%|██▏                                  | 51/863 [00:00<00:05, 137.71it/s]
Training (loss=2.6063):   6%|██▏                                  | 51/863 [00:00<00:05, 137.71it/s]
Training (loss=2.6243):   6%|██▏                                  | 51/863 [00:00<00:05, 137.71it/s]
Training (loss=2.5832):   6%|██▏                                  | 51/863 [00:00<00:05, 137.71it/s]
Training (loss=2.7010):   6%|██▏                                  | 51/863 [00:00<00:05, 137.71it/s]
Training (loss=2.6221):   6%|██▏                                  | 51/863 [00:00<00:05, 137.71it/s]
Training (loss=2.6775):   6%|██▏                                  | 51/863 [00:00<00:05, 137.71it/s]
Training (loss=2.6114):   6%|██▏                                  | 51/863 [00:00<00:05, 137.71it/s]
Training (loss=2.3830):   6%|██▏                                  | 51/863 [00:00<00:05, 137.71it/s]
Training (loss=2.3744):   6%|██▏                                  | 51/863 [00:00<00:05, 137.71it/s]
Training (loss=2.4749):   6%|██▏                                  | 51/863 [00:00<00:05, 137.71it/s]
Training (loss=2.6021):   6%|██▏                                  | 51/863 [00:00<00:05, 137.71it/s]
Training (loss=2.5570):   6%|██▏                                  | 51/863 [00:00<00:05, 137.71it/s]
Training (loss=2.4977):   6%|██▏                                  | 51/863 [00:00<00:05, 137.71it/s]
Training (loss=2.6631):   6%|██▏                                  | 51/863 [00:00<00:05, 137.71it/s]
Training (loss=2.6631):   8%|██▉                                  | 69/863 [00:00<00:05, 149.29it/s]
Training (loss=2.4408):   8%|██▉                                  | 69/863 [00:00<00:05, 149.29it/s]
Training (loss=2.4426):   8%|██▉                                  | 69/863 [00:00<00:05, 149.29it/s]
Training (loss=2.7512):   8%|██▉                                  | 69/863 [00:00<00:05, 149.29it/s]
Training (loss=2.5688):   8%|██▉                                  | 69/863 [00:00<00:05, 149.29it/s]
Training (loss=2.5347):   8%|██▉                                  | 69/863 [00:00<00:05, 149.29it/s]
Training (loss=2.6735):   8%|██▉                                  | 69/863 [00:00<00:05, 149.29it/s]
Training (loss=2.4406):   8%|██▉                                  | 69/863 [00:00<00:05, 149.29it/s]
Training (loss=2.4991):   8%|██▉                                  | 69/863 [00:00<00:05, 149.29it/s]
Training (loss=2.8187):   8%|██▉                                  | 69/863 [00:00<00:05, 149.29it/s]
Training (loss=2.7868):   8%|██▉                                  | 69/863 [00:00<00:05, 149.29it/s]
Training (loss=2.7589):   8%|██▉                                  | 69/863 [00:00<00:05, 149.29it/s]
Training (loss=2.5859):   8%|██▉                                  | 69/863 [00:00<00:05, 149.29it/s]
Training (loss=2.6302):   8%|██▉                                  | 69/863 [00:00<00:05, 149.29it/s]
Training (loss=2.6475):   8%|██▉                                  | 69/863 [00:00<00:05, 149.29it/s]
Training (loss=2.5488):   8%|██▉                                  | 69/863 [00:00<00:05, 149.29it/s]
Training (loss=2.5962):   8%|██▉                                  | 69/863 [00:00<00:05, 149.29it/s]
Training (loss=2.5095):   8%|██▉                                  | 69/863 [00:00<00:05, 149.29it/s]
Training (loss=2.7644):   8%|██▉                                  | 69/863 [00:00<00:05, 149.29it/s]
Training (loss=2.7644):  10%|███▋                                 | 87/863 [00:00<00:04, 158.65it/s]
Training (loss=2.5369):  10%|███▋                                 | 87/863 [00:00<00:04, 158.65it/s]
Training (loss=2.5378):  10%|███▋                                 | 87/863 [00:00<00:04, 158.65it/s]
Training (loss=2.4898):  10%|███▋                                 | 87/863 [00:00<00:04, 158.65it/s]
Training (loss=2.5679):  10%|███▋                                 | 87/863 [00:00<00:04, 158.65it/s]
Training (loss=2.7239):  10%|███▋                                 | 87/863 [00:00<00:04, 158.65it/s]
Training (loss=2.7630):  10%|███▋                                 | 87/863 [00:00<00:04, 158.65it/s]
Training (loss=2.6541):  10%|███▋                                 | 87/863 [00:00<00:04, 158.65it/s]
Training (loss=2.5120):  10%|███▋                                 | 87/863 [00:00<00:04, 158.65it/s]
Training (loss=2.7027):  10%|███▋                                 | 87/863 [00:00<00:04, 158.65it/s]
Training (loss=2.6017):  10%|███▋                                 | 87/863 [00:00<00:04, 158.65it/s]
Training (loss=2.4858):  10%|███▋                                 | 87/863 [00:00<00:04, 158.65it/s]
Training (loss=2.6858):  10%|███▋                                 | 87/863 [00:00<00:04, 158.65it/s]
Training (loss=2.7199):  10%|███▋                                 | 87/863 [00:00<00:04, 158.65it/s]
Training (loss=2.6842):  10%|███▋                                 | 87/863 [00:00<00:04, 158.65it/s]
Training (loss=2.5481):  10%|███▋                                 | 87/863 [00:00<00:04, 158.65it/s]
Training (loss=2.5509):  10%|███▋                                 | 87/863 [00:00<00:04, 158.65it/s]
Training (loss=2.6072):  10%|███▋                                 | 87/863 [00:00<00:04, 158.65it/s]
Training (loss=2.6657):  10%|███▋                                 | 87/863 [00:00<00:04, 158.65it/s]
Training (loss=2.6657):  12%|████▍                               | 105/863 [00:00<00:04, 164.55it/s]
Training (loss=2.4728):  12%|████▍                               | 105/863 [00:00<00:04, 164.55it/s]
Training (loss=2.5560):  12%|████▍                               | 105/863 [00:00<00:04, 164.55it/s]
Training (loss=2.4880):  12%|████▍                               | 105/863 [00:00<00:04, 164.55it/s]
Training (loss=2.7076):  12%|████▍                               | 105/863 [00:00<00:04, 164.55it/s]
Training (loss=2.6358):  12%|████▍                               | 105/863 [00:00<00:04, 164.55it/s]
Training (loss=2.4725):  12%|████▍                               | 105/863 [00:00<00:04, 164.55it/s]
Training (loss=2.6754):  12%|████▍                               | 105/863 [00:00<00:04, 164.55it/s]
Training (loss=2.6058):  12%|████▍                               | 105/863 [00:00<00:04, 164.55it/s]
Training (loss=2.5035):  12%|████▍                               | 105/863 [00:00<00:04, 164.55it/s]
Training (loss=2.6576):  12%|████▍                               | 105/863 [00:00<00:04, 164.55it/s]
Training (loss=2.6477):  12%|████▍                               | 105/863 [00:00<00:04, 164.55it/s]
Training (loss=2.6280):  12%|████▍                               | 105/863 [00:00<00:04, 164.55it/s]
Training (loss=2.6041):  12%|████▍                               | 105/863 [00:00<00:04, 164.55it/s]
Training (loss=2.5933):  12%|████▍                               | 105/863 [00:00<00:04, 164.55it/s]
Training (loss=2.4839):  12%|████▍                               | 105/863 [00:00<00:04, 164.55it/s]
Training (loss=2.6112):  12%|████▍                               | 105/863 [00:00<00:04, 164.55it/s]
Training (loss=2.7652):  12%|████▍                               | 105/863 [00:00<00:04, 164.55it/s]
Training (loss=2.4400):  12%|████▍                               | 105/863 [00:00<00:04, 164.55it/s]
Training (loss=2.4400):  14%|█████▏                              | 123/863 [00:00<00:04, 168.83it/s]
Training (loss=2.6057):  14%|█████▏                              | 123/863 [00:00<00:04, 168.83it/s]
Training (loss=2.6857):  14%|█████▏                              | 123/863 [00:00<00:04, 168.83it/s]
Training (loss=2.5432):  14%|█████▏                              | 123/863 [00:00<00:04, 168.83it/s]
Training (loss=2.7372):  14%|█████▏                              | 123/863 [00:00<00:04, 168.83it/s]
Training (loss=2.5687):  14%|█████▏                              | 123/863 [00:00<00:04, 168.83it/s]
Training (loss=2.5274):  14%|█████▏                              | 123/863 [00:00<00:04, 168.83it/s]
Training (loss=2.7453):  14%|█████▏                              | 123/863 [00:00<00:04, 168.83it/s]
Training (loss=2.6864):  14%|█████▏                              | 123/863 [00:00<00:04, 168.83it/s]
Training (loss=2.6369):  14%|█████▏                              | 123/863 [00:00<00:04, 168.83it/s]
Training (loss=2.3806):  14%|█████▏                              | 123/863 [00:00<00:04, 168.83it/s]
Training (loss=2.6717):  14%|█████▏                              | 123/863 [00:00<00:04, 168.83it/s]
Training (loss=2.6823):  14%|█████▏                              | 123/863 [00:00<00:04, 168.83it/s]
Training (loss=2.3899):  14%|█████▏                              | 123/863 [00:00<00:04, 168.83it/s]
Training (loss=2.4566):  14%|█████▏                              | 123/863 [00:00<00:04, 168.83it/s]
Training (loss=2.7509):  14%|█████▏                              | 123/863 [00:00<00:04, 168.83it/s]
Training (loss=2.5041):  14%|█████▏                              | 123/863 [00:00<00:04, 168.83it/s]
Training (loss=2.7085):  14%|█████▏                              | 123/863 [00:00<00:04, 168.83it/s]
Training (loss=2.6387):  14%|█████▏                              | 123/863 [00:00<00:04, 168.83it/s]
Training (loss=2.6387):  16%|█████▉                              | 141/863 [00:00<00:04, 171.25it/s]
Training (loss=2.8245):  16%|█████▉                              | 141/863 [00:00<00:04, 171.25it/s]
Training (loss=2.7458):  16%|█████▉                              | 141/863 [00:00<00:04, 171.25it/s]
Training (loss=2.6398):  16%|█████▉                              | 141/863 [00:00<00:04, 171.25it/s]
Training (loss=2.7765):  16%|█████▉                              | 141/863 [00:00<00:04, 171.25it/s]
Training (loss=2.5995):  16%|█████▉                              | 141/863 [00:00<00:04, 171.25it/s]
Training (loss=2.9245):  16%|█████▉                              | 141/863 [00:00<00:04, 171.25it/s]
Training (loss=2.5398):  16%|█████▉                              | 141/863 [00:01<00:04, 171.25it/s]
Training (loss=2.6501):  16%|█████▉                              | 141/863 [00:01<00:04, 171.25it/s]
Training (loss=2.6034):  16%|█████▉                              | 141/863 [00:01<00:04, 171.25it/s]
Training (loss=2.5366):  16%|█████▉                              | 141/863 [00:01<00:04, 171.25it/s]
Training (loss=2.3751):  16%|█████▉                              | 141/863 [00:01<00:04, 171.25it/s]
Training (loss=2.7591):  16%|█████▉                              | 141/863 [00:01<00:04, 171.25it/s]
Training (loss=2.8074):  16%|█████▉                              | 141/863 [00:01<00:04, 171.25it/s]
Training (loss=2.6106):  16%|█████▉                              | 141/863 [00:01<00:04, 171.25it/s]
Training (loss=2.4260):  16%|█████▉                              | 141/863 [00:01<00:04, 171.25it/s]
Training (loss=2.5232):  16%|█████▉                              | 141/863 [00:01<00:04, 171.25it/s]
Training (loss=2.5122):  16%|█████▉                              | 141/863 [00:01<00:04, 171.25it/s]
Training (loss=2.6223):  16%|█████▉                              | 141/863 [00:01<00:04, 171.25it/s]
Training (loss=2.5228):  16%|█████▉                              | 141/863 [00:01<00:04, 171.25it/s]
Training (loss=2.5228):  19%|██████▋                             | 160/863 [00:01<00:04, 174.48it/s]
Training (loss=2.6868):  19%|██████▋                             | 160/863 [00:01<00:04, 174.48it/s]
Training (loss=2.5411):  19%|██████▋                             | 160/863 [00:01<00:04, 174.48it/s]
Training (loss=2.5599):  19%|██████▋                             | 160/863 [00:01<00:04, 174.48it/s]
Training (loss=2.5250):  19%|██████▋                             | 160/863 [00:01<00:04, 174.48it/s]
Training (loss=2.6387):  19%|██████▋                             | 160/863 [00:01<00:04, 174.48it/s]
Training (loss=2.7913):  19%|██████▋                             | 160/863 [00:01<00:04, 174.48it/s]
Training (loss=2.6549):  19%|██████▋                             | 160/863 [00:01<00:04, 174.48it/s]
Training (loss=2.5231):  19%|██████▋                             | 160/863 [00:01<00:04, 174.48it/s]
Training (loss=2.6011):  19%|██████▋                             | 160/863 [00:01<00:04, 174.48it/s]
Training (loss=2.4914):  19%|██████▋                             | 160/863 [00:01<00:04, 174.48it/s]
Training (loss=2.6203):  19%|██████▋                             | 160/863 [00:01<00:04, 174.48it/s]
Training (loss=2.6858):  19%|██████▋                             | 160/863 [00:01<00:04, 174.48it/s]
Training (loss=2.4250):  19%|██████▋                             | 160/863 [00:01<00:04, 174.48it/s]
Training (loss=2.4800):  19%|██████▋                             | 160/863 [00:01<00:04, 174.48it/s]
Training (loss=2.7281):  19%|██████▋                             | 160/863 [00:01<00:04, 174.48it/s]
Training (loss=2.5232):  19%|██████▋                             | 160/863 [00:01<00:04, 174.48it/s]
Training (loss=2.6131):  19%|██████▋                             | 160/863 [00:01<00:04, 174.48it/s]
Training (loss=2.5504):  19%|██████▋                             | 160/863 [00:01<00:04, 174.48it/s]
Training (loss=2.5504):  21%|███████▍                            | 178/863 [00:01<00:04, 169.72it/s]
Training (loss=2.6376):  21%|███████▍                            | 178/863 [00:01<00:04, 169.72it/s]
Training (loss=2.8052):  21%|███████▍                            | 178/863 [00:01<00:04, 169.72it/s]
Training (loss=2.4355):  21%|███████▍                            | 178/863 [00:01<00:04, 169.72it/s]
Training (loss=2.4871):  21%|███████▍                            | 178/863 [00:01<00:04, 169.72it/s]
Training (loss=2.7154):  21%|███████▍                            | 178/863 [00:01<00:04, 169.72it/s]
Training (loss=2.4996):  21%|███████▍                            | 178/863 [00:01<00:04, 169.72it/s]
Training (loss=2.6549):  21%|███████▍                            | 178/863 [00:01<00:04, 169.72it/s]
Training (loss=2.5006):  21%|███████▍                            | 178/863 [00:01<00:04, 169.72it/s]
Training (loss=2.4562):  21%|███████▍                            | 178/863 [00:01<00:04, 169.72it/s]
Training (loss=2.4558):  21%|███████▍                            | 178/863 [00:01<00:04, 169.72it/s]
Training (loss=2.4227):  21%|███████▍                            | 178/863 [00:01<00:04, 169.72it/s]
Training (loss=2.5361):  21%|███████▍                            | 178/863 [00:01<00:04, 169.72it/s]
Training (loss=2.6587):  21%|███████▍                            | 178/863 [00:01<00:04, 169.72it/s]
Training (loss=2.5718):  21%|███████▍                            | 178/863 [00:01<00:04, 169.72it/s]
Training (loss=2.7236):  21%|███████▍                            | 178/863 [00:01<00:04, 169.72it/s]
Training (loss=2.7722):  21%|███████▍                            | 178/863 [00:01<00:04, 169.72it/s]
Training (loss=2.6399):  21%|███████▍                            | 178/863 [00:01<00:04, 169.72it/s]
Training (loss=2.7331):  21%|███████▍                            | 178/863 [00:01<00:04, 169.72it/s]
Training (loss=2.4516):  21%|███████▍                            | 178/863 [00:01<00:04, 169.72it/s]
Training (loss=2.4516):  23%|████████▏                           | 197/863 [00:01<00:03, 174.31it/s]
Training (loss=2.4386):  23%|████████▏                           | 197/863 [00:01<00:03, 174.31it/s]
Training (loss=2.6533):  23%|████████▏                           | 197/863 [00:01<00:03, 174.31it/s]
Training (loss=2.8133):  23%|████████▏                           | 197/863 [00:01<00:03, 174.31it/s]
Training (loss=2.6806):  23%|████████▏                           | 197/863 [00:01<00:03, 174.31it/s]
Training (loss=2.6947):  23%|████████▏                           | 197/863 [00:01<00:03, 174.31it/s]
Training (loss=2.6375):  23%|████████▏                           | 197/863 [00:01<00:03, 174.31it/s]
Training (loss=2.4765):  23%|████████▏                           | 197/863 [00:01<00:03, 174.31it/s]
Training (loss=2.5992):  23%|████████▏                           | 197/863 [00:01<00:03, 174.31it/s]
Training (loss=2.5703):  23%|████████▏                           | 197/863 [00:01<00:03, 174.31it/s]
Training (loss=2.6646):  23%|████████▏                           | 197/863 [00:01<00:03, 174.31it/s]
Training (loss=2.5548):  23%|████████▏                           | 197/863 [00:01<00:03, 174.31it/s]
Training (loss=2.6124):  23%|████████▏                           | 197/863 [00:01<00:03, 174.31it/s]
Training (loss=2.5751):  23%|████████▏                           | 197/863 [00:01<00:03, 174.31it/s]
Training (loss=2.4354):  23%|████████▏                           | 197/863 [00:01<00:03, 174.31it/s]
Training (loss=2.4899):  23%|████████▏                           | 197/863 [00:01<00:03, 174.31it/s]
Training (loss=2.6594):  23%|████████▏                           | 197/863 [00:01<00:03, 174.31it/s]
Training (loss=2.5665):  23%|████████▏                           | 197/863 [00:01<00:03, 174.31it/s]
Training (loss=2.5724):  23%|████████▏                           | 197/863 [00:01<00:03, 174.31it/s]
Training (loss=2.6189):  23%|████████▏                           | 197/863 [00:01<00:03, 174.31it/s]
Training (loss=2.6189):  25%|█████████                           | 216/863 [00:01<00:03, 177.54it/s]
Training (loss=2.5325):  25%|█████████                           | 216/863 [00:01<00:03, 177.54it/s]
Training (loss=2.8134):  25%|█████████                           | 216/863 [00:01<00:03, 177.54it/s]
Training (loss=2.4012):  25%|█████████                           | 216/863 [00:01<00:03, 177.54it/s]
Training (loss=2.4609):  25%|█████████                           | 216/863 [00:01<00:03, 177.54it/s]
Training (loss=2.4152):  25%|█████████                           | 216/863 [00:01<00:03, 177.54it/s]
Training (loss=2.5032):  25%|█████████                           | 216/863 [00:01<00:03, 177.54it/s]
Training (loss=2.3596):  25%|█████████                           | 216/863 [00:01<00:03, 177.54it/s]
Training (loss=2.6592):  25%|█████████                           | 216/863 [00:01<00:03, 177.54it/s]
Training (loss=2.5747):  25%|█████████                           | 216/863 [00:01<00:03, 177.54it/s]
Training (loss=2.4732):  25%|█████████                           | 216/863 [00:01<00:03, 177.54it/s]
Training (loss=2.6086):  25%|█████████                           | 216/863 [00:01<00:03, 177.54it/s]
Training (loss=2.7897):  25%|█████████                           | 216/863 [00:01<00:03, 177.54it/s]
Training (loss=2.4948):  25%|█████████                           | 216/863 [00:01<00:03, 177.54it/s]
Training (loss=2.3962):  25%|█████████                           | 216/863 [00:01<00:03, 177.54it/s]
Training (loss=2.6013):  25%|█████████                           | 216/863 [00:01<00:03, 177.54it/s]
Training (loss=2.5353):  25%|█████████                           | 216/863 [00:01<00:03, 177.54it/s]
Training (loss=2.4646):  25%|█████████                           | 216/863 [00:01<00:03, 177.54it/s]
Training (loss=2.4655):  25%|█████████                           | 216/863 [00:01<00:03, 177.54it/s]
Training (loss=2.4655):  27%|█████████▊                          | 234/863 [00:01<00:03, 165.66it/s]
Training (loss=2.4421):  27%|█████████▊                          | 234/863 [00:01<00:03, 165.66it/s]
Training (loss=2.8312):  27%|█████████▊                          | 234/863 [00:01<00:03, 165.66it/s]
Training (loss=2.7453):  27%|█████████▊                          | 234/863 [00:01<00:03, 165.66it/s]
Training (loss=2.7319):  27%|█████████▊                          | 234/863 [00:01<00:03, 165.66it/s]
Training (loss=2.5428):  27%|█████████▊                          | 234/863 [00:01<00:03, 165.66it/s]
Training (loss=2.5686):  27%|█████████▊                          | 234/863 [00:01<00:03, 165.66it/s]
Training (loss=2.8730):  27%|█████████▊                          | 234/863 [00:01<00:03, 165.66it/s]
Training (loss=2.5100):  27%|█████████▊                          | 234/863 [00:01<00:03, 165.66it/s]
Training (loss=2.5967):  27%|█████████▊                          | 234/863 [00:01<00:03, 165.66it/s]
Training (loss=2.4470):  27%|█████████▊                          | 234/863 [00:01<00:03, 165.66it/s]
Training (loss=2.6525):  27%|█████████▊                          | 234/863 [00:01<00:03, 165.66it/s]
Training (loss=2.6011):  27%|█████████▊                          | 234/863 [00:01<00:03, 165.66it/s]
Training (loss=2.9014):  27%|█████████▊                          | 234/863 [00:01<00:03, 165.66it/s]
Training (loss=2.7713):  27%|█████████▊                          | 234/863 [00:01<00:03, 165.66it/s]
Training (loss=2.6750):  27%|█████████▊                          | 234/863 [00:01<00:03, 165.66it/s]
Training (loss=2.7192):  27%|█████████▊                          | 234/863 [00:01<00:03, 165.66it/s]
Training (loss=2.6691):  27%|█████████▊                          | 234/863 [00:01<00:03, 165.66it/s]
Training (loss=2.4270):  27%|█████████▊                          | 234/863 [00:01<00:03, 165.66it/s]
Training (loss=2.4270):  29%|██████████▌                         | 252/863 [00:01<00:03, 169.03it/s]
Training (loss=2.7389):  29%|██████████▌                         | 252/863 [00:01<00:03, 169.03it/s]
Training (loss=2.5091):  29%|██████████▌                         | 252/863 [00:01<00:03, 169.03it/s]
Training (loss=2.4403):  29%|██████████▌                         | 252/863 [00:01<00:03, 169.03it/s]
Training (loss=2.6953):  29%|██████████▌                         | 252/863 [00:01<00:03, 169.03it/s]
Training (loss=2.8251):  29%|██████████▌                         | 252/863 [00:01<00:03, 169.03it/s]
Training (loss=2.6755):  29%|██████████▌                         | 252/863 [00:01<00:03, 169.03it/s]
Training (loss=2.5849):  29%|██████████▌                         | 252/863 [00:01<00:03, 169.03it/s]
Training (loss=2.6071):  29%|██████████▌                         | 252/863 [00:01<00:03, 169.03it/s]
Training (loss=2.5111):  29%|██████████▌                         | 252/863 [00:01<00:03, 169.03it/s]
Training (loss=2.6660):  29%|██████████▌                         | 252/863 [00:01<00:03, 169.03it/s]
Training (loss=2.5881):  29%|██████████▌                         | 252/863 [00:01<00:03, 169.03it/s]
Training (loss=2.7210):  29%|██████████▌                         | 252/863 [00:01<00:03, 169.03it/s]
Training (loss=2.5633):  29%|██████████▌                         | 252/863 [00:01<00:03, 169.03it/s]
Training (loss=2.6434):  29%|██████████▌                         | 252/863 [00:01<00:03, 169.03it/s]
Training (loss=2.7702):  29%|██████████▌                         | 252/863 [00:01<00:03, 169.03it/s]
Training (loss=2.6610):  29%|██████████▌                         | 252/863 [00:01<00:03, 169.03it/s]
Training (loss=2.5772):  29%|██████████▌                         | 252/863 [00:01<00:03, 169.03it/s]
Training (loss=2.5516):  29%|██████████▌                         | 252/863 [00:01<00:03, 169.03it/s]
Training (loss=2.5516):  31%|███████████▎                        | 270/863 [00:01<00:03, 171.93it/s]
Training (loss=2.5128):  31%|███████████▎                        | 270/863 [00:01<00:03, 171.93it/s]
Training (loss=2.5085):  31%|███████████▎                        | 270/863 [00:01<00:03, 171.93it/s]
Training (loss=2.5799):  31%|███████████▎                        | 270/863 [00:01<00:03, 171.93it/s]
Training (loss=2.7992):  31%|███████████▎                        | 270/863 [00:01<00:03, 171.93it/s]
Training (loss=2.4682):  31%|███████████▎                        | 270/863 [00:01<00:03, 171.93it/s]
Training (loss=2.3163):  31%|███████████▎                        | 270/863 [00:01<00:03, 171.93it/s]
Training (loss=2.6174):  31%|███████████▎                        | 270/863 [00:01<00:03, 171.93it/s]
Training (loss=2.5422):  31%|███████████▎                        | 270/863 [00:01<00:03, 171.93it/s]
Training (loss=2.6487):  31%|███████████▎                        | 270/863 [00:01<00:03, 171.93it/s]
Training (loss=2.8947):  31%|███████████▎                        | 270/863 [00:01<00:03, 171.93it/s]
Training (loss=2.5482):  31%|███████████▎                        | 270/863 [00:01<00:03, 171.93it/s]
Training (loss=2.5670):  31%|███████████▎                        | 270/863 [00:01<00:03, 171.93it/s]
Training (loss=2.3780):  31%|███████████▎                        | 270/863 [00:01<00:03, 171.93it/s]
Training (loss=2.4426):  31%|███████████▎                        | 270/863 [00:01<00:03, 171.93it/s]
Training (loss=2.6675):  31%|███████████▎                        | 270/863 [00:01<00:03, 171.93it/s]
Training (loss=2.7960):  31%|███████████▎                        | 270/863 [00:01<00:03, 171.93it/s]
Training (loss=2.5825):  31%|███████████▎                        | 270/863 [00:01<00:03, 171.93it/s]
Training (loss=2.4970):  31%|███████████▎                        | 270/863 [00:01<00:03, 171.93it/s]
Training (loss=2.4970):  33%|████████████                        | 288/863 [00:01<00:03, 172.74it/s]
Training (loss=2.7984):  33%|████████████                        | 288/863 [00:01<00:03, 172.74it/s]
Training (loss=2.5363):  33%|████████████                        | 288/863 [00:01<00:03, 172.74it/s]
Training (loss=2.4315):  33%|████████████                        | 288/863 [00:01<00:03, 172.74it/s]
Training (loss=2.4310):  33%|████████████                        | 288/863 [00:01<00:03, 172.74it/s]
Training (loss=2.5113):  33%|████████████                        | 288/863 [00:01<00:03, 172.74it/s]
Training (loss=2.6404):  33%|████████████                        | 288/863 [00:01<00:03, 172.74it/s]
Training (loss=2.3318):  33%|████████████                        | 288/863 [00:01<00:03, 172.74it/s]
Training (loss=2.7074):  33%|████████████                        | 288/863 [00:01<00:03, 172.74it/s]
Training (loss=2.8185):  33%|████████████                        | 288/863 [00:01<00:03, 172.74it/s]
Training (loss=2.6421):  33%|████████████                        | 288/863 [00:01<00:03, 172.74it/s]
Training (loss=2.4947):  33%|████████████                        | 288/863 [00:01<00:03, 172.74it/s]
Training (loss=2.6466):  33%|████████████                        | 288/863 [00:01<00:03, 172.74it/s]
Training (loss=2.5565):  33%|████████████                        | 288/863 [00:01<00:03, 172.74it/s]
Training (loss=2.5475):  33%|████████████                        | 288/863 [00:01<00:03, 172.74it/s]
Training (loss=2.7069):  33%|████████████                        | 288/863 [00:01<00:03, 172.74it/s]
Training (loss=2.7347):  33%|████████████                        | 288/863 [00:01<00:03, 172.74it/s]
Training (loss=2.6175):  33%|████████████                        | 288/863 [00:01<00:03, 172.74it/s]
Training (loss=2.5700):  33%|████████████                        | 288/863 [00:01<00:03, 172.74it/s]
Training (loss=2.5700):  35%|████████████▊                       | 306/863 [00:01<00:03, 174.50it/s]
Training (loss=2.6697):  35%|████████████▊                       | 306/863 [00:01<00:03, 174.50it/s]
Training (loss=2.5371):  35%|████████████▊                       | 306/863 [00:01<00:03, 174.50it/s]
Training (loss=2.6469):  35%|████████████▊                       | 306/863 [00:01<00:03, 174.50it/s]
Training (loss=2.5706):  35%|████████████▊                       | 306/863 [00:01<00:03, 174.50it/s]
Training (loss=2.5193):  35%|████████████▊                       | 306/863 [00:01<00:03, 174.50it/s]
Training (loss=2.4516):  35%|████████████▊                       | 306/863 [00:01<00:03, 174.50it/s]
Training (loss=2.5111):  35%|████████████▊                       | 306/863 [00:01<00:03, 174.50it/s]
Training (loss=2.4077):  35%|████████████▊                       | 306/863 [00:01<00:03, 174.50it/s]
Training (loss=2.8395):  35%|████████████▊                       | 306/863 [00:01<00:03, 174.50it/s]
Training (loss=2.6388):  35%|████████████▊                       | 306/863 [00:01<00:03, 174.50it/s]
Training (loss=2.6693):  35%|████████████▊                       | 306/863 [00:01<00:03, 174.50it/s]
Training (loss=2.5280):  35%|████████████▊                       | 306/863 [00:01<00:03, 174.50it/s]
Training (loss=2.8362):  35%|████████████▊                       | 306/863 [00:01<00:03, 174.50it/s]
Training (loss=2.6017):  35%|████████████▊                       | 306/863 [00:01<00:03, 174.50it/s]
Training (loss=2.7002):  35%|████████████▊                       | 306/863 [00:02<00:03, 174.50it/s]
Training (loss=2.5205):  35%|████████████▊                       | 306/863 [00:02<00:03, 174.50it/s]
Training (loss=2.3991):  35%|████████████▊                       | 306/863 [00:02<00:03, 174.50it/s]
Training (loss=2.7810):  35%|████████████▊                       | 306/863 [00:02<00:03, 174.50it/s]
Training (loss=2.7810):  38%|█████████████▌                      | 324/863 [00:02<00:03, 172.62it/s]
Training (loss=2.4164):  38%|█████████████▌                      | 324/863 [00:02<00:03, 172.62it/s]
Training (loss=2.5561):  38%|█████████████▌                      | 324/863 [00:02<00:03, 172.62it/s]
Training (loss=2.6199):  38%|█████████████▌                      | 324/863 [00:02<00:03, 172.62it/s]
Training (loss=2.7899):  38%|█████████████▌                      | 324/863 [00:02<00:03, 172.62it/s]
Training (loss=2.8407):  38%|█████████████▌                      | 324/863 [00:02<00:03, 172.62it/s]
Training (loss=2.7373):  38%|█████████████▌                      | 324/863 [00:02<00:03, 172.62it/s]
Training (loss=2.7344):  38%|█████████████▌                      | 324/863 [00:02<00:03, 172.62it/s]
Training (loss=2.7474):  38%|█████████████▌                      | 324/863 [00:02<00:03, 172.62it/s]
Training (loss=2.5789):  38%|█████████████▌                      | 324/863 [00:02<00:03, 172.62it/s]
Training (loss=2.5769):  38%|█████████████▌                      | 324/863 [00:02<00:03, 172.62it/s]
Training (loss=2.5911):  38%|█████████████▌                      | 324/863 [00:02<00:03, 172.62it/s]
Training (loss=2.9194):  38%|█████████████▌                      | 324/863 [00:02<00:03, 172.62it/s]
Training (loss=2.7250):  38%|█████████████▌                      | 324/863 [00:02<00:03, 172.62it/s]
Training (loss=2.6355):  38%|█████████████▌                      | 324/863 [00:02<00:03, 172.62it/s]
Training (loss=2.6234):  38%|█████████████▌                      | 324/863 [00:02<00:03, 172.62it/s]
Training (loss=2.4839):  38%|█████████████▌                      | 324/863 [00:02<00:03, 172.62it/s]
Training (loss=2.6918):  38%|█████████████▌                      | 324/863 [00:02<00:03, 172.62it/s]
Training (loss=2.6513):  38%|█████████████▌                      | 324/863 [00:02<00:03, 172.62it/s]
Training (loss=2.6041):  38%|█████████████▌                      | 324/863 [00:02<00:03, 172.62it/s]
Training (loss=2.6041):  40%|██████████████▎                     | 343/863 [00:02<00:02, 175.10it/s]
Training (loss=2.6420):  40%|██████████████▎                     | 343/863 [00:02<00:02, 175.10it/s]
Training (loss=2.6690):  40%|██████████████▎                     | 343/863 [00:02<00:02, 175.10it/s]
Training (loss=2.5469):  40%|██████████████▎                     | 343/863 [00:02<00:02, 175.10it/s]
Training (loss=2.5768):  40%|██████████████▎                     | 343/863 [00:02<00:02, 175.10it/s]
Training (loss=2.7110):  40%|██████████████▎                     | 343/863 [00:02<00:02, 175.10it/s]
Training (loss=2.6149):  40%|██████████████▎                     | 343/863 [00:02<00:02, 175.10it/s]
Training (loss=2.7674):  40%|██████████████▎                     | 343/863 [00:02<00:02, 175.10it/s]
Training (loss=2.5817):  40%|██████████████▎                     | 343/863 [00:02<00:02, 175.10it/s]
Training (loss=2.4684):  40%|██████████████▎                     | 343/863 [00:02<00:02, 175.10it/s]
Training (loss=2.7533):  40%|██████████████▎                     | 343/863 [00:02<00:02, 175.10it/s]
Training (loss=2.6569):  40%|██████████████▎                     | 343/863 [00:02<00:02, 175.10it/s]
Training (loss=2.5509):  40%|██████████████▎                     | 343/863 [00:02<00:02, 175.10it/s]
Training (loss=2.4223):  40%|██████████████▎                     | 343/863 [00:02<00:02, 175.10it/s]
Training (loss=2.4488):  40%|██████████████▎                     | 343/863 [00:02<00:02, 175.10it/s]
Training (loss=2.6975):  40%|██████████████▎                     | 343/863 [00:02<00:02, 175.10it/s]
Training (loss=2.4787):  40%|██████████████▎                     | 343/863 [00:02<00:02, 175.10it/s]
Training (loss=2.3622):  40%|██████████████▎                     | 343/863 [00:02<00:02, 175.10it/s]
Training (loss=2.5899):  40%|██████████████▎                     | 343/863 [00:02<00:02, 175.10it/s]
Training (loss=2.5899):  42%|███████████████                     | 361/863 [00:02<00:02, 172.51it/s]
Training (loss=2.3775):  42%|███████████████                     | 361/863 [00:02<00:02, 172.51it/s]
Training (loss=2.4629):  42%|███████████████                     | 361/863 [00:02<00:02, 172.51it/s]
Training (loss=2.4988):  42%|███████████████                     | 361/863 [00:02<00:02, 172.51it/s]
Training (loss=2.8936):  42%|███████████████                     | 361/863 [00:02<00:02, 172.51it/s]
Training (loss=2.7397):  42%|███████████████                     | 361/863 [00:02<00:02, 172.51it/s]
Training (loss=2.5341):  42%|███████████████                     | 361/863 [00:02<00:02, 172.51it/s]
Training (loss=2.5451):  42%|███████████████                     | 361/863 [00:02<00:02, 172.51it/s]
Training (loss=2.5133):  42%|███████████████                     | 361/863 [00:02<00:02, 172.51it/s]
Training (loss=2.4386):  42%|███████████████                     | 361/863 [00:02<00:02, 172.51it/s]
Training (loss=2.6441):  42%|███████████████                     | 361/863 [00:02<00:02, 172.51it/s]
Training (loss=2.5665):  42%|███████████████                     | 361/863 [00:02<00:02, 172.51it/s]
Training (loss=2.5059):  42%|███████████████                     | 361/863 [00:02<00:02, 172.51it/s]
Training (loss=2.5610):  42%|███████████████                     | 361/863 [00:02<00:02, 172.51it/s]
Training (loss=2.4872):  42%|███████████████                     | 361/863 [00:02<00:02, 172.51it/s]
Training (loss=2.3366):  42%|███████████████                     | 361/863 [00:02<00:02, 172.51it/s]
Training (loss=2.4006):  42%|███████████████                     | 361/863 [00:02<00:02, 172.51it/s]
Training (loss=2.6933):  42%|███████████████                     | 361/863 [00:02<00:02, 172.51it/s]
Training (loss=2.7581):  42%|███████████████                     | 361/863 [00:02<00:02, 172.51it/s]
Training (loss=2.7581):  44%|███████████████▊                    | 379/863 [00:02<00:02, 173.66it/s]
Training (loss=2.4985):  44%|███████████████▊                    | 379/863 [00:02<00:02, 173.66it/s]
Training (loss=2.6243):  44%|███████████████▊                    | 379/863 [00:02<00:02, 173.66it/s]
Training (loss=2.4602):  44%|███████████████▊                    | 379/863 [00:02<00:02, 173.66it/s]
Training (loss=2.6149):  44%|███████████████▊                    | 379/863 [00:02<00:02, 173.66it/s]
Training (loss=2.5830):  44%|███████████████▊                    | 379/863 [00:02<00:02, 173.66it/s]
Training (loss=2.6423):  44%|███████████████▊                    | 379/863 [00:02<00:02, 173.66it/s]
Training (loss=2.4494):  44%|███████████████▊                    | 379/863 [00:02<00:02, 173.66it/s]
Training (loss=2.6271):  44%|███████████████▊                    | 379/863 [00:02<00:02, 173.66it/s]
Training (loss=2.8529):  44%|███████████████▊                    | 379/863 [00:02<00:02, 173.66it/s]
Training (loss=2.5664):  44%|███████████████▊                    | 379/863 [00:02<00:02, 173.66it/s]
Training (loss=2.7372):  44%|███████████████▊                    | 379/863 [00:02<00:02, 173.66it/s]
Training (loss=2.4568):  44%|███████████████▊                    | 379/863 [00:02<00:02, 173.66it/s]
Training (loss=2.6049):  44%|███████████████▊                    | 379/863 [00:02<00:02, 173.66it/s]
Training (loss=2.5782):  44%|███████████████▊                    | 379/863 [00:02<00:02, 173.66it/s]
Training (loss=2.6156):  44%|███████████████▊                    | 379/863 [00:02<00:02, 173.66it/s]
Training (loss=2.6746):  44%|███████████████▊                    | 379/863 [00:02<00:02, 173.66it/s]
Training (loss=2.6279):  44%|███████████████▊                    | 379/863 [00:02<00:02, 173.66it/s]
Training (loss=2.4481):  44%|███████████████▊                    | 379/863 [00:02<00:02, 173.66it/s]
Training (loss=2.4481):  46%|████████████████▌                   | 397/863 [00:02<00:02, 173.15it/s]
Training (loss=2.5104):  46%|████████████████▌                   | 397/863 [00:02<00:02, 173.15it/s]
Training (loss=2.5479):  46%|████████████████▌                   | 397/863 [00:02<00:02, 173.15it/s]
Training (loss=2.4839):  46%|████████████████▌                   | 397/863 [00:02<00:02, 173.15it/s]
Training (loss=2.6585):  46%|████████████████▌                   | 397/863 [00:02<00:02, 173.15it/s]
Training (loss=2.5535):  46%|████████████████▌                   | 397/863 [00:02<00:02, 173.15it/s]
Training (loss=2.5128):  46%|████████████████▌                   | 397/863 [00:02<00:02, 173.15it/s]
Training (loss=2.7255):  46%|████████████████▌                   | 397/863 [00:02<00:02, 173.15it/s]
Training (loss=2.5073):  46%|████████████████▌                   | 397/863 [00:02<00:02, 173.15it/s]
Training (loss=2.6147):  46%|████████████████▌                   | 397/863 [00:02<00:02, 173.15it/s]
Training (loss=2.6741):  46%|████████████████▌                   | 397/863 [00:02<00:02, 173.15it/s]
Training (loss=2.5000):  46%|████████████████▌                   | 397/863 [00:02<00:02, 173.15it/s]
Training (loss=2.7018):  46%|████████████████▌                   | 397/863 [00:02<00:02, 173.15it/s]
Training (loss=2.6759):  46%|████████████████▌                   | 397/863 [00:02<00:02, 173.15it/s]
Training (loss=2.5806):  46%|████████████████▌                   | 397/863 [00:02<00:02, 173.15it/s]
Training (loss=2.2203):  46%|████████████████▌                   | 397/863 [00:02<00:02, 173.15it/s]
Training (loss=2.7258):  46%|████████████████▌                   | 397/863 [00:02<00:02, 173.15it/s]
Training (loss=2.7506):  46%|████████████████▌                   | 397/863 [00:02<00:02, 173.15it/s]
Training (loss=2.3350):  46%|████████████████▌                   | 397/863 [00:02<00:02, 173.15it/s]
Training (loss=2.3350):  48%|█████████████████▎                  | 415/863 [00:02<00:02, 172.68it/s]
Training (loss=2.5992):  48%|█████████████████▎                  | 415/863 [00:02<00:02, 172.68it/s]
Training (loss=2.4255):  48%|█████████████████▎                  | 415/863 [00:02<00:02, 172.68it/s]
Training (loss=2.4841):  48%|█████████████████▎                  | 415/863 [00:02<00:02, 172.68it/s]
Training (loss=2.6715):  48%|█████████████████▎                  | 415/863 [00:02<00:02, 172.68it/s]
Training (loss=2.6252):  48%|█████████████████▎                  | 415/863 [00:02<00:02, 172.68it/s]
Training (loss=2.4196):  48%|█████████████████▎                  | 415/863 [00:02<00:02, 172.68it/s]
Training (loss=2.4309):  48%|█████████████████▎                  | 415/863 [00:02<00:02, 172.68it/s]
Training (loss=2.5664):  48%|█████████████████▎                  | 415/863 [00:02<00:02, 172.68it/s]
Training (loss=2.4662):  48%|█████████████████▎                  | 415/863 [00:02<00:02, 172.68it/s]
Training (loss=2.5319):  48%|█████████████████▎                  | 415/863 [00:02<00:02, 172.68it/s]
Training (loss=2.5356):  48%|█████████████████▎                  | 415/863 [00:02<00:02, 172.68it/s]
Training (loss=2.8363):  48%|█████████████████▎                  | 415/863 [00:02<00:02, 172.68it/s]
Training (loss=2.4890):  48%|█████████████████▎                  | 415/863 [00:02<00:02, 172.68it/s]
Training (loss=2.5846):  48%|█████████████████▎                  | 415/863 [00:02<00:02, 172.68it/s]
Training (loss=2.4752):  48%|█████████████████▎                  | 415/863 [00:02<00:02, 172.68it/s]
Training (loss=2.6084):  48%|█████████████████▎                  | 415/863 [00:02<00:02, 172.68it/s]
Training (loss=2.5461):  48%|█████████████████▎                  | 415/863 [00:02<00:02, 172.68it/s]
Training (loss=2.6727):  48%|█████████████████▎                  | 415/863 [00:02<00:02, 172.68it/s]
Training (loss=2.6727):  50%|██████████████████                  | 433/863 [00:02<00:02, 171.09it/s]
Training (loss=2.5733):  50%|██████████████████                  | 433/863 [00:02<00:02, 171.09it/s]
Training (loss=2.6555):  50%|██████████████████                  | 433/863 [00:02<00:02, 171.09it/s]
Training (loss=2.6463):  50%|██████████████████                  | 433/863 [00:02<00:02, 171.09it/s]
Training (loss=2.4955):  50%|██████████████████                  | 433/863 [00:02<00:02, 171.09it/s]
Training (loss=2.4602):  50%|██████████████████                  | 433/863 [00:02<00:02, 171.09it/s]
Training (loss=2.4994):  50%|██████████████████                  | 433/863 [00:02<00:02, 171.09it/s]
Training (loss=2.4030):  50%|██████████████████                  | 433/863 [00:02<00:02, 171.09it/s]
Training (loss=2.3962):  50%|██████████████████                  | 433/863 [00:02<00:02, 171.09it/s]
Training (loss=2.6400):  50%|██████████████████                  | 433/863 [00:02<00:02, 171.09it/s]
Training (loss=2.4801):  50%|██████████████████                  | 433/863 [00:02<00:02, 171.09it/s]
Training (loss=2.5015):  50%|██████████████████                  | 433/863 [00:02<00:02, 171.09it/s]
Training (loss=2.5522):  50%|██████████████████                  | 433/863 [00:02<00:02, 171.09it/s]
Training (loss=2.6643):  50%|██████████████████                  | 433/863 [00:02<00:02, 171.09it/s]
Training (loss=2.5954):  50%|██████████████████                  | 433/863 [00:02<00:02, 171.09it/s]
Training (loss=2.5567):  50%|██████████████████                  | 433/863 [00:02<00:02, 171.09it/s]
Training (loss=2.5610):  50%|██████████████████                  | 433/863 [00:02<00:02, 171.09it/s]
Training (loss=2.6015):  50%|██████████████████                  | 433/863 [00:02<00:02, 171.09it/s]
Training (loss=2.4565):  50%|██████████████████                  | 433/863 [00:02<00:02, 171.09it/s]
Training (loss=2.4565):  52%|██████████████████▊                 | 451/863 [00:02<00:02, 171.36it/s]
Training (loss=2.3990):  52%|██████████████████▊                 | 451/863 [00:02<00:02, 171.36it/s]
Training (loss=2.5481):  52%|██████████████████▊                 | 451/863 [00:02<00:02, 171.36it/s]
Training (loss=2.6033):  52%|██████████████████▊                 | 451/863 [00:02<00:02, 171.36it/s]
Training (loss=2.5453):  52%|██████████████████▊                 | 451/863 [00:02<00:02, 171.36it/s]
Training (loss=2.5052):  52%|██████████████████▊                 | 451/863 [00:02<00:02, 171.36it/s]
Training (loss=2.5307):  52%|██████████████████▊                 | 451/863 [00:02<00:02, 171.36it/s]
Training (loss=2.6560):  52%|██████████████████▊                 | 451/863 [00:02<00:02, 171.36it/s]
Training (loss=2.7999):  52%|██████████████████▊                 | 451/863 [00:02<00:02, 171.36it/s]
Training (loss=2.4812):  52%|██████████████████▊                 | 451/863 [00:02<00:02, 171.36it/s]
Training (loss=2.4916):  52%|██████████████████▊                 | 451/863 [00:02<00:02, 171.36it/s]
Training (loss=2.5985):  52%|██████████████████▊                 | 451/863 [00:02<00:02, 171.36it/s]
Training (loss=2.3333):  52%|██████████████████▊                 | 451/863 [00:02<00:02, 171.36it/s]
Training (loss=2.6953):  52%|██████████████████▊                 | 451/863 [00:02<00:02, 171.36it/s]
Training (loss=2.7486):  52%|██████████████████▊                 | 451/863 [00:02<00:02, 171.36it/s]
Training (loss=2.7212):  52%|██████████████████▊                 | 451/863 [00:02<00:02, 171.36it/s]
Training (loss=2.7446):  52%|██████████████████▊                 | 451/863 [00:02<00:02, 171.36it/s]
Training (loss=2.5590):  52%|██████████████████▊                 | 451/863 [00:02<00:02, 171.36it/s]
Training (loss=2.5618):  52%|██████████████████▊                 | 451/863 [00:02<00:02, 171.36it/s]
Training (loss=2.5618):  54%|███████████████████▌                | 469/863 [00:02<00:02, 169.67it/s]
Training (loss=2.6932):  54%|███████████████████▌                | 469/863 [00:02<00:02, 169.67it/s]
Training (loss=2.5188):  54%|███████████████████▌                | 469/863 [00:02<00:02, 169.67it/s]
Training (loss=2.3719):  54%|███████████████████▌                | 469/863 [00:02<00:02, 169.67it/s]
Training (loss=2.5904):  54%|███████████████████▌                | 469/863 [00:02<00:02, 169.67it/s]
Training (loss=2.6441):  54%|███████████████████▌                | 469/863 [00:02<00:02, 169.67it/s]
Training (loss=2.4749):  54%|███████████████████▌                | 469/863 [00:02<00:02, 169.67it/s]
Training (loss=2.5685):  54%|███████████████████▌                | 469/863 [00:02<00:02, 169.67it/s]
Training (loss=2.4898):  54%|███████████████████▌                | 469/863 [00:02<00:02, 169.67it/s]
Training (loss=2.5151):  54%|███████████████████▌                | 469/863 [00:02<00:02, 169.67it/s]
Training (loss=2.8139):  54%|███████████████████▌                | 469/863 [00:02<00:02, 169.67it/s]
Training (loss=2.6575):  54%|███████████████████▌                | 469/863 [00:02<00:02, 169.67it/s]
Training (loss=2.5242):  54%|███████████████████▌                | 469/863 [00:02<00:02, 169.67it/s]
Training (loss=2.4996):  54%|███████████████████▌                | 469/863 [00:02<00:02, 169.67it/s]
Training (loss=2.6807):  54%|███████████████████▌                | 469/863 [00:02<00:02, 169.67it/s]
Training (loss=2.4677):  54%|███████████████████▌                | 469/863 [00:02<00:02, 169.67it/s]
Training (loss=2.4668):  54%|███████████████████▌                | 469/863 [00:02<00:02, 169.67it/s]
Training (loss=2.5354):  54%|███████████████████▌                | 469/863 [00:02<00:02, 169.67it/s]
Training (loss=2.5354):  56%|████████████████████▎               | 486/863 [00:02<00:02, 168.53it/s]
Training (loss=2.7962):  56%|████████████████████▎               | 486/863 [00:02<00:02, 168.53it/s]
Training (loss=2.5630):  56%|████████████████████▎               | 486/863 [00:02<00:02, 168.53it/s]
Training (loss=2.5483):  56%|████████████████████▎               | 486/863 [00:02<00:02, 168.53it/s]
Training (loss=2.8463):  56%|████████████████████▎               | 486/863 [00:02<00:02, 168.53it/s]
Training (loss=2.7256):  56%|████████████████████▎               | 486/863 [00:03<00:02, 168.53it/s]
Training (loss=2.6339):  56%|████████████████████▎               | 486/863 [00:03<00:02, 168.53it/s]
Training (loss=2.4874):  56%|████████████████████▎               | 486/863 [00:03<00:02, 168.53it/s]
Training (loss=2.5125):  56%|████████████████████▎               | 486/863 [00:03<00:02, 168.53it/s]
Training (loss=2.4920):  56%|████████████████████▎               | 486/863 [00:03<00:02, 168.53it/s]
Training (loss=2.6099):  56%|████████████████████▎               | 486/863 [00:03<00:02, 168.53it/s]
Training (loss=2.8314):  56%|████████████████████▎               | 486/863 [00:03<00:02, 168.53it/s]
Training (loss=2.4784):  56%|████████████████████▎               | 486/863 [00:03<00:02, 168.53it/s]
Training (loss=2.6475):  56%|████████████████████▎               | 486/863 [00:03<00:02, 168.53it/s]
Training (loss=2.5438):  56%|████████████████████▎               | 486/863 [00:03<00:02, 168.53it/s]
Training (loss=2.7296):  56%|████████████████████▎               | 486/863 [00:03<00:02, 168.53it/s]
Training (loss=2.6283):  56%|████████████████████▎               | 486/863 [00:03<00:02, 168.53it/s]
Training (loss=2.5812):  56%|████████████████████▎               | 486/863 [00:03<00:02, 168.53it/s]
Training (loss=2.5812):  58%|████████████████████▉               | 503/863 [00:03<00:02, 166.72it/s]
Training (loss=2.4061):  58%|████████████████████▉               | 503/863 [00:03<00:02, 166.72it/s]
Training (loss=2.5003):  58%|████████████████████▉               | 503/863 [00:03<00:02, 166.72it/s]
Training (loss=2.6289):  58%|████████████████████▉               | 503/863 [00:03<00:02, 166.72it/s]
Training (loss=2.4939):  58%|████████████████████▉               | 503/863 [00:03<00:02, 166.72it/s]
Training (loss=2.4993):  58%|████████████████████▉               | 503/863 [00:03<00:02, 166.72it/s]
Training (loss=2.5656):  58%|████████████████████▉               | 503/863 [00:03<00:02, 166.72it/s]
Training (loss=2.5233):  58%|████████████████████▉               | 503/863 [00:03<00:02, 166.72it/s]
Training (loss=2.6636):  58%|████████████████████▉               | 503/863 [00:03<00:02, 166.72it/s]
Training (loss=2.5903):  58%|████████████████████▉               | 503/863 [00:03<00:02, 166.72it/s]
Training (loss=2.8142):  58%|████████████████████▉               | 503/863 [00:03<00:02, 166.72it/s]
Training (loss=2.6602):  58%|████████████████████▉               | 503/863 [00:03<00:02, 166.72it/s]
Training (loss=2.5065):  58%|████████████████████▉               | 503/863 [00:03<00:02, 166.72it/s]
Training (loss=2.6539):  58%|████████████████████▉               | 503/863 [00:03<00:02, 166.72it/s]
Training (loss=2.6991):  58%|████████████████████▉               | 503/863 [00:03<00:02, 166.72it/s]
Training (loss=2.8309):  58%|████████████████████▉               | 503/863 [00:03<00:02, 166.72it/s]
Training (loss=2.6373):  58%|████████████████████▉               | 503/863 [00:03<00:02, 166.72it/s]
Training (loss=2.5523):  58%|████████████████████▉               | 503/863 [00:03<00:02, 166.72it/s]
Training (loss=2.7219):  58%|████████████████████▉               | 503/863 [00:03<00:02, 166.72it/s]
Training (loss=2.7219):  60%|█████████████████████▋              | 521/863 [00:03<00:02, 167.85it/s]
Training (loss=2.5169):  60%|█████████████████████▋              | 521/863 [00:03<00:02, 167.85it/s]
Training (loss=2.5834):  60%|█████████████████████▋              | 521/863 [00:03<00:02, 167.85it/s]
Training (loss=2.7341):  60%|█████████████████████▋              | 521/863 [00:03<00:02, 167.85it/s]
Training (loss=2.4695):  60%|█████████████████████▋              | 521/863 [00:03<00:02, 167.85it/s]
Training (loss=2.5032):  60%|█████████████████████▋              | 521/863 [00:03<00:02, 167.85it/s]
Training (loss=2.5747):  60%|█████████████████████▋              | 521/863 [00:03<00:02, 167.85it/s]
Training (loss=2.5392):  60%|█████████████████████▋              | 521/863 [00:03<00:02, 167.85it/s]
Training (loss=2.5728):  60%|█████████████████████▋              | 521/863 [00:03<00:02, 167.85it/s]
Training (loss=2.5408):  60%|█████████████████████▋              | 521/863 [00:03<00:02, 167.85it/s]
Training (loss=2.6739):  60%|█████████████████████▋              | 521/863 [00:03<00:02, 167.85it/s]
Training (loss=2.6173):  60%|█████████████████████▋              | 521/863 [00:03<00:02, 167.85it/s]
Training (loss=2.6361):  60%|█████████████████████▋              | 521/863 [00:03<00:02, 167.85it/s]
Training (loss=2.5530):  60%|█████████████████████▋              | 521/863 [00:03<00:02, 167.85it/s]
Training (loss=2.4518):  60%|█████████████████████▋              | 521/863 [00:03<00:02, 167.85it/s]
Training (loss=2.4706):  60%|█████████████████████▋              | 521/863 [00:03<00:02, 167.85it/s]
Training (loss=2.5441):  60%|█████████████████████▋              | 521/863 [00:03<00:02, 167.85it/s]
Training (loss=2.3845):  60%|█████████████████████▋              | 521/863 [00:03<00:02, 167.85it/s]
Training (loss=2.3845):  62%|██████████████████████▍             | 538/863 [00:03<00:01, 168.30it/s]
Training (loss=2.4059):  62%|██████████████████████▍             | 538/863 [00:03<00:01, 168.30it/s]
Training (loss=2.5782):  62%|██████████████████████▍             | 538/863 [00:03<00:01, 168.30it/s]
Training (loss=2.5160):  62%|██████████████████████▍             | 538/863 [00:03<00:01, 168.30it/s]
Training (loss=2.6029):  62%|██████████████████████▍             | 538/863 [00:03<00:01, 168.30it/s]
Training (loss=2.8800):  62%|██████████████████████▍             | 538/863 [00:03<00:01, 168.30it/s]
Training (loss=2.5639):  62%|██████████████████████▍             | 538/863 [00:03<00:01, 168.30it/s]
Training (loss=2.6184):  62%|██████████████████████▍             | 538/863 [00:03<00:01, 168.30it/s]
Training (loss=2.5929):  62%|██████████████████████▍             | 538/863 [00:03<00:01, 168.30it/s]
Training (loss=2.5309):  62%|██████████████████████▍             | 538/863 [00:03<00:01, 168.30it/s]
Training (loss=2.7860):  62%|██████████████████████▍             | 538/863 [00:03<00:01, 168.30it/s]
Training (loss=2.7732):  62%|██████████████████████▍             | 538/863 [00:03<00:01, 168.30it/s]
Training (loss=2.5882):  62%|██████████████████████▍             | 538/863 [00:03<00:01, 168.30it/s]
Training (loss=2.4529):  62%|██████████████████████▍             | 538/863 [00:03<00:01, 168.30it/s]
Training (loss=2.5985):  62%|██████████████████████▍             | 538/863 [00:03<00:01, 168.30it/s]
Training (loss=2.8294):  62%|██████████████████████▍             | 538/863 [00:03<00:01, 168.30it/s]
Training (loss=2.4396):  62%|██████████████████████▍             | 538/863 [00:03<00:01, 168.30it/s]
Training (loss=2.6611):  62%|██████████████████████▍             | 538/863 [00:03<00:01, 168.30it/s]
Training (loss=2.6611):  64%|███████████████████████▊             | 555/863 [00:03<00:03, 90.93it/s]
Training (loss=2.7678):  64%|███████████████████████▊             | 555/863 [00:03<00:03, 90.93it/s]
Training (loss=2.7149):  64%|███████████████████████▊             | 555/863 [00:03<00:03, 90.93it/s]
Training (loss=2.3859):  64%|███████████████████████▊             | 555/863 [00:03<00:03, 90.93it/s]
Training (loss=2.6660):  64%|███████████████████████▊             | 555/863 [00:03<00:03, 90.93it/s]
Training (loss=2.9199):  64%|███████████████████████▊             | 555/863 [00:03<00:03, 90.93it/s]
Training (loss=2.5390):  64%|███████████████████████▊             | 555/863 [00:03<00:03, 90.93it/s]
Training (loss=2.6807):  64%|███████████████████████▊             | 555/863 [00:03<00:03, 90.93it/s]
Training (loss=2.5493):  64%|███████████████████████▊             | 555/863 [00:03<00:03, 90.93it/s]
Training (loss=2.6557):  64%|███████████████████████▊             | 555/863 [00:03<00:03, 90.93it/s]
Training (loss=2.8804):  64%|███████████████████████▊             | 555/863 [00:03<00:03, 90.93it/s]
Training (loss=2.4799):  64%|███████████████████████▊             | 555/863 [00:03<00:03, 90.93it/s]
Training (loss=2.7079):  64%|███████████████████████▊             | 555/863 [00:03<00:03, 90.93it/s]
Training (loss=2.9481):  64%|███████████████████████▊             | 555/863 [00:03<00:03, 90.93it/s]
Training (loss=2.6206):  64%|███████████████████████▊             | 555/863 [00:03<00:03, 90.93it/s]
Training (loss=2.5560):  64%|███████████████████████▊             | 555/863 [00:03<00:03, 90.93it/s]
Training (loss=2.6577):  64%|███████████████████████▊             | 555/863 [00:03<00:03, 90.93it/s]
Training (loss=2.6642):  64%|███████████████████████▊             | 555/863 [00:03<00:03, 90.93it/s]
Training (loss=2.7225):  64%|███████████████████████▊             | 555/863 [00:03<00:03, 90.93it/s]
Training (loss=2.7225):  66%|███████████████████████▉            | 573/863 [00:03<00:02, 106.41it/s]
Training (loss=2.6383):  66%|███████████████████████▉            | 573/863 [00:03<00:02, 106.41it/s]
Training (loss=2.4708):  66%|███████████████████████▉            | 573/863 [00:03<00:02, 106.41it/s]
Training (loss=2.6755):  66%|███████████████████████▉            | 573/863 [00:03<00:02, 106.41it/s]
Training (loss=2.4457):  66%|███████████████████████▉            | 573/863 [00:03<00:02, 106.41it/s]
Training (loss=2.6015):  66%|███████████████████████▉            | 573/863 [00:03<00:02, 106.41it/s]
Training (loss=2.8205):  66%|███████████████████████▉            | 573/863 [00:03<00:02, 106.41it/s]
Training (loss=2.7392):  66%|███████████████████████▉            | 573/863 [00:03<00:02, 106.41it/s]
Training (loss=2.5268):  66%|███████████████████████▉            | 573/863 [00:03<00:02, 106.41it/s]
Training (loss=2.5165):  66%|███████████████████████▉            | 573/863 [00:03<00:02, 106.41it/s]
Training (loss=2.3551):  66%|███████████████████████▉            | 573/863 [00:03<00:02, 106.41it/s]
Training (loss=2.5342):  66%|███████████████████████▉            | 573/863 [00:03<00:02, 106.41it/s]
Training (loss=2.6155):  66%|███████████████████████▉            | 573/863 [00:03<00:02, 106.41it/s]
Training (loss=2.4830):  66%|███████████████████████▉            | 573/863 [00:03<00:02, 106.41it/s]
Training (loss=2.5168):  66%|███████████████████████▉            | 573/863 [00:03<00:02, 106.41it/s]
Training (loss=2.5538):  66%|███████████████████████▉            | 573/863 [00:03<00:02, 106.41it/s]
Training (loss=2.6170):  66%|███████████████████████▉            | 573/863 [00:03<00:02, 106.41it/s]
Training (loss=2.4927):  66%|███████████████████████▉            | 573/863 [00:03<00:02, 106.41it/s]
Training (loss=2.4927):  68%|████████████████████████▌           | 590/863 [00:03<00:02, 119.20it/s]
Training (loss=2.4870):  68%|████████████████████████▌           | 590/863 [00:03<00:02, 119.20it/s]
Training (loss=2.5538):  68%|████████████████████████▌           | 590/863 [00:03<00:02, 119.20it/s]
Training (loss=2.6504):  68%|████████████████████████▌           | 590/863 [00:03<00:02, 119.20it/s]
Training (loss=2.6521):  68%|████████████████████████▌           | 590/863 [00:03<00:02, 119.20it/s]
Training (loss=2.4149):  68%|████████████████████████▌           | 590/863 [00:03<00:02, 119.20it/s]
Training (loss=2.5472):  68%|████████████████████████▌           | 590/863 [00:03<00:02, 119.20it/s]
Training (loss=2.6038):  68%|████████████████████████▌           | 590/863 [00:03<00:02, 119.20it/s]
Training (loss=2.4136):  68%|████████████████████████▌           | 590/863 [00:03<00:02, 119.20it/s]
Training (loss=2.5791):  68%|████████████████████████▌           | 590/863 [00:03<00:02, 119.20it/s]
Training (loss=2.6340):  68%|████████████████████████▌           | 590/863 [00:03<00:02, 119.20it/s]
Training (loss=2.5496):  68%|████████████████████████▌           | 590/863 [00:03<00:02, 119.20it/s]
Training (loss=2.3327):  68%|████████████████████████▌           | 590/863 [00:03<00:02, 119.20it/s]
Training (loss=2.4858):  68%|████████████████████████▌           | 590/863 [00:03<00:02, 119.20it/s]
Training (loss=2.4905):  68%|████████████████████████▌           | 590/863 [00:03<00:02, 119.20it/s]
Training (loss=2.4527):  68%|████████████████████████▌           | 590/863 [00:03<00:02, 119.20it/s]
Training (loss=2.3835):  68%|████████████████████████▌           | 590/863 [00:03<00:02, 119.20it/s]
Training (loss=2.4574):  68%|████████████████████████▌           | 590/863 [00:03<00:02, 119.20it/s]
Training (loss=2.4574):  70%|█████████████████████████▎          | 607/863 [00:03<00:01, 129.12it/s]
Training (loss=2.6212):  70%|█████████████████████████▎          | 607/863 [00:03<00:01, 129.12it/s]
Training (loss=2.5792):  70%|█████████████████████████▎          | 607/863 [00:04<00:01, 129.12it/s]
Training (loss=2.5128):  70%|█████████████████████████▎          | 607/863 [00:04<00:01, 129.12it/s]
Training (loss=2.7119):  70%|█████████████████████████▎          | 607/863 [00:04<00:01, 129.12it/s]
Training (loss=2.4672):  70%|█████████████████████████▎          | 607/863 [00:04<00:01, 129.12it/s]
Training (loss=2.6866):  70%|█████████████████████████▎          | 607/863 [00:04<00:01, 129.12it/s]
Training (loss=2.6713):  70%|█████████████████████████▎          | 607/863 [00:04<00:01, 129.12it/s]
Training (loss=2.5290):  70%|█████████████████████████▎          | 607/863 [00:04<00:01, 129.12it/s]
Training (loss=2.4284):  70%|█████████████████████████▎          | 607/863 [00:04<00:01, 129.12it/s]
Training (loss=2.6616):  70%|█████████████████████████▎          | 607/863 [00:04<00:01, 129.12it/s]
Training (loss=2.4098):  70%|█████████████████████████▎          | 607/863 [00:04<00:01, 129.12it/s]
Training (loss=2.5883):  70%|█████████████████████████▎          | 607/863 [00:04<00:01, 129.12it/s]
Training (loss=2.6671):  70%|█████████████████████████▎          | 607/863 [00:04<00:01, 129.12it/s]
Training (loss=2.5949):  70%|█████████████████████████▎          | 607/863 [00:04<00:01, 129.12it/s]
Training (loss=2.7774):  70%|█████████████████████████▎          | 607/863 [00:04<00:01, 129.12it/s]
Training (loss=2.6165):  70%|█████████████████████████▎          | 607/863 [00:04<00:01, 129.12it/s]
Training (loss=2.6165):  72%|█████████████████████████▉          | 623/863 [00:04<00:01, 132.22it/s]
Training (loss=2.5193):  72%|█████████████████████████▉          | 623/863 [00:04<00:01, 132.22it/s]
Training (loss=2.4818):  72%|█████████████████████████▉          | 623/863 [00:04<00:01, 132.22it/s]
Training (loss=2.6306):  72%|█████████████████████████▉          | 623/863 [00:04<00:01, 132.22it/s]
Training (loss=2.5830):  72%|█████████████████████████▉          | 623/863 [00:04<00:01, 132.22it/s]
Training (loss=2.2495):  72%|█████████████████████████▉          | 623/863 [00:04<00:01, 132.22it/s]
Training (loss=2.5452):  72%|█████████████████████████▉          | 623/863 [00:04<00:01, 132.22it/s]
Training (loss=2.5409):  72%|█████████████████████████▉          | 623/863 [00:04<00:01, 132.22it/s]
Training (loss=2.5052):  72%|█████████████████████████▉          | 623/863 [00:04<00:01, 132.22it/s]
Training (loss=2.5608):  72%|█████████████████████████▉          | 623/863 [00:04<00:01, 132.22it/s]
Training (loss=2.5017):  72%|█████████████████████████▉          | 623/863 [00:04<00:01, 132.22it/s]
Training (loss=2.6419):  72%|█████████████████████████▉          | 623/863 [00:04<00:01, 132.22it/s]
Training (loss=2.6992):  72%|█████████████████████████▉          | 623/863 [00:04<00:01, 132.22it/s]
Training (loss=2.7167):  72%|█████████████████████████▉          | 623/863 [00:04<00:01, 132.22it/s]
Training (loss=2.5765):  72%|█████████████████████████▉          | 623/863 [00:04<00:01, 132.22it/s]
Training (loss=2.5244):  72%|█████████████████████████▉          | 623/863 [00:04<00:01, 132.22it/s]
Training (loss=2.7707):  72%|█████████████████████████▉          | 623/863 [00:04<00:01, 132.22it/s]
Training (loss=2.7707):  74%|██████████████████████████▋         | 639/863 [00:04<00:01, 138.28it/s]
Training (loss=2.3902):  74%|██████████████████████████▋         | 639/863 [00:04<00:01, 138.28it/s]
Training (loss=2.6712):  74%|██████████████████████████▋         | 639/863 [00:04<00:01, 138.28it/s]
Training (loss=2.5273):  74%|██████████████████████████▋         | 639/863 [00:04<00:01, 138.28it/s]
Training (loss=2.5407):  74%|██████████████████████████▋         | 639/863 [00:04<00:01, 138.28it/s]
Training (loss=2.4587):  74%|██████████████████████████▋         | 639/863 [00:04<00:01, 138.28it/s]
Training (loss=2.6671):  74%|██████████████████████████▋         | 639/863 [00:04<00:01, 138.28it/s]
Training (loss=2.6182):  74%|██████████████████████████▋         | 639/863 [00:04<00:01, 138.28it/s]
Training (loss=2.8087):  74%|██████████████████████████▋         | 639/863 [00:04<00:01, 138.28it/s]
Training (loss=2.6161):  74%|██████████████████████████▋         | 639/863 [00:04<00:01, 138.28it/s]
Training (loss=2.5769):  74%|██████████████████████████▋         | 639/863 [00:04<00:01, 138.28it/s]
Training (loss=2.7460):  74%|██████████████████████████▋         | 639/863 [00:04<00:01, 138.28it/s]
Training (loss=2.4733):  74%|██████████████████████████▋         | 639/863 [00:04<00:01, 138.28it/s]
Training (loss=2.5414):  74%|██████████████████████████▋         | 639/863 [00:04<00:01, 138.28it/s]
Training (loss=2.5638):  74%|██████████████████████████▋         | 639/863 [00:04<00:01, 138.28it/s]
Training (loss=2.6812):  74%|██████████████████████████▋         | 639/863 [00:04<00:01, 138.28it/s]
Training (loss=2.6133):  74%|██████████████████████████▋         | 639/863 [00:04<00:01, 138.28it/s]
Training (loss=2.6283):  74%|██████████████████████████▋         | 639/863 [00:04<00:01, 138.28it/s]
Training (loss=2.5909):  74%|██████████████████████████▋         | 639/863 [00:04<00:01, 138.28it/s]
Training (loss=2.5909):  76%|███████████████████████████▍        | 657/863 [00:04<00:01, 149.17it/s]
Training (loss=2.5999):  76%|███████████████████████████▍        | 657/863 [00:04<00:01, 149.17it/s]
Training (loss=2.6215):  76%|███████████████████████████▍        | 657/863 [00:04<00:01, 149.17it/s]
Training (loss=2.4161):  76%|███████████████████████████▍        | 657/863 [00:04<00:01, 149.17it/s]
Training (loss=2.4830):  76%|███████████████████████████▍        | 657/863 [00:04<00:01, 149.17it/s]
Training (loss=2.8094):  76%|███████████████████████████▍        | 657/863 [00:04<00:01, 149.17it/s]
Training (loss=2.4548):  76%|███████████████████████████▍        | 657/863 [00:04<00:01, 149.17it/s]
Training (loss=2.5370):  76%|███████████████████████████▍        | 657/863 [00:04<00:01, 149.17it/s]
Training (loss=2.6557):  76%|███████████████████████████▍        | 657/863 [00:04<00:01, 149.17it/s]
Training (loss=2.5247):  76%|███████████████████████████▍        | 657/863 [00:04<00:01, 149.17it/s]
Training (loss=2.4710):  76%|███████████████████████████▍        | 657/863 [00:04<00:01, 149.17it/s]
Training (loss=2.5897):  76%|███████████████████████████▍        | 657/863 [00:04<00:01, 149.17it/s]
Training (loss=2.5347):  76%|███████████████████████████▍        | 657/863 [00:04<00:01, 149.17it/s]
Training (loss=2.8073):  76%|███████████████████████████▍        | 657/863 [00:04<00:01, 149.17it/s]
Training (loss=2.3049):  76%|███████████████████████████▍        | 657/863 [00:04<00:01, 149.17it/s]
Training (loss=2.5778):  76%|███████████████████████████▍        | 657/863 [00:04<00:01, 149.17it/s]
Training (loss=2.6460):  76%|███████████████████████████▍        | 657/863 [00:04<00:01, 149.17it/s]
Training (loss=2.7220):  76%|███████████████████████████▍        | 657/863 [00:04<00:01, 149.17it/s]
Training (loss=2.6120):  76%|███████████████████████████▍        | 657/863 [00:04<00:01, 149.17it/s]
Training (loss=2.6120):  78%|████████████████████████████▏       | 675/863 [00:04<00:01, 157.06it/s]
Training (loss=2.5588):  78%|████████████████████████████▏       | 675/863 [00:04<00:01, 157.06it/s]
Training (loss=2.7309):  78%|████████████████████████████▏       | 675/863 [00:04<00:01, 157.06it/s]
Training (loss=2.8294):  78%|████████████████████████████▏       | 675/863 [00:04<00:01, 157.06it/s]
Training (loss=2.4604):  78%|████████████████████████████▏       | 675/863 [00:04<00:01, 157.06it/s]
Training (loss=2.5232):  78%|████████████████████████████▏       | 675/863 [00:04<00:01, 157.06it/s]
Training (loss=2.4056):  78%|████████████████████████████▏       | 675/863 [00:04<00:01, 157.06it/s]
Training (loss=2.5032):  78%|████████████████████████████▏       | 675/863 [00:04<00:01, 157.06it/s]
Training (loss=2.4739):  78%|████████████████████████████▏       | 675/863 [00:04<00:01, 157.06it/s]
Training (loss=2.6527):  78%|████████████████████████████▏       | 675/863 [00:04<00:01, 157.06it/s]
Training (loss=2.5826):  78%|████████████████████████████▏       | 675/863 [00:04<00:01, 157.06it/s]
Training (loss=2.6530):  78%|████████████████████████████▏       | 675/863 [00:04<00:01, 157.06it/s]
Training (loss=2.4384):  78%|████████████████████████████▏       | 675/863 [00:04<00:01, 157.06it/s]
Training (loss=2.6495):  78%|████████████████████████████▏       | 675/863 [00:04<00:01, 157.06it/s]
Training (loss=2.5397):  78%|████████████████████████████▏       | 675/863 [00:04<00:01, 157.06it/s]
Training (loss=2.7763):  78%|████████████████████████████▏       | 675/863 [00:04<00:01, 157.06it/s]
Training (loss=2.6476):  78%|████████████████████████████▏       | 675/863 [00:04<00:01, 157.06it/s]
Training (loss=2.7796):  78%|████████████████████████████▏       | 675/863 [00:04<00:01, 157.06it/s]
Training (loss=2.9467):  78%|████████████████████████████▏       | 675/863 [00:04<00:01, 157.06it/s]
Training (loss=2.6008):  78%|████████████████████████████▏       | 675/863 [00:04<00:01, 157.06it/s]
Training (loss=2.6008):  80%|████████████████████████████▉       | 694/863 [00:04<00:01, 163.73it/s]
Training (loss=2.5006):  80%|████████████████████████████▉       | 694/863 [00:04<00:01, 163.73it/s]
Training (loss=2.7806):  80%|████████████████████████████▉       | 694/863 [00:04<00:01, 163.73it/s]
Training (loss=2.4404):  80%|████████████████████████████▉       | 694/863 [00:04<00:01, 163.73it/s]
Training (loss=2.6910):  80%|████████████████████████████▉       | 694/863 [00:04<00:01, 163.73it/s]
Training (loss=2.6431):  80%|████████████████████████████▉       | 694/863 [00:04<00:01, 163.73it/s]
Training (loss=2.6479):  80%|████████████████████████████▉       | 694/863 [00:04<00:01, 163.73it/s]
Training (loss=2.6126):  80%|████████████████████████████▉       | 694/863 [00:04<00:01, 163.73it/s]
Training (loss=2.4180):  80%|████████████████████████████▉       | 694/863 [00:04<00:01, 163.73it/s]
Training (loss=2.6161):  80%|████████████████████████████▉       | 694/863 [00:04<00:01, 163.73it/s]
Training (loss=2.6458):  80%|████████████████████████████▉       | 694/863 [00:04<00:01, 163.73it/s]
Training (loss=2.4042):  80%|████████████████████████████▉       | 694/863 [00:04<00:01, 163.73it/s]
Training (loss=2.5729):  80%|████████████████████████████▉       | 694/863 [00:04<00:01, 163.73it/s]
Training (loss=2.6640):  80%|████████████████████████████▉       | 694/863 [00:04<00:01, 163.73it/s]
Training (loss=2.4414):  80%|████████████████████████████▉       | 694/863 [00:04<00:01, 163.73it/s]
Training (loss=2.6605):  80%|████████████████████████████▉       | 694/863 [00:04<00:01, 163.73it/s]
Training (loss=2.5331):  80%|████████████████████████████▉       | 694/863 [00:04<00:01, 163.73it/s]
Training (loss=2.6886):  80%|████████████████████████████▉       | 694/863 [00:04<00:01, 163.73it/s]
Training (loss=2.6330):  80%|████████████████████████████▉       | 694/863 [00:04<00:01, 163.73it/s]
Training (loss=2.6330):  83%|█████████████████████████████▋      | 712/863 [00:04<00:00, 168.12it/s]
Training (loss=2.7152):  83%|█████████████████████████████▋      | 712/863 [00:04<00:00, 168.12it/s]
Training (loss=2.4248):  83%|█████████████████████████████▋      | 712/863 [00:04<00:00, 168.12it/s]
Training (loss=2.5461):  83%|█████████████████████████████▋      | 712/863 [00:04<00:00, 168.12it/s]
Training (loss=2.5039):  83%|█████████████████████████████▋      | 712/863 [00:04<00:00, 168.12it/s]
Training (loss=2.6471):  83%|█████████████████████████████▋      | 712/863 [00:04<00:00, 168.12it/s]
Training (loss=2.7011):  83%|█████████████████████████████▋      | 712/863 [00:04<00:00, 168.12it/s]
Training (loss=2.8719):  83%|█████████████████████████████▋      | 712/863 [00:04<00:00, 168.12it/s]
Training (loss=2.6159):  83%|█████████████████████████████▋      | 712/863 [00:04<00:00, 168.12it/s]
Training (loss=2.7266):  83%|█████████████████████████████▋      | 712/863 [00:04<00:00, 168.12it/s]
Training (loss=2.5734):  83%|█████████████████████████████▋      | 712/863 [00:04<00:00, 168.12it/s]
Training (loss=2.4179):  83%|█████████████████████████████▋      | 712/863 [00:04<00:00, 168.12it/s]
Training (loss=2.5684):  83%|█████████████████████████████▋      | 712/863 [00:04<00:00, 168.12it/s]
Training (loss=2.5005):  83%|█████████████████████████████▋      | 712/863 [00:04<00:00, 168.12it/s]
Training (loss=2.6173):  83%|█████████████████████████████▋      | 712/863 [00:04<00:00, 168.12it/s]
Training (loss=2.5844):  83%|█████████████████████████████▋      | 712/863 [00:04<00:00, 168.12it/s]
Training (loss=2.4051):  83%|█████████████████████████████▋      | 712/863 [00:04<00:00, 168.12it/s]
Training (loss=2.6502):  83%|█████████████████████████████▋      | 712/863 [00:04<00:00, 168.12it/s]
Training (loss=2.6566):  83%|█████████████████████████████▋      | 712/863 [00:04<00:00, 168.12it/s]
Training (loss=2.6306):  83%|█████████████████████████████▋      | 712/863 [00:04<00:00, 168.12it/s]
Training (loss=2.6306):  85%|██████████████████████████████▍     | 731/863 [00:04<00:00, 172.56it/s]
Training (loss=2.7044):  85%|██████████████████████████████▍     | 731/863 [00:04<00:00, 172.56it/s]
Training (loss=2.4279):  85%|██████████████████████████████▍     | 731/863 [00:04<00:00, 172.56it/s]
Training (loss=2.7222):  85%|██████████████████████████████▍     | 731/863 [00:04<00:00, 172.56it/s]
Training (loss=2.5571):  85%|██████████████████████████████▍     | 731/863 [00:04<00:00, 172.56it/s]
Training (loss=2.7120):  85%|██████████████████████████████▍     | 731/863 [00:04<00:00, 172.56it/s]
Training (loss=2.5184):  85%|██████████████████████████████▍     | 731/863 [00:04<00:00, 172.56it/s]
Training (loss=2.7078):  85%|██████████████████████████████▍     | 731/863 [00:04<00:00, 172.56it/s]
Training (loss=2.6081):  85%|██████████████████████████████▍     | 731/863 [00:04<00:00, 172.56it/s]
Training (loss=2.5294):  85%|██████████████████████████████▍     | 731/863 [00:04<00:00, 172.56it/s]
Training (loss=2.4268):  85%|██████████████████████████████▍     | 731/863 [00:04<00:00, 172.56it/s]
Training (loss=2.7365):  85%|██████████████████████████████▍     | 731/863 [00:04<00:00, 172.56it/s]
Training (loss=2.3427):  85%|██████████████████████████████▍     | 731/863 [00:04<00:00, 172.56it/s]
Training (loss=2.9129):  85%|██████████████████████████████▍     | 731/863 [00:04<00:00, 172.56it/s]
Training (loss=2.4923):  85%|██████████████████████████████▍     | 731/863 [00:04<00:00, 172.56it/s]
Training (loss=2.7526):  85%|██████████████████████████████▍     | 731/863 [00:04<00:00, 172.56it/s]
Training (loss=2.7279):  85%|██████████████████████████████▍     | 731/863 [00:04<00:00, 172.56it/s]
Training (loss=2.6249):  85%|██████████████████████████████▍     | 731/863 [00:04<00:00, 172.56it/s]
Training (loss=2.5443):  85%|██████████████████████████████▍     | 731/863 [00:04<00:00, 172.56it/s]
Training (loss=2.5506):  85%|██████████████████████████████▍     | 731/863 [00:04<00:00, 172.56it/s]
Training (loss=2.5506):  87%|███████████████████████████████▎    | 750/863 [00:04<00:00, 174.89it/s]
Training (loss=2.7240):  87%|███████████████████████████████▎    | 750/863 [00:04<00:00, 174.89it/s]
Training (loss=2.6857):  87%|███████████████████████████████▎    | 750/863 [00:04<00:00, 174.89it/s]
Training (loss=2.6109):  87%|███████████████████████████████▎    | 750/863 [00:04<00:00, 174.89it/s]
Training (loss=2.5906):  87%|███████████████████████████████▎    | 750/863 [00:04<00:00, 174.89it/s]
Training (loss=2.5593):  87%|███████████████████████████████▎    | 750/863 [00:04<00:00, 174.89it/s]
Training (loss=2.4954):  87%|███████████████████████████████▎    | 750/863 [00:04<00:00, 174.89it/s]
Training (loss=2.7111):  87%|███████████████████████████████▎    | 750/863 [00:04<00:00, 174.89it/s]
Training (loss=2.5339):  87%|███████████████████████████████▎    | 750/863 [00:04<00:00, 174.89it/s]
Training (loss=2.5817):  87%|███████████████████████████████▎    | 750/863 [00:04<00:00, 174.89it/s]
Training (loss=2.5877):  87%|███████████████████████████████▎    | 750/863 [00:04<00:00, 174.89it/s]
Training (loss=2.4608):  87%|███████████████████████████████▎    | 750/863 [00:04<00:00, 174.89it/s]
Training (loss=2.4015):  87%|███████████████████████████████▎    | 750/863 [00:04<00:00, 174.89it/s]
Training (loss=2.6518):  87%|███████████████████████████████▎    | 750/863 [00:04<00:00, 174.89it/s]
Training (loss=2.5051):  87%|███████████████████████████████▎    | 750/863 [00:04<00:00, 174.89it/s]
Training (loss=2.9140):  87%|███████████████████████████████▎    | 750/863 [00:04<00:00, 174.89it/s]
Training (loss=2.4124):  87%|███████████████████████████████▎    | 750/863 [00:04<00:00, 174.89it/s]
Training (loss=2.7803):  87%|███████████████████████████████▎    | 750/863 [00:04<00:00, 174.89it/s]
Training (loss=2.8503):  87%|███████████████████████████████▎    | 750/863 [00:04<00:00, 174.89it/s]
Training (loss=2.7423):  87%|███████████████████████████████▎    | 750/863 [00:04<00:00, 174.89it/s]
Training (loss=2.7423):  89%|████████████████████████████████    | 769/863 [00:04<00:00, 176.80it/s]
Training (loss=2.5312):  89%|████████████████████████████████    | 769/863 [00:04<00:00, 176.80it/s]
Training (loss=2.6924):  89%|████████████████████████████████    | 769/863 [00:04<00:00, 176.80it/s]
Training (loss=2.2967):  89%|████████████████████████████████    | 769/863 [00:04<00:00, 176.80it/s]
Training (loss=2.5909):  89%|████████████████████████████████    | 769/863 [00:04<00:00, 176.80it/s]
Training (loss=2.5100):  89%|████████████████████████████████    | 769/863 [00:04<00:00, 176.80it/s]
Training (loss=2.5700):  89%|████████████████████████████████    | 769/863 [00:04<00:00, 176.80it/s]
Training (loss=2.5546):  89%|████████████████████████████████    | 769/863 [00:04<00:00, 176.80it/s]
Training (loss=2.5533):  89%|████████████████████████████████    | 769/863 [00:04<00:00, 176.80it/s]
Training (loss=2.7594):  89%|████████████████████████████████    | 769/863 [00:04<00:00, 176.80it/s]
Training (loss=2.7947):  89%|████████████████████████████████    | 769/863 [00:04<00:00, 176.80it/s]
Training (loss=2.3774):  89%|████████████████████████████████    | 769/863 [00:04<00:00, 176.80it/s]
Training (loss=2.5824):  89%|████████████████████████████████    | 769/863 [00:04<00:00, 176.80it/s]
Training (loss=2.4927):  89%|████████████████████████████████    | 769/863 [00:05<00:00, 176.80it/s]
Training (loss=2.5252):  89%|████████████████████████████████    | 769/863 [00:05<00:00, 176.80it/s]
Training (loss=2.6800):  89%|████████████████████████████████    | 769/863 [00:05<00:00, 176.80it/s]
Training (loss=2.7244):  89%|████████████████████████████████    | 769/863 [00:05<00:00, 176.80it/s]
Training (loss=2.4513):  89%|████████████████████████████████    | 769/863 [00:05<00:00, 176.80it/s]
Training (loss=2.5853):  89%|████████████████████████████████    | 769/863 [00:05<00:00, 176.80it/s]
Training (loss=2.5853):  91%|████████████████████████████████▊   | 787/863 [00:05<00:00, 172.45it/s]
Training (loss=2.5798):  91%|████████████████████████████████▊   | 787/863 [00:05<00:00, 172.45it/s]
Training (loss=2.4762):  91%|████████████████████████████████▊   | 787/863 [00:05<00:00, 172.45it/s]
Training (loss=2.6837):  91%|████████████████████████████████▊   | 787/863 [00:05<00:00, 172.45it/s]
Training (loss=2.5678):  91%|████████████████████████████████▊   | 787/863 [00:05<00:00, 172.45it/s]
Training (loss=2.8361):  91%|████████████████████████████████▊   | 787/863 [00:05<00:00, 172.45it/s]
Training (loss=2.3485):  91%|████████████████████████████████▊   | 787/863 [00:05<00:00, 172.45it/s]
Training (loss=2.4835):  91%|████████████████████████████████▊   | 787/863 [00:05<00:00, 172.45it/s]
Training (loss=2.5896):  91%|████████████████████████████████▊   | 787/863 [00:05<00:00, 172.45it/s]
Training (loss=2.4360):  91%|████████████████████████████████▊   | 787/863 [00:05<00:00, 172.45it/s]
Training (loss=2.5017):  91%|████████████████████████████████▊   | 787/863 [00:05<00:00, 172.45it/s]
Training (loss=2.7410):  91%|████████████████████████████████▊   | 787/863 [00:05<00:00, 172.45it/s]
Training (loss=2.5522):  91%|████████████████████████████████▊   | 787/863 [00:05<00:00, 172.45it/s]
Training (loss=2.5879):  91%|████████████████████████████████▊   | 787/863 [00:05<00:00, 172.45it/s]
Training (loss=2.5613):  91%|████████████████████████████████▊   | 787/863 [00:05<00:00, 172.45it/s]
Training (loss=2.4779):  91%|████████████████████████████████▊   | 787/863 [00:05<00:00, 172.45it/s]
Training (loss=2.8018):  91%|████████████████████████████████▊   | 787/863 [00:05<00:00, 172.45it/s]
Training (loss=2.5478):  91%|████████████████████████████████▊   | 787/863 [00:05<00:00, 172.45it/s]
Training (loss=2.4926):  91%|████████████████████████████████▊   | 787/863 [00:05<00:00, 172.45it/s]
Training (loss=2.4926):  93%|█████████████████████████████████▌  | 805/863 [00:05<00:00, 174.07it/s]
Training (loss=2.6769):  93%|█████████████████████████████████▌  | 805/863 [00:05<00:00, 174.07it/s]
Training (loss=2.3173):  93%|█████████████████████████████████▌  | 805/863 [00:05<00:00, 174.07it/s]
Training (loss=2.8517):  93%|█████████████████████████████████▌  | 805/863 [00:05<00:00, 174.07it/s]
Training (loss=2.6171):  93%|█████████████████████████████████▌  | 805/863 [00:05<00:00, 174.07it/s]
Training (loss=2.5691):  93%|█████████████████████████████████▌  | 805/863 [00:05<00:00, 174.07it/s]
Training (loss=2.4957):  93%|█████████████████████████████████▌  | 805/863 [00:05<00:00, 174.07it/s]
Training (loss=2.5976):  93%|█████████████████████████████████▌  | 805/863 [00:05<00:00, 174.07it/s]
Training (loss=2.8421):  93%|█████████████████████████████████▌  | 805/863 [00:05<00:00, 174.07it/s]
Training (loss=2.7704):  93%|█████████████████████████████████▌  | 805/863 [00:05<00:00, 174.07it/s]
Training (loss=2.7336):  93%|█████████████████████████████████▌  | 805/863 [00:05<00:00, 174.07it/s]
Training (loss=2.4554):  93%|█████████████████████████████████▌  | 805/863 [00:05<00:00, 174.07it/s]
Training (loss=2.7859):  93%|█████████████████████████████████▌  | 805/863 [00:05<00:00, 174.07it/s]
Training (loss=2.4354):  93%|█████████████████████████████████▌  | 805/863 [00:05<00:00, 174.07it/s]
Training (loss=2.5948):  93%|█████████████████████████████████▌  | 805/863 [00:05<00:00, 174.07it/s]
Training (loss=2.4278):  93%|█████████████████████████████████▌  | 805/863 [00:05<00:00, 174.07it/s]
Training (loss=2.6626):  93%|█████████████████████████████████▌  | 805/863 [00:05<00:00, 174.07it/s]
Training (loss=2.5962):  93%|█████████████████████████████████▌  | 805/863 [00:05<00:00, 174.07it/s]
Training (loss=2.7081):  93%|█████████████████████████████████▌  | 805/863 [00:05<00:00, 174.07it/s]
Training (loss=2.7081):  95%|██████████████████████████████████▎ | 823/863 [00:05<00:00, 171.48it/s]
Training (loss=2.5254):  95%|██████████████████████████████████▎ | 823/863 [00:05<00:00, 171.48it/s]
Training (loss=2.5550):  95%|██████████████████████████████████▎ | 823/863 [00:05<00:00, 171.48it/s]
Training (loss=2.4956):  95%|██████████████████████████████████▎ | 823/863 [00:05<00:00, 171.48it/s]
Training (loss=2.5748):  95%|██████████████████████████████████▎ | 823/863 [00:05<00:00, 171.48it/s]
Training (loss=2.6239):  95%|██████████████████████████████████▎ | 823/863 [00:05<00:00, 171.48it/s]
Training (loss=2.7986):  95%|██████████████████████████████████▎ | 823/863 [00:05<00:00, 171.48it/s]
Training (loss=2.6409):  95%|██████████████████████████████████▎ | 823/863 [00:05<00:00, 171.48it/s]
Training (loss=2.7445):  95%|██████████████████████████████████▎ | 823/863 [00:05<00:00, 171.48it/s]
Training (loss=2.7255):  95%|██████████████████████████████████▎ | 823/863 [00:05<00:00, 171.48it/s]
Training (loss=2.4487):  95%|██████████████████████████████████▎ | 823/863 [00:05<00:00, 171.48it/s]
Training (loss=2.5243):  95%|██████████████████████████████████▎ | 823/863 [00:05<00:00, 171.48it/s]
Training (loss=2.4415):  95%|██████████████████████████████████▎ | 823/863 [00:05<00:00, 171.48it/s]
Training (loss=2.6210):  95%|██████████████████████████████████▎ | 823/863 [00:05<00:00, 171.48it/s]
Training (loss=2.4902):  95%|██████████████████████████████████▎ | 823/863 [00:05<00:00, 171.48it/s]
Training (loss=2.5402):  95%|██████████████████████████████████▎ | 823/863 [00:05<00:00, 171.48it/s]
Training (loss=2.5412):  95%|██████████████████████████████████▎ | 823/863 [00:05<00:00, 171.48it/s]
Training (loss=2.7282):  95%|██████████████████████████████████▎ | 823/863 [00:05<00:00, 171.48it/s]
Training (loss=2.7140):  95%|██████████████████████████████████▎ | 823/863 [00:05<00:00, 171.48it/s]
Training (loss=2.7140):  97%|███████████████████████████████████ | 841/863 [00:05<00:00, 171.89it/s]
Training (loss=2.6442):  97%|███████████████████████████████████ | 841/863 [00:05<00:00, 171.89it/s]
Training (loss=2.6474):  97%|███████████████████████████████████ | 841/863 [00:05<00:00, 171.89it/s]
Training (loss=2.4830):  97%|███████████████████████████████████ | 841/863 [00:05<00:00, 171.89it/s]
Training (loss=2.6239):  97%|███████████████████████████████████ | 841/863 [00:05<00:00, 171.89it/s]
Training (loss=2.5951):  97%|███████████████████████████████████ | 841/863 [00:05<00:00, 171.89it/s]
Training (loss=2.7633):  97%|███████████████████████████████████ | 841/863 [00:05<00:00, 171.89it/s]
Training (loss=2.5942):  97%|███████████████████████████████████ | 841/863 [00:05<00:00, 171.89it/s]
Training (loss=2.5477):  97%|███████████████████████████████████ | 841/863 [00:05<00:00, 171.89it/s]
Training (loss=2.5905):  97%|███████████████████████████████████ | 841/863 [00:05<00:00, 171.89it/s]
Training (loss=2.5030):  97%|███████████████████████████████████ | 841/863 [00:05<00:00, 171.89it/s]
Training (loss=2.5502):  97%|███████████████████████████████████ | 841/863 [00:05<00:00, 171.89it/s]
Training (loss=2.7560):  97%|███████████████████████████████████ | 841/863 [00:05<00:00, 171.89it/s]
Training (loss=2.6167):  97%|███████████████████████████████████ | 841/863 [00:05<00:00, 171.89it/s]
Training (loss=2.4989):  97%|███████████████████████████████████ | 841/863 [00:05<00:00, 171.89it/s]
Training (loss=2.6369):  97%|███████████████████████████████████ | 841/863 [00:05<00:00, 171.89it/s]
Training (loss=2.7428):  97%|███████████████████████████████████ | 841/863 [00:05<00:00, 171.89it/s]
Training (loss=2.6235):  97%|███████████████████████████████████ | 841/863 [00:05<00:00, 171.89it/s]
Training (loss=2.7117):  97%|███████████████████████████████████ | 841/863 [00:05<00:00, 171.89it/s]
Training (loss=2.7117): 100%|███████████████████████████████████▊| 859/863 [00:05<00:00, 147.66it/s]
Training (loss=2.8119): 100%|███████████████████████████████████▊| 859/863 [00:05<00:00, 147.66it/s]
Training (loss=2.6268): 100%|███████████████████████████████████▊| 859/863 [00:05<00:00, 147.66it/s]
Training (loss=2.6247): 100%|███████████████████████████████████▊| 859/863 [00:05<00:00, 147.66it/s]
Training (loss=2.4590): 100%|███████████████████████████████████▊| 859/863 [00:05<00:00, 147.66it/s]
Training (loss=2.4590): 100%|████████████████████████████████████| 863/863 [00:05<00:00, 154.53it/s]
Evaluating on validation set...
Validation loss: 2.6042
Epoch 4/5 - Train loss: 2.5950, Val loss: 2.6042

Epoch 5/5

Training:   0%|                                                             | 0/863 [00:00<?, ?it/s]
Training (loss=2.7020):   0%|                                               | 0/863 [00:00<?, ?it/s]
Training (loss=2.7020):   0%|                                       | 1/863 [00:00<02:12,  6.52it/s]
Training (loss=2.7165):   0%|                                       | 1/863 [00:00<02:12,  6.52it/s]
Training (loss=2.6464):   0%|                                       | 1/863 [00:00<02:12,  6.52it/s]
Training (loss=2.5653):   0%|                                       | 1/863 [00:00<02:12,  6.52it/s]
Training (loss=2.6299):   0%|                                       | 1/863 [00:00<02:12,  6.52it/s]
Training (loss=2.5237):   0%|                                       | 1/863 [00:00<02:12,  6.52it/s]
Training (loss=2.5453):   0%|                                       | 1/863 [00:00<02:12,  6.52it/s]
Training (loss=2.6219):   0%|                                       | 1/863 [00:00<02:12,  6.52it/s]
Training (loss=2.5846):   0%|                                       | 1/863 [00:00<02:12,  6.52it/s]
Training (loss=2.5224):   0%|                                       | 1/863 [00:00<02:12,  6.52it/s]
Training (loss=2.5310):   0%|                                       | 1/863 [00:00<02:12,  6.52it/s]
Training (loss=2.6366):   0%|                                       | 1/863 [00:00<02:12,  6.52it/s]
Training (loss=2.7667):   0%|                                       | 1/863 [00:00<02:12,  6.52it/s]
Training (loss=2.5334):   0%|                                       | 1/863 [00:00<02:12,  6.52it/s]
Training (loss=2.5493):   0%|                                       | 1/863 [00:00<02:12,  6.52it/s]
Training (loss=2.7742):   0%|                                       | 1/863 [00:00<02:12,  6.52it/s]
Training (loss=2.5100):   0%|                                       | 1/863 [00:00<02:12,  6.52it/s]
Training (loss=2.5969):   0%|                                       | 1/863 [00:00<02:12,  6.52it/s]
Training (loss=2.5969):   2%|▊                                     | 18/863 [00:00<00:10, 84.15it/s]
Training (loss=2.7180):   2%|▊                                     | 18/863 [00:00<00:10, 84.15it/s]
Training (loss=2.4801):   2%|▊                                     | 18/863 [00:00<00:10, 84.15it/s]
Training (loss=2.7008):   2%|▊                                     | 18/863 [00:00<00:10, 84.15it/s]
Training (loss=2.4882):   2%|▊                                     | 18/863 [00:00<00:10, 84.15it/s]
Training (loss=2.5061):   2%|▊                                     | 18/863 [00:00<00:10, 84.15it/s]
Training (loss=2.9450):   2%|▊                                     | 18/863 [00:00<00:10, 84.15it/s]
Training (loss=2.5926):   2%|▊                                     | 18/863 [00:00<00:10, 84.15it/s]
Training (loss=2.6179):   2%|▊                                     | 18/863 [00:00<00:10, 84.15it/s]
Training (loss=2.6202):   2%|▊                                     | 18/863 [00:00<00:10, 84.15it/s]
Training (loss=2.6105):   2%|▊                                     | 18/863 [00:00<00:10, 84.15it/s]
Training (loss=2.7002):   2%|▊                                     | 18/863 [00:00<00:10, 84.15it/s]
Training (loss=2.5869):   2%|▊                                     | 18/863 [00:00<00:10, 84.15it/s]
Training (loss=2.2468):   2%|▊                                     | 18/863 [00:00<00:10, 84.15it/s]
Training (loss=2.3734):   2%|▊                                     | 18/863 [00:00<00:10, 84.15it/s]
Training (loss=2.5953):   2%|▊                                     | 18/863 [00:00<00:10, 84.15it/s]
Training (loss=2.5413):   2%|▊                                     | 18/863 [00:00<00:10, 84.15it/s]
Training (loss=2.6056):   2%|▊                                     | 18/863 [00:00<00:10, 84.15it/s]
Training (loss=2.6056):   4%|█▌                                   | 35/863 [00:00<00:07, 118.19it/s]
Training (loss=2.6096):   4%|█▌                                   | 35/863 [00:00<00:07, 118.19it/s]
Training (loss=2.3931):   4%|█▌                                   | 35/863 [00:00<00:07, 118.19it/s]
Training (loss=2.6041):   4%|█▌                                   | 35/863 [00:00<00:07, 118.19it/s]
Training (loss=2.6619):   4%|█▌                                   | 35/863 [00:00<00:07, 118.19it/s]
Training (loss=2.6465):   4%|█▌                                   | 35/863 [00:00<00:07, 118.19it/s]
Training (loss=2.4662):   4%|█▌                                   | 35/863 [00:00<00:07, 118.19it/s]
Training (loss=2.6210):   4%|█▌                                   | 35/863 [00:00<00:07, 118.19it/s]
Training (loss=2.7051):   4%|█▌                                   | 35/863 [00:00<00:07, 118.19it/s]
Training (loss=2.2997):   4%|█▌                                   | 35/863 [00:00<00:07, 118.19it/s]
Training (loss=2.6683):   4%|█▌                                   | 35/863 [00:00<00:07, 118.19it/s]
Training (loss=2.3979):   4%|█▌                                   | 35/863 [00:00<00:07, 118.19it/s]
Training (loss=2.4916):   4%|█▌                                   | 35/863 [00:00<00:07, 118.19it/s]
Training (loss=2.6374):   4%|█▌                                   | 35/863 [00:00<00:07, 118.19it/s]
Training (loss=2.7811):   4%|█▌                                   | 35/863 [00:00<00:07, 118.19it/s]
Training (loss=2.7558):   4%|█▌                                   | 35/863 [00:00<00:07, 118.19it/s]
Training (loss=2.3601):   4%|█▌                                   | 35/863 [00:00<00:07, 118.19it/s]
Training (loss=2.6147):   4%|█▌                                   | 35/863 [00:00<00:07, 118.19it/s]
Training (loss=2.5377):   4%|█▌                                   | 35/863 [00:00<00:07, 118.19it/s]
Training (loss=2.5377):   6%|██▎                                  | 53/863 [00:00<00:05, 140.71it/s]
Training (loss=2.6313):   6%|██▎                                  | 53/863 [00:00<00:05, 140.71it/s]
Training (loss=2.5452):   6%|██▎                                  | 53/863 [00:00<00:05, 140.71it/s]
Training (loss=2.4773):   6%|██▎                                  | 53/863 [00:00<00:05, 140.71it/s]
Training (loss=2.5522):   6%|██▎                                  | 53/863 [00:00<00:05, 140.71it/s]
Training (loss=2.6634):   6%|██▎                                  | 53/863 [00:00<00:05, 140.71it/s]
Training (loss=2.6090):   6%|██▎                                  | 53/863 [00:00<00:05, 140.71it/s]
Training (loss=2.4505):   6%|██▎                                  | 53/863 [00:00<00:05, 140.71it/s]
Training (loss=2.5293):   6%|██▎                                  | 53/863 [00:00<00:05, 140.71it/s]
Training (loss=2.5596):   6%|██▎                                  | 53/863 [00:00<00:05, 140.71it/s]
Training (loss=2.4503):   6%|██▎                                  | 53/863 [00:00<00:05, 140.71it/s]
Training (loss=2.6138):   6%|██▎                                  | 53/863 [00:00<00:05, 140.71it/s]
Training (loss=2.6447):   6%|██▎                                  | 53/863 [00:00<00:05, 140.71it/s]
Training (loss=2.6598):   6%|██▎                                  | 53/863 [00:00<00:05, 140.71it/s]
Training (loss=2.4649):   6%|██▎                                  | 53/863 [00:00<00:05, 140.71it/s]
Training (loss=2.4503):   6%|██▎                                  | 53/863 [00:00<00:05, 140.71it/s]
Training (loss=2.4975):   6%|██▎                                  | 53/863 [00:00<00:05, 140.71it/s]
Training (loss=2.5228):   6%|██▎                                  | 53/863 [00:00<00:05, 140.71it/s]
Training (loss=2.5949):   6%|██▎                                  | 53/863 [00:00<00:05, 140.71it/s]
Training (loss=2.6876):   6%|██▎                                  | 53/863 [00:00<00:05, 140.71it/s]
Training (loss=2.6876):   8%|███                                  | 72/863 [00:00<00:05, 156.69it/s]
Training (loss=2.4521):   8%|███                                  | 72/863 [00:00<00:05, 156.69it/s]
Training (loss=2.4919):   8%|███                                  | 72/863 [00:00<00:05, 156.69it/s]
Training (loss=2.5797):   8%|███                                  | 72/863 [00:00<00:05, 156.69it/s]
Training (loss=2.5353):   8%|███                                  | 72/863 [00:00<00:05, 156.69it/s]
Training (loss=2.6194):   8%|███                                  | 72/863 [00:00<00:05, 156.69it/s]
Training (loss=2.7582):   8%|███                                  | 72/863 [00:00<00:05, 156.69it/s]
Training (loss=2.5735):   8%|███                                  | 72/863 [00:00<00:05, 156.69it/s]
Training (loss=2.6289):   8%|███                                  | 72/863 [00:00<00:05, 156.69it/s]
Training (loss=2.4869):   8%|███                                  | 72/863 [00:00<00:05, 156.69it/s]
Training (loss=2.6421):   8%|███                                  | 72/863 [00:00<00:05, 156.69it/s]
Training (loss=2.6146):   8%|███                                  | 72/863 [00:00<00:05, 156.69it/s]
Training (loss=2.6788):   8%|███                                  | 72/863 [00:00<00:05, 156.69it/s]
Training (loss=2.4737):   8%|███                                  | 72/863 [00:00<00:05, 156.69it/s]
Training (loss=2.7413):   8%|███                                  | 72/863 [00:00<00:05, 156.69it/s]
Training (loss=2.5202):   8%|███                                  | 72/863 [00:00<00:05, 156.69it/s]
Training (loss=2.3546):   8%|███                                  | 72/863 [00:00<00:05, 156.69it/s]
Training (loss=2.6825):   8%|███                                  | 72/863 [00:00<00:05, 156.69it/s]
Training (loss=2.5157):   8%|███                                  | 72/863 [00:00<00:05, 156.69it/s]
Training (loss=2.5157):  10%|███▊                                 | 90/863 [00:00<00:04, 163.02it/s]
Training (loss=2.5556):  10%|███▊                                 | 90/863 [00:00<00:04, 163.02it/s]
Training (loss=2.4920):  10%|███▊                                 | 90/863 [00:00<00:04, 163.02it/s]
Training (loss=2.7696):  10%|███▊                                 | 90/863 [00:00<00:04, 163.02it/s]
Training (loss=2.4443):  10%|███▊                                 | 90/863 [00:00<00:04, 163.02it/s]
Training (loss=2.5936):  10%|███▊                                 | 90/863 [00:00<00:04, 163.02it/s]
Training (loss=2.5662):  10%|███▊                                 | 90/863 [00:00<00:04, 163.02it/s]
Training (loss=2.5457):  10%|███▊                                 | 90/863 [00:00<00:04, 163.02it/s]
Training (loss=2.7803):  10%|███▊                                 | 90/863 [00:00<00:04, 163.02it/s]
Training (loss=2.7173):  10%|███▊                                 | 90/863 [00:00<00:04, 163.02it/s]
Training (loss=2.6363):  10%|███▊                                 | 90/863 [00:00<00:04, 163.02it/s]
Training (loss=2.4176):  10%|███▊                                 | 90/863 [00:00<00:04, 163.02it/s]
Training (loss=2.5513):  10%|███▊                                 | 90/863 [00:00<00:04, 163.02it/s]
Training (loss=2.5552):  10%|███▊                                 | 90/863 [00:00<00:04, 163.02it/s]
Training (loss=2.5216):  10%|███▊                                 | 90/863 [00:00<00:04, 163.02it/s]
Training (loss=2.4587):  10%|███▊                                 | 90/863 [00:00<00:04, 163.02it/s]
Training (loss=2.2645):  10%|███▊                                 | 90/863 [00:00<00:04, 163.02it/s]
Training (loss=2.5287):  10%|███▊                                 | 90/863 [00:00<00:04, 163.02it/s]
Training (loss=2.5660):  10%|███▊                                 | 90/863 [00:00<00:04, 163.02it/s]
Training (loss=2.6051):  10%|███▊                                 | 90/863 [00:00<00:04, 163.02it/s]
Training (loss=2.6051):  13%|████▌                               | 109/863 [00:00<00:04, 170.74it/s]
Training (loss=2.4092):  13%|████▌                               | 109/863 [00:00<00:04, 170.74it/s]
Training (loss=2.5158):  13%|████▌                               | 109/863 [00:00<00:04, 170.74it/s]
Training (loss=2.5248):  13%|████▌                               | 109/863 [00:00<00:04, 170.74it/s]
Training (loss=2.6476):  13%|████▌                               | 109/863 [00:00<00:04, 170.74it/s]
Training (loss=2.4173):  13%|████▌                               | 109/863 [00:00<00:04, 170.74it/s]
Training (loss=2.5359):  13%|████▌                               | 109/863 [00:00<00:04, 170.74it/s]
Training (loss=2.4964):  13%|████▌                               | 109/863 [00:00<00:04, 170.74it/s]
Training (loss=2.4841):  13%|████▌                               | 109/863 [00:00<00:04, 170.74it/s]
Training (loss=2.3215):  13%|████▌                               | 109/863 [00:00<00:04, 170.74it/s]
Training (loss=2.6185):  13%|████▌                               | 109/863 [00:00<00:04, 170.74it/s]
Training (loss=2.4368):  13%|████▌                               | 109/863 [00:00<00:04, 170.74it/s]
Training (loss=2.7923):  13%|████▌                               | 109/863 [00:00<00:04, 170.74it/s]
Training (loss=2.4686):  13%|████▌                               | 109/863 [00:00<00:04, 170.74it/s]
Training (loss=2.7391):  13%|████▌                               | 109/863 [00:00<00:04, 170.74it/s]
Training (loss=2.6889):  13%|████▌                               | 109/863 [00:00<00:04, 170.74it/s]
Training (loss=2.5471):  13%|████▌                               | 109/863 [00:00<00:04, 170.74it/s]
Training (loss=2.6879):  13%|████▌                               | 109/863 [00:00<00:04, 170.74it/s]
Training (loss=2.5278):  13%|████▌                               | 109/863 [00:00<00:04, 170.74it/s]
Training (loss=2.5278):  15%|█████▎                              | 127/863 [00:00<00:04, 173.07it/s]
Training (loss=2.4248):  15%|█████▎                              | 127/863 [00:00<00:04, 173.07it/s]
Training (loss=2.8006):  15%|█████▎                              | 127/863 [00:00<00:04, 173.07it/s]
Training (loss=2.4407):  15%|█████▎                              | 127/863 [00:00<00:04, 173.07it/s]
Training (loss=2.5132):  15%|█████▎                              | 127/863 [00:00<00:04, 173.07it/s]
Training (loss=2.4216):  15%|█████▎                              | 127/863 [00:00<00:04, 173.07it/s]
Training (loss=2.5945):  15%|█████▎                              | 127/863 [00:00<00:04, 173.07it/s]
Training (loss=2.6476):  15%|█████▎                              | 127/863 [00:00<00:04, 173.07it/s]
Training (loss=2.7668):  15%|█████▎                              | 127/863 [00:00<00:04, 173.07it/s]
Training (loss=2.6815):  15%|█████▎                              | 127/863 [00:00<00:04, 173.07it/s]
Training (loss=2.6782):  15%|█████▎                              | 127/863 [00:00<00:04, 173.07it/s]
Training (loss=2.5217):  15%|█████▎                              | 127/863 [00:00<00:04, 173.07it/s]
Training (loss=2.6017):  15%|█████▎                              | 127/863 [00:00<00:04, 173.07it/s]
Training (loss=2.5546):  15%|█████▎                              | 127/863 [00:00<00:04, 173.07it/s]
Training (loss=2.5584):  15%|█████▎                              | 127/863 [00:00<00:04, 173.07it/s]
Training (loss=2.6748):  15%|█████▎                              | 127/863 [00:00<00:04, 173.07it/s]
Training (loss=2.6217):  15%|█████▎                              | 127/863 [00:00<00:04, 173.07it/s]
Training (loss=2.3822):  15%|█████▎                              | 127/863 [00:00<00:04, 173.07it/s]
Training (loss=2.5233):  15%|█████▎                              | 127/863 [00:00<00:04, 173.07it/s]
Training (loss=2.5233):  17%|██████                              | 145/863 [00:00<00:04, 173.99it/s]
Training (loss=2.7885):  17%|██████                              | 145/863 [00:00<00:04, 173.99it/s]
Training (loss=2.4172):  17%|██████                              | 145/863 [00:00<00:04, 173.99it/s]
Training (loss=2.4145):  17%|██████                              | 145/863 [00:00<00:04, 173.99it/s]
Training (loss=2.6915):  17%|██████                              | 145/863 [00:00<00:04, 173.99it/s]
Training (loss=2.5730):  17%|██████                              | 145/863 [00:00<00:04, 173.99it/s]
Training (loss=2.5436):  17%|██████                              | 145/863 [00:00<00:04, 173.99it/s]
Training (loss=2.5533):  17%|██████                              | 145/863 [00:01<00:04, 173.99it/s]
Training (loss=2.4608):  17%|██████                              | 145/863 [00:01<00:04, 173.99it/s]
Training (loss=2.5478):  17%|██████                              | 145/863 [00:01<00:04, 173.99it/s]
Training (loss=2.5586):  17%|██████                              | 145/863 [00:01<00:04, 173.99it/s]
Training (loss=2.7067):  17%|██████                              | 145/863 [00:01<00:04, 173.99it/s]
Training (loss=2.4337):  17%|██████                              | 145/863 [00:01<00:04, 173.99it/s]
Training (loss=2.3972):  17%|██████                              | 145/863 [00:01<00:04, 173.99it/s]
Training (loss=2.7968):  17%|██████                              | 145/863 [00:01<00:04, 173.99it/s]
Training (loss=2.6911):  17%|██████                              | 145/863 [00:01<00:04, 173.99it/s]
Training (loss=2.6094):  17%|██████                              | 145/863 [00:01<00:04, 173.99it/s]
Training (loss=2.5885):  17%|██████                              | 145/863 [00:01<00:04, 173.99it/s]
Training (loss=2.4761):  17%|██████                              | 145/863 [00:01<00:04, 173.99it/s]
Training (loss=2.4761):  19%|██████▊                             | 163/863 [00:01<00:04, 172.61it/s]
Training (loss=2.6398):  19%|██████▊                             | 163/863 [00:01<00:04, 172.61it/s]
Training (loss=2.4634):  19%|██████▊                             | 163/863 [00:01<00:04, 172.61it/s]
Training (loss=2.7459):  19%|██████▊                             | 163/863 [00:01<00:04, 172.61it/s]
Training (loss=2.4960):  19%|██████▊                             | 163/863 [00:01<00:04, 172.61it/s]
Training (loss=2.6389):  19%|██████▊                             | 163/863 [00:01<00:04, 172.61it/s]
Training (loss=2.5398):  19%|██████▊                             | 163/863 [00:01<00:04, 172.61it/s]
Training (loss=2.4291):  19%|██████▊                             | 163/863 [00:01<00:04, 172.61it/s]
Training (loss=2.5920):  19%|██████▊                             | 163/863 [00:01<00:04, 172.61it/s]
Training (loss=2.5755):  19%|██████▊                             | 163/863 [00:01<00:04, 172.61it/s]
Training (loss=2.3643):  19%|██████▊                             | 163/863 [00:01<00:04, 172.61it/s]
Training (loss=2.5898):  19%|██████▊                             | 163/863 [00:01<00:04, 172.61it/s]
Training (loss=2.5012):  19%|██████▊                             | 163/863 [00:01<00:04, 172.61it/s]
Training (loss=2.6221):  19%|██████▊                             | 163/863 [00:01<00:04, 172.61it/s]
Training (loss=2.4499):  19%|██████▊                             | 163/863 [00:01<00:04, 172.61it/s]
Training (loss=2.5683):  19%|██████▊                             | 163/863 [00:01<00:04, 172.61it/s]
Training (loss=2.4175):  19%|██████▊                             | 163/863 [00:01<00:04, 172.61it/s]
Training (loss=2.5840):  19%|██████▊                             | 163/863 [00:01<00:04, 172.61it/s]
Training (loss=2.5884):  19%|██████▊                             | 163/863 [00:01<00:04, 172.61it/s]
Training (loss=2.6959):  19%|██████▊                             | 163/863 [00:01<00:04, 172.61it/s]
Training (loss=2.6959):  21%|███████▌                            | 182/863 [00:01<00:03, 175.04it/s]
Training (loss=2.7520):  21%|███████▌                            | 182/863 [00:01<00:03, 175.04it/s]
Training (loss=2.6352):  21%|███████▌                            | 182/863 [00:01<00:03, 175.04it/s]
Training (loss=2.6882):  21%|███████▌                            | 182/863 [00:01<00:03, 175.04it/s]
Training (loss=2.8313):  21%|███████▌                            | 182/863 [00:01<00:03, 175.04it/s]
Training (loss=2.6989):  21%|███████▌                            | 182/863 [00:01<00:03, 175.04it/s]
Training (loss=2.6893):  21%|███████▌                            | 182/863 [00:01<00:03, 175.04it/s]
Training (loss=2.5899):  21%|███████▌                            | 182/863 [00:01<00:03, 175.04it/s]
Training (loss=2.6617):  21%|███████▌                            | 182/863 [00:01<00:03, 175.04it/s]
Training (loss=2.4325):  21%|███████▌                            | 182/863 [00:01<00:03, 175.04it/s]
Training (loss=2.6702):  21%|███████▌                            | 182/863 [00:01<00:03, 175.04it/s]
Training (loss=2.3757):  21%|███████▌                            | 182/863 [00:01<00:03, 175.04it/s]
Training (loss=2.6386):  21%|███████▌                            | 182/863 [00:01<00:03, 175.04it/s]
Training (loss=2.3071):  21%|███████▌                            | 182/863 [00:01<00:03, 175.04it/s]
Training (loss=2.4735):  21%|███████▌                            | 182/863 [00:01<00:03, 175.04it/s]
Training (loss=2.4993):  21%|███████▌                            | 182/863 [00:01<00:03, 175.04it/s]
Training (loss=2.4134):  21%|███████▌                            | 182/863 [00:01<00:03, 175.04it/s]
Training (loss=2.7032):  21%|███████▌                            | 182/863 [00:01<00:03, 175.04it/s]
Training (loss=2.4661):  21%|███████▌                            | 182/863 [00:01<00:03, 175.04it/s]
Training (loss=2.4661):  23%|████████▎                           | 200/863 [00:01<00:03, 175.66it/s]
Training (loss=2.4705):  23%|████████▎                           | 200/863 [00:01<00:03, 175.66it/s]
Training (loss=2.5477):  23%|████████▎                           | 200/863 [00:01<00:03, 175.66it/s]
Training (loss=2.6263):  23%|████████▎                           | 200/863 [00:01<00:03, 175.66it/s]
Training (loss=2.5223):  23%|████████▎                           | 200/863 [00:01<00:03, 175.66it/s]
Training (loss=2.7344):  23%|████████▎                           | 200/863 [00:01<00:03, 175.66it/s]
Training (loss=2.3136):  23%|████████▎                           | 200/863 [00:01<00:03, 175.66it/s]
Training (loss=2.4890):  23%|████████▎                           | 200/863 [00:01<00:03, 175.66it/s]
Training (loss=2.7266):  23%|████████▎                           | 200/863 [00:01<00:03, 175.66it/s]
Training (loss=2.6591):  23%|████████▎                           | 200/863 [00:01<00:03, 175.66it/s]
Training (loss=2.5046):  23%|████████▎                           | 200/863 [00:01<00:03, 175.66it/s]
Training (loss=2.4702):  23%|████████▎                           | 200/863 [00:01<00:03, 175.66it/s]
Training (loss=2.5563):  23%|████████▎                           | 200/863 [00:01<00:03, 175.66it/s]
Training (loss=2.5314):  23%|████████▎                           | 200/863 [00:01<00:03, 175.66it/s]
Training (loss=2.5689):  23%|████████▎                           | 200/863 [00:01<00:03, 175.66it/s]
Training (loss=2.5283):  23%|████████▎                           | 200/863 [00:01<00:03, 175.66it/s]
Training (loss=2.7507):  23%|████████▎                           | 200/863 [00:01<00:03, 175.66it/s]
Training (loss=2.6463):  23%|████████▎                           | 200/863 [00:01<00:03, 175.66it/s]
Training (loss=2.6197):  23%|████████▎                           | 200/863 [00:01<00:03, 175.66it/s]
Training (loss=2.6197):  25%|█████████                           | 218/863 [00:01<00:03, 176.73it/s]
Training (loss=2.5151):  25%|█████████                           | 218/863 [00:01<00:03, 176.73it/s]
Training (loss=2.6129):  25%|█████████                           | 218/863 [00:01<00:03, 176.73it/s]
Training (loss=2.5347):  25%|█████████                           | 218/863 [00:01<00:03, 176.73it/s]
Training (loss=2.4546):  25%|█████████                           | 218/863 [00:01<00:03, 176.73it/s]
Training (loss=2.6275):  25%|█████████                           | 218/863 [00:01<00:03, 176.73it/s]
Training (loss=2.5443):  25%|█████████                           | 218/863 [00:01<00:03, 176.73it/s]
Training (loss=2.6870):  25%|█████████                           | 218/863 [00:01<00:03, 176.73it/s]
Training (loss=2.7430):  25%|█████████                           | 218/863 [00:01<00:03, 176.73it/s]
Training (loss=2.4832):  25%|█████████                           | 218/863 [00:01<00:03, 176.73it/s]
Training (loss=2.5892):  25%|█████████                           | 218/863 [00:01<00:03, 176.73it/s]
Training (loss=2.5451):  25%|█████████                           | 218/863 [00:01<00:03, 176.73it/s]
Training (loss=2.6138):  25%|█████████                           | 218/863 [00:01<00:03, 176.73it/s]
Training (loss=2.4707):  25%|█████████                           | 218/863 [00:01<00:03, 176.73it/s]
Training (loss=2.6097):  25%|█████████                           | 218/863 [00:01<00:03, 176.73it/s]
Training (loss=2.5471):  25%|█████████                           | 218/863 [00:01<00:03, 176.73it/s]
Training (loss=2.5612):  25%|█████████                           | 218/863 [00:01<00:03, 176.73it/s]
Training (loss=2.6883):  25%|█████████                           | 218/863 [00:01<00:03, 176.73it/s]
Training (loss=2.6229):  25%|█████████                           | 218/863 [00:01<00:03, 176.73it/s]
Training (loss=2.6229):  27%|█████████▊                          | 236/863 [00:01<00:03, 175.76it/s]
Training (loss=2.7886):  27%|█████████▊                          | 236/863 [00:01<00:03, 175.76it/s]
Training (loss=2.4619):  27%|█████████▊                          | 236/863 [00:01<00:03, 175.76it/s]
Training (loss=2.6247):  27%|█████████▊                          | 236/863 [00:01<00:03, 175.76it/s]
Training (loss=2.5042):  27%|█████████▊                          | 236/863 [00:01<00:03, 175.76it/s]
Training (loss=2.4381):  27%|█████████▊                          | 236/863 [00:01<00:03, 175.76it/s]
Training (loss=2.7302):  27%|█████████▊                          | 236/863 [00:01<00:03, 175.76it/s]
Training (loss=2.4697):  27%|█████████▊                          | 236/863 [00:01<00:03, 175.76it/s]
Training (loss=2.5632):  27%|█████████▊                          | 236/863 [00:01<00:03, 175.76it/s]
Training (loss=2.8047):  27%|█████████▊                          | 236/863 [00:01<00:03, 175.76it/s]
Training (loss=2.4648):  27%|█████████▊                          | 236/863 [00:01<00:03, 175.76it/s]
Training (loss=2.6263):  27%|█████████▊                          | 236/863 [00:01<00:03, 175.76it/s]
Training (loss=2.6490):  27%|█████████▊                          | 236/863 [00:01<00:03, 175.76it/s]
Training (loss=2.4934):  27%|█████████▊                          | 236/863 [00:01<00:03, 175.76it/s]
Training (loss=2.4728):  27%|█████████▊                          | 236/863 [00:01<00:03, 175.76it/s]
Training (loss=2.6479):  27%|█████████▊                          | 236/863 [00:01<00:03, 175.76it/s]
Training (loss=2.4771):  27%|█████████▊                          | 236/863 [00:01<00:03, 175.76it/s]
Training (loss=2.7134):  27%|█████████▊                          | 236/863 [00:01<00:03, 175.76it/s]
Training (loss=2.4719):  27%|█████████▊                          | 236/863 [00:01<00:03, 175.76it/s]
Training (loss=2.4719):  29%|██████████▌                         | 254/863 [00:01<00:03, 176.15it/s]
Training (loss=2.4482):  29%|██████████▌                         | 254/863 [00:01<00:03, 176.15it/s]
Training (loss=2.6982):  29%|██████████▌                         | 254/863 [00:01<00:03, 176.15it/s]
Training (loss=2.5176):  29%|██████████▌                         | 254/863 [00:01<00:03, 176.15it/s]
Training (loss=2.5726):  29%|██████████▌                         | 254/863 [00:01<00:03, 176.15it/s]
Training (loss=2.6988):  29%|██████████▌                         | 254/863 [00:01<00:03, 176.15it/s]
Training (loss=2.4117):  29%|██████████▌                         | 254/863 [00:01<00:03, 176.15it/s]
Training (loss=2.6520):  29%|██████████▌                         | 254/863 [00:01<00:03, 176.15it/s]
Training (loss=2.4832):  29%|██████████▌                         | 254/863 [00:01<00:03, 176.15it/s]
Training (loss=2.4401):  29%|██████████▌                         | 254/863 [00:01<00:03, 176.15it/s]
Training (loss=2.7291):  29%|██████████▌                         | 254/863 [00:01<00:03, 176.15it/s]
Training (loss=2.5479):  29%|██████████▌                         | 254/863 [00:01<00:03, 176.15it/s]
Training (loss=2.6765):  29%|██████████▌                         | 254/863 [00:01<00:03, 176.15it/s]
Training (loss=2.5451):  29%|██████████▌                         | 254/863 [00:01<00:03, 176.15it/s]
Training (loss=2.4851):  29%|██████████▌                         | 254/863 [00:01<00:03, 176.15it/s]
Training (loss=2.4922):  29%|██████████▌                         | 254/863 [00:01<00:03, 176.15it/s]
Training (loss=2.8006):  29%|██████████▌                         | 254/863 [00:01<00:03, 176.15it/s]
Training (loss=2.5281):  29%|██████████▌                         | 254/863 [00:01<00:03, 176.15it/s]
Training (loss=2.6342):  29%|██████████▌                         | 254/863 [00:01<00:03, 176.15it/s]
Training (loss=2.6342):  32%|███████████▎                        | 272/863 [00:01<00:03, 177.13it/s]
Training (loss=2.6260):  32%|███████████▎                        | 272/863 [00:01<00:03, 177.13it/s]
Training (loss=2.5624):  32%|███████████▎                        | 272/863 [00:01<00:03, 177.13it/s]
Training (loss=2.4473):  32%|███████████▎                        | 272/863 [00:01<00:03, 177.13it/s]
Training (loss=2.4193):  32%|███████████▎                        | 272/863 [00:01<00:03, 177.13it/s]
Training (loss=2.5771):  32%|███████████▎                        | 272/863 [00:01<00:03, 177.13it/s]
Training (loss=2.7269):  32%|███████████▎                        | 272/863 [00:01<00:03, 177.13it/s]
Training (loss=2.4645):  32%|███████████▎                        | 272/863 [00:01<00:03, 177.13it/s]
Training (loss=2.6953):  32%|███████████▎                        | 272/863 [00:01<00:03, 177.13it/s]
Training (loss=2.6280):  32%|███████████▎                        | 272/863 [00:01<00:03, 177.13it/s]
Training (loss=2.6028):  32%|███████████▎                        | 272/863 [00:01<00:03, 177.13it/s]
Training (loss=2.5802):  32%|███████████▎                        | 272/863 [00:01<00:03, 177.13it/s]
Training (loss=2.6141):  32%|███████████▎                        | 272/863 [00:01<00:03, 177.13it/s]
Training (loss=2.6415):  32%|███████████▎                        | 272/863 [00:01<00:03, 177.13it/s]
Training (loss=2.6831):  32%|███████████▎                        | 272/863 [00:01<00:03, 177.13it/s]
Training (loss=2.5982):  32%|███████████▎                        | 272/863 [00:01<00:03, 177.13it/s]
Training (loss=2.7502):  32%|███████████▎                        | 272/863 [00:01<00:03, 177.13it/s]
Training (loss=2.4640):  32%|███████████▎                        | 272/863 [00:01<00:03, 177.13it/s]
Training (loss=2.5660):  32%|███████████▎                        | 272/863 [00:01<00:03, 177.13it/s]
Training (loss=2.2755):  32%|███████████▎                        | 272/863 [00:01<00:03, 177.13it/s]
Training (loss=2.2755):  34%|████████████▏                       | 291/863 [00:01<00:03, 179.41it/s]
Training (loss=2.6271):  34%|████████████▏                       | 291/863 [00:01<00:03, 179.41it/s]
Training (loss=2.6889):  34%|████████████▏                       | 291/863 [00:01<00:03, 179.41it/s]
Training (loss=2.5633):  34%|████████████▏                       | 291/863 [00:01<00:03, 179.41it/s]
Training (loss=2.5817):  34%|████████████▏                       | 291/863 [00:01<00:03, 179.41it/s]
Training (loss=2.4981):  34%|████████████▏                       | 291/863 [00:01<00:03, 179.41it/s]
Training (loss=2.4935):  34%|████████████▏                       | 291/863 [00:01<00:03, 179.41it/s]
Training (loss=2.9041):  34%|████████████▏                       | 291/863 [00:01<00:03, 179.41it/s]
Training (loss=2.5840):  34%|████████████▏                       | 291/863 [00:01<00:03, 179.41it/s]
Training (loss=2.4620):  34%|████████████▏                       | 291/863 [00:01<00:03, 179.41it/s]
Training (loss=2.3527):  34%|████████████▏                       | 291/863 [00:01<00:03, 179.41it/s]
Training (loss=2.5088):  34%|████████████▏                       | 291/863 [00:01<00:03, 179.41it/s]
Training (loss=2.3592):  34%|████████████▏                       | 291/863 [00:01<00:03, 179.41it/s]
Training (loss=2.4987):  34%|████████████▏                       | 291/863 [00:01<00:03, 179.41it/s]
Training (loss=2.6369):  34%|████████████▏                       | 291/863 [00:01<00:03, 179.41it/s]
Training (loss=2.4977):  34%|████████████▏                       | 291/863 [00:01<00:03, 179.41it/s]
Training (loss=2.6721):  34%|████████████▏                       | 291/863 [00:01<00:03, 179.41it/s]
Training (loss=2.5119):  34%|████████████▏                       | 291/863 [00:01<00:03, 179.41it/s]
Training (loss=2.7454):  34%|████████████▏                       | 291/863 [00:01<00:03, 179.41it/s]
Training (loss=2.7454):  36%|████████████▉                       | 309/863 [00:01<00:03, 177.80it/s]
Training (loss=2.6849):  36%|████████████▉                       | 309/863 [00:01<00:03, 177.80it/s]
Training (loss=2.4269):  36%|████████████▉                       | 309/863 [00:01<00:03, 177.80it/s]
Training (loss=2.6761):  36%|████████████▉                       | 309/863 [00:01<00:03, 177.80it/s]
Training (loss=2.4771):  36%|████████████▉                       | 309/863 [00:01<00:03, 177.80it/s]
Training (loss=2.7241):  36%|████████████▉                       | 309/863 [00:01<00:03, 177.80it/s]
Training (loss=2.4377):  36%|████████████▉                       | 309/863 [00:01<00:03, 177.80it/s]
Training (loss=2.6776):  36%|████████████▉                       | 309/863 [00:01<00:03, 177.80it/s]
Training (loss=2.7330):  36%|████████████▉                       | 309/863 [00:01<00:03, 177.80it/s]
Training (loss=2.4887):  36%|████████████▉                       | 309/863 [00:01<00:03, 177.80it/s]
Training (loss=2.5933):  36%|████████████▉                       | 309/863 [00:01<00:03, 177.80it/s]
Training (loss=2.4754):  36%|████████████▉                       | 309/863 [00:01<00:03, 177.80it/s]
Training (loss=2.4626):  36%|████████████▉                       | 309/863 [00:01<00:03, 177.80it/s]
Training (loss=2.4623):  36%|████████████▉                       | 309/863 [00:01<00:03, 177.80it/s]
Training (loss=2.5300):  36%|████████████▉                       | 309/863 [00:01<00:03, 177.80it/s]
Training (loss=2.4422):  36%|████████████▉                       | 309/863 [00:01<00:03, 177.80it/s]
Training (loss=2.4464):  36%|████████████▉                       | 309/863 [00:01<00:03, 177.80it/s]
Training (loss=2.5183):  36%|████████████▉                       | 309/863 [00:01<00:03, 177.80it/s]
Training (loss=2.4975):  36%|████████████▉                       | 309/863 [00:01<00:03, 177.80it/s]
Training (loss=2.4975):  38%|█████████████▋                      | 327/863 [00:01<00:03, 176.06it/s]
Training (loss=2.8487):  38%|█████████████▋                      | 327/863 [00:02<00:03, 176.06it/s]
Training (loss=2.3377):  38%|█████████████▋                      | 327/863 [00:02<00:03, 176.06it/s]
Training (loss=2.3822):  38%|█████████████▋                      | 327/863 [00:02<00:03, 176.06it/s]
Training (loss=2.5917):  38%|█████████████▋                      | 327/863 [00:02<00:03, 176.06it/s]
Training (loss=2.5101):  38%|█████████████▋                      | 327/863 [00:02<00:03, 176.06it/s]
Training (loss=2.3888):  38%|█████████████▋                      | 327/863 [00:02<00:03, 176.06it/s]
Training (loss=2.6167):  38%|█████████████▋                      | 327/863 [00:02<00:03, 176.06it/s]
Training (loss=2.7785):  38%|█████████████▋                      | 327/863 [00:02<00:03, 176.06it/s]
Training (loss=2.5840):  38%|█████████████▋                      | 327/863 [00:02<00:03, 176.06it/s]
Training (loss=2.5110):  38%|█████████████▋                      | 327/863 [00:02<00:03, 176.06it/s]
Training (loss=2.3492):  38%|█████████████▋                      | 327/863 [00:02<00:03, 176.06it/s]
Training (loss=2.5094):  38%|█████████████▋                      | 327/863 [00:02<00:03, 176.06it/s]
Training (loss=2.4574):  38%|█████████████▋                      | 327/863 [00:02<00:03, 176.06it/s]
Training (loss=2.5399):  38%|█████████████▋                      | 327/863 [00:02<00:03, 176.06it/s]
Training (loss=2.4791):  38%|█████████████▋                      | 327/863 [00:02<00:03, 176.06it/s]
Training (loss=2.6952):  38%|█████████████▋                      | 327/863 [00:02<00:03, 176.06it/s]
Training (loss=2.7920):  38%|█████████████▋                      | 327/863 [00:02<00:03, 176.06it/s]
Training (loss=2.5549):  38%|█████████████▋                      | 327/863 [00:02<00:03, 176.06it/s]
Training (loss=2.5549):  40%|██████████████▍                     | 345/863 [00:02<00:02, 173.59it/s]
Training (loss=2.6671):  40%|██████████████▍                     | 345/863 [00:02<00:02, 173.59it/s]
Training (loss=2.3653):  40%|██████████████▍                     | 345/863 [00:02<00:02, 173.59it/s]
Training (loss=2.6107):  40%|██████████████▍                     | 345/863 [00:02<00:02, 173.59it/s]
Training (loss=2.5470):  40%|██████████████▍                     | 345/863 [00:02<00:02, 173.59it/s]
Training (loss=2.8069):  40%|██████████████▍                     | 345/863 [00:02<00:02, 173.59it/s]
Training (loss=2.4579):  40%|██████████████▍                     | 345/863 [00:02<00:02, 173.59it/s]
Training (loss=2.8447):  40%|██████████████▍                     | 345/863 [00:02<00:02, 173.59it/s]
Training (loss=2.6408):  40%|██████████████▍                     | 345/863 [00:02<00:02, 173.59it/s]
Training (loss=2.7197):  40%|██████████████▍                     | 345/863 [00:02<00:02, 173.59it/s]
Training (loss=2.3935):  40%|██████████████▍                     | 345/863 [00:02<00:02, 173.59it/s]
Training (loss=2.6202):  40%|██████████████▍                     | 345/863 [00:02<00:02, 173.59it/s]
Training (loss=2.5228):  40%|██████████████▍                     | 345/863 [00:02<00:02, 173.59it/s]
Training (loss=2.4203):  40%|██████████████▍                     | 345/863 [00:02<00:02, 173.59it/s]
Training (loss=2.5448):  40%|██████████████▍                     | 345/863 [00:02<00:02, 173.59it/s]
Training (loss=2.6894):  40%|██████████████▍                     | 345/863 [00:02<00:02, 173.59it/s]
Training (loss=2.8454):  40%|██████████████▍                     | 345/863 [00:02<00:02, 173.59it/s]
Training (loss=2.5702):  40%|██████████████▍                     | 345/863 [00:02<00:02, 173.59it/s]
Training (loss=2.6938):  40%|██████████████▍                     | 345/863 [00:02<00:02, 173.59it/s]
Training (loss=2.6938):  42%|███████████████▏                    | 363/863 [00:02<00:03, 160.69it/s]
Training (loss=2.4356):  42%|███████████████▏                    | 363/863 [00:02<00:03, 160.69it/s]
Training (loss=2.7928):  42%|███████████████▏                    | 363/863 [00:02<00:03, 160.69it/s]
Training (loss=2.4091):  42%|███████████████▏                    | 363/863 [00:02<00:03, 160.69it/s]
Training (loss=2.7417):  42%|███████████████▏                    | 363/863 [00:02<00:03, 160.69it/s]
Training (loss=2.5700):  42%|███████████████▏                    | 363/863 [00:02<00:03, 160.69it/s]
Training (loss=2.6409):  42%|███████████████▏                    | 363/863 [00:02<00:03, 160.69it/s]
Training (loss=2.6035):  42%|███████████████▏                    | 363/863 [00:02<00:03, 160.69it/s]
Training (loss=2.5123):  42%|███████████████▏                    | 363/863 [00:02<00:03, 160.69it/s]
Training (loss=2.5205):  42%|███████████████▏                    | 363/863 [00:02<00:03, 160.69it/s]
Training (loss=2.4858):  42%|███████████████▏                    | 363/863 [00:02<00:03, 160.69it/s]
Training (loss=2.5257):  42%|███████████████▏                    | 363/863 [00:02<00:03, 160.69it/s]
Training (loss=2.4881):  42%|███████████████▏                    | 363/863 [00:02<00:03, 160.69it/s]
Training (loss=2.5757):  42%|███████████████▏                    | 363/863 [00:02<00:03, 160.69it/s]
Training (loss=2.4999):  42%|███████████████▏                    | 363/863 [00:02<00:03, 160.69it/s]
Training (loss=2.4413):  42%|███████████████▏                    | 363/863 [00:02<00:03, 160.69it/s]
Training (loss=2.7717):  42%|███████████████▏                    | 363/863 [00:02<00:03, 160.69it/s]
Training (loss=2.7894):  42%|███████████████▏                    | 363/863 [00:02<00:03, 160.69it/s]
Training (loss=2.7894):  44%|███████████████▊                    | 380/863 [00:02<00:02, 161.52it/s]
Training (loss=2.6201):  44%|███████████████▊                    | 380/863 [00:02<00:02, 161.52it/s]
Training (loss=2.5089):  44%|███████████████▊                    | 380/863 [00:02<00:02, 161.52it/s]
Training (loss=2.6091):  44%|███████████████▊                    | 380/863 [00:02<00:02, 161.52it/s]
Training (loss=2.3198):  44%|███████████████▊                    | 380/863 [00:02<00:02, 161.52it/s]
Training (loss=2.7027):  44%|███████████████▊                    | 380/863 [00:02<00:02, 161.52it/s]
Training (loss=2.4609):  44%|███████████████▊                    | 380/863 [00:02<00:02, 161.52it/s]
Training (loss=2.4666):  44%|███████████████▊                    | 380/863 [00:02<00:02, 161.52it/s]
Training (loss=2.8109):  44%|███████████████▊                    | 380/863 [00:02<00:02, 161.52it/s]
Training (loss=2.6637):  44%|███████████████▊                    | 380/863 [00:02<00:02, 161.52it/s]
Training (loss=2.4581):  44%|███████████████▊                    | 380/863 [00:02<00:02, 161.52it/s]
Training (loss=2.6554):  44%|███████████████▊                    | 380/863 [00:02<00:02, 161.52it/s]
Training (loss=2.6616):  44%|███████████████▊                    | 380/863 [00:02<00:02, 161.52it/s]
Training (loss=2.6214):  44%|███████████████▊                    | 380/863 [00:02<00:02, 161.52it/s]
Training (loss=2.8693):  44%|███████████████▊                    | 380/863 [00:02<00:02, 161.52it/s]
Training (loss=2.5638):  44%|███████████████▊                    | 380/863 [00:02<00:02, 161.52it/s]
Training (loss=2.5856):  44%|███████████████▊                    | 380/863 [00:02<00:02, 161.52it/s]
Training (loss=2.6353):  44%|███████████████▊                    | 380/863 [00:02<00:02, 161.52it/s]
Training (loss=2.6353):  46%|████████████████▌                   | 397/863 [00:02<00:02, 163.60it/s]
Training (loss=2.4395):  46%|████████████████▌                   | 397/863 [00:02<00:02, 163.60it/s]
Training (loss=2.6658):  46%|████████████████▌                   | 397/863 [00:02<00:02, 163.60it/s]
Training (loss=2.5558):  46%|████████████████▌                   | 397/863 [00:02<00:02, 163.60it/s]
Training (loss=2.5615):  46%|████████████████▌                   | 397/863 [00:02<00:02, 163.60it/s]
Training (loss=2.3877):  46%|████████████████▌                   | 397/863 [00:02<00:02, 163.60it/s]
Training (loss=2.5296):  46%|████████████████▌                   | 397/863 [00:02<00:02, 163.60it/s]
Training (loss=2.5275):  46%|████████████████▌                   | 397/863 [00:02<00:02, 163.60it/s]
Training (loss=2.5682):  46%|████████████████▌                   | 397/863 [00:02<00:02, 163.60it/s]
Training (loss=2.6370):  46%|████████████████▌                   | 397/863 [00:02<00:02, 163.60it/s]
Training (loss=2.5445):  46%|████████████████▌                   | 397/863 [00:02<00:02, 163.60it/s]
Training (loss=2.5456):  46%|████████████████▌                   | 397/863 [00:02<00:02, 163.60it/s]
Training (loss=2.5516):  46%|████████████████▌                   | 397/863 [00:02<00:02, 163.60it/s]
Training (loss=2.5158):  46%|████████████████▌                   | 397/863 [00:02<00:02, 163.60it/s]
Training (loss=2.5090):  46%|████████████████▌                   | 397/863 [00:02<00:02, 163.60it/s]
Training (loss=2.5080):  46%|████████████████▌                   | 397/863 [00:02<00:02, 163.60it/s]
Training (loss=2.7181):  46%|████████████████▌                   | 397/863 [00:02<00:02, 163.60it/s]
Training (loss=2.5838):  46%|████████████████▌                   | 397/863 [00:02<00:02, 163.60it/s]
Training (loss=2.3843):  46%|████████████████▌                   | 397/863 [00:02<00:02, 163.60it/s]
Training (loss=2.5967):  46%|████████████████▌                   | 397/863 [00:02<00:02, 163.60it/s]
Training (loss=2.5256):  46%|████████████████▌                   | 397/863 [00:02<00:02, 163.60it/s]
Training (loss=2.5256):  48%|█████████████████▍                  | 417/863 [00:02<00:02, 171.45it/s]
Training (loss=2.6659):  48%|█████████████████▍                  | 417/863 [00:02<00:02, 171.45it/s]
Training (loss=2.7790):  48%|█████████████████▍                  | 417/863 [00:02<00:02, 171.45it/s]
Training (loss=2.7079):  48%|█████████████████▍                  | 417/863 [00:02<00:02, 171.45it/s]
Training (loss=2.6447):  48%|█████████████████▍                  | 417/863 [00:02<00:02, 171.45it/s]
Training (loss=2.7956):  48%|█████████████████▍                  | 417/863 [00:02<00:02, 171.45it/s]
Training (loss=2.6318):  48%|█████████████████▍                  | 417/863 [00:02<00:02, 171.45it/s]
Training (loss=2.9116):  48%|█████████████████▍                  | 417/863 [00:02<00:02, 171.45it/s]
Training (loss=2.6580):  48%|█████████████████▍                  | 417/863 [00:02<00:02, 171.45it/s]
Training (loss=2.4796):  48%|█████████████████▍                  | 417/863 [00:02<00:02, 171.45it/s]
Training (loss=2.5631):  48%|█████████████████▍                  | 417/863 [00:02<00:02, 171.45it/s]
Training (loss=2.6604):  48%|█████████████████▍                  | 417/863 [00:02<00:02, 171.45it/s]
Training (loss=2.7084):  48%|█████████████████▍                  | 417/863 [00:02<00:02, 171.45it/s]
Training (loss=2.4792):  48%|█████████████████▍                  | 417/863 [00:02<00:02, 171.45it/s]
Training (loss=2.5776):  48%|█████████████████▍                  | 417/863 [00:02<00:02, 171.45it/s]
Training (loss=2.5247):  48%|█████████████████▍                  | 417/863 [00:02<00:02, 171.45it/s]
Training (loss=2.5655):  48%|█████████████████▍                  | 417/863 [00:02<00:02, 171.45it/s]
Training (loss=2.8910):  48%|█████████████████▍                  | 417/863 [00:02<00:02, 171.45it/s]
Training (loss=2.6944):  48%|█████████████████▍                  | 417/863 [00:02<00:02, 171.45it/s]
Training (loss=2.6454):  48%|█████████████████▍                  | 417/863 [00:02<00:02, 171.45it/s]
Training (loss=2.6454):  51%|██████████████████▏                 | 436/863 [00:02<00:02, 174.27it/s]
Training (loss=2.5931):  51%|██████████████████▏                 | 436/863 [00:02<00:02, 174.27it/s]
Training (loss=2.6052):  51%|██████████████████▏                 | 436/863 [00:02<00:02, 174.27it/s]
Training (loss=2.7354):  51%|██████████████████▏                 | 436/863 [00:02<00:02, 174.27it/s]
Training (loss=2.3935):  51%|██████████████████▏                 | 436/863 [00:02<00:02, 174.27it/s]
Training (loss=2.8082):  51%|██████████████████▏                 | 436/863 [00:02<00:02, 174.27it/s]
Training (loss=2.7926):  51%|██████████████████▏                 | 436/863 [00:02<00:02, 174.27it/s]
Training (loss=2.5055):  51%|██████████████████▏                 | 436/863 [00:02<00:02, 174.27it/s]
Training (loss=2.6509):  51%|██████████████████▏                 | 436/863 [00:02<00:02, 174.27it/s]
Training (loss=2.4514):  51%|██████████████████▏                 | 436/863 [00:02<00:02, 174.27it/s]
Training (loss=2.5932):  51%|██████████████████▏                 | 436/863 [00:02<00:02, 174.27it/s]
Training (loss=2.7227):  51%|██████████████████▏                 | 436/863 [00:02<00:02, 174.27it/s]
Training (loss=2.6254):  51%|██████████████████▏                 | 436/863 [00:02<00:02, 174.27it/s]
Training (loss=2.6955):  51%|██████████████████▏                 | 436/863 [00:02<00:02, 174.27it/s]
Training (loss=2.4717):  51%|██████████████████▏                 | 436/863 [00:02<00:02, 174.27it/s]
Training (loss=2.5703):  51%|██████████████████▏                 | 436/863 [00:02<00:02, 174.27it/s]
Training (loss=2.5483):  51%|██████████████████▏                 | 436/863 [00:02<00:02, 174.27it/s]
Training (loss=2.4645):  51%|██████████████████▏                 | 436/863 [00:02<00:02, 174.27it/s]
Training (loss=2.7703):  51%|██████████████████▏                 | 436/863 [00:02<00:02, 174.27it/s]
Training (loss=2.5223):  51%|██████████████████▏                 | 436/863 [00:02<00:02, 174.27it/s]
Training (loss=2.5223):  53%|██████████████████▉                 | 455/863 [00:02<00:02, 178.32it/s]
Training (loss=2.4802):  53%|██████████████████▉                 | 455/863 [00:02<00:02, 178.32it/s]
Training (loss=2.6550):  53%|██████████████████▉                 | 455/863 [00:02<00:02, 178.32it/s]
Training (loss=2.5958):  53%|██████████████████▉                 | 455/863 [00:02<00:02, 178.32it/s]
Training (loss=2.5276):  53%|██████████████████▉                 | 455/863 [00:02<00:02, 178.32it/s]
Training (loss=2.7075):  53%|██████████████████▉                 | 455/863 [00:02<00:02, 178.32it/s]
Training (loss=2.6271):  53%|██████████████████▉                 | 455/863 [00:02<00:02, 178.32it/s]
Training (loss=2.4401):  53%|██████████████████▉                 | 455/863 [00:02<00:02, 178.32it/s]
Training (loss=2.5327):  53%|██████████████████▉                 | 455/863 [00:02<00:02, 178.32it/s]
Training (loss=2.5513):  53%|██████████████████▉                 | 455/863 [00:02<00:02, 178.32it/s]
Training (loss=2.6322):  53%|██████████████████▉                 | 455/863 [00:02<00:02, 178.32it/s]
Training (loss=2.5459):  53%|██████████████████▉                 | 455/863 [00:02<00:02, 178.32it/s]
Training (loss=2.6027):  53%|██████████████████▉                 | 455/863 [00:02<00:02, 178.32it/s]
Training (loss=2.6940):  53%|██████████████████▉                 | 455/863 [00:02<00:02, 178.32it/s]
Training (loss=2.4928):  53%|██████████████████▉                 | 455/863 [00:02<00:02, 178.32it/s]
Training (loss=2.5583):  53%|██████████████████▉                 | 455/863 [00:02<00:02, 178.32it/s]
Training (loss=2.5358):  53%|██████████████████▉                 | 455/863 [00:02<00:02, 178.32it/s]
Training (loss=2.6042):  53%|██████████████████▉                 | 455/863 [00:02<00:02, 178.32it/s]
Training (loss=2.6143):  53%|██████████████████▉                 | 455/863 [00:02<00:02, 178.32it/s]
Training (loss=2.6143):  55%|███████████████████▋                | 473/863 [00:02<00:02, 176.81it/s]
Training (loss=2.6398):  55%|███████████████████▋                | 473/863 [00:02<00:02, 176.81it/s]
Training (loss=2.4091):  55%|███████████████████▋                | 473/863 [00:02<00:02, 176.81it/s]
Training (loss=2.5386):  55%|███████████████████▋                | 473/863 [00:02<00:02, 176.81it/s]
Training (loss=2.4759):  55%|███████████████████▋                | 473/863 [00:02<00:02, 176.81it/s]
Training (loss=2.6967):  55%|███████████████████▋                | 473/863 [00:02<00:02, 176.81it/s]
Training (loss=2.6435):  55%|███████████████████▋                | 473/863 [00:02<00:02, 176.81it/s]
Training (loss=2.3768):  55%|███████████████████▋                | 473/863 [00:02<00:02, 176.81it/s]
Training (loss=2.6574):  55%|███████████████████▋                | 473/863 [00:02<00:02, 176.81it/s]
Training (loss=2.6721):  55%|███████████████████▋                | 473/863 [00:02<00:02, 176.81it/s]
Training (loss=2.5001):  55%|███████████████████▋                | 473/863 [00:02<00:02, 176.81it/s]
Training (loss=2.8168):  55%|███████████████████▋                | 473/863 [00:02<00:02, 176.81it/s]
Training (loss=2.5265):  55%|███████████████████▋                | 473/863 [00:02<00:02, 176.81it/s]
Training (loss=2.4792):  55%|███████████████████▋                | 473/863 [00:02<00:02, 176.81it/s]
Training (loss=2.7242):  55%|███████████████████▋                | 473/863 [00:02<00:02, 176.81it/s]
Training (loss=2.6454):  55%|███████████████████▋                | 473/863 [00:02<00:02, 176.81it/s]
Training (loss=2.5762):  55%|███████████████████▋                | 473/863 [00:02<00:02, 176.81it/s]
Training (loss=2.6745):  55%|███████████████████▋                | 473/863 [00:02<00:02, 176.81it/s]
Training (loss=2.6833):  55%|███████████████████▋                | 473/863 [00:02<00:02, 176.81it/s]
Training (loss=2.6833):  57%|████████████████████▍               | 491/863 [00:02<00:02, 177.23it/s]
Training (loss=2.5098):  57%|████████████████████▍               | 491/863 [00:02<00:02, 177.23it/s]
Training (loss=2.5414):  57%|████████████████████▍               | 491/863 [00:02<00:02, 177.23it/s]
Training (loss=2.6681):  57%|████████████████████▍               | 491/863 [00:02<00:02, 177.23it/s]
Training (loss=2.4571):  57%|████████████████████▍               | 491/863 [00:02<00:02, 177.23it/s]
Training (loss=2.6844):  57%|████████████████████▍               | 491/863 [00:02<00:02, 177.23it/s]
Training (loss=2.5740):  57%|████████████████████▍               | 491/863 [00:02<00:02, 177.23it/s]
Training (loss=2.6736):  57%|████████████████████▍               | 491/863 [00:02<00:02, 177.23it/s]
Training (loss=2.5189):  57%|████████████████████▍               | 491/863 [00:03<00:02, 177.23it/s]
Training (loss=2.5082):  57%|████████████████████▍               | 491/863 [00:03<00:02, 177.23it/s]
Training (loss=2.3873):  57%|████████████████████▍               | 491/863 [00:03<00:02, 177.23it/s]
Training (loss=2.5184):  57%|████████████████████▍               | 491/863 [00:03<00:02, 177.23it/s]
Training (loss=2.6227):  57%|████████████████████▍               | 491/863 [00:03<00:02, 177.23it/s]
Training (loss=2.3226):  57%|████████████████████▍               | 491/863 [00:03<00:02, 177.23it/s]
Training (loss=2.5971):  57%|████████████████████▍               | 491/863 [00:03<00:02, 177.23it/s]
Training (loss=2.4255):  57%|████████████████████▍               | 491/863 [00:03<00:02, 177.23it/s]
Training (loss=2.4124):  57%|████████████████████▍               | 491/863 [00:03<00:02, 177.23it/s]
Training (loss=2.5763):  57%|████████████████████▍               | 491/863 [00:03<00:02, 177.23it/s]
Training (loss=2.4410):  57%|████████████████████▍               | 491/863 [00:03<00:02, 177.23it/s]
Training (loss=2.4410):  59%|█████████████████████▏              | 509/863 [00:03<00:02, 175.38it/s]
Training (loss=2.7640):  59%|█████████████████████▏              | 509/863 [00:03<00:02, 175.38it/s]
Training (loss=2.6372):  59%|█████████████████████▏              | 509/863 [00:03<00:02, 175.38it/s]
Training (loss=2.7916):  59%|█████████████████████▏              | 509/863 [00:03<00:02, 175.38it/s]
Training (loss=2.5530):  59%|█████████████████████▏              | 509/863 [00:03<00:02, 175.38it/s]
Training (loss=2.6654):  59%|█████████████████████▏              | 509/863 [00:03<00:02, 175.38it/s]
Training (loss=2.6327):  59%|█████████████████████▏              | 509/863 [00:03<00:02, 175.38it/s]
Training (loss=2.7377):  59%|█████████████████████▏              | 509/863 [00:03<00:02, 175.38it/s]
Training (loss=2.4631):  59%|█████████████████████▏              | 509/863 [00:03<00:02, 175.38it/s]
Training (loss=2.7805):  59%|█████████████████████▏              | 509/863 [00:03<00:02, 175.38it/s]
Training (loss=2.5606):  59%|█████████████████████▏              | 509/863 [00:03<00:02, 175.38it/s]
Training (loss=2.7465):  59%|█████████████████████▏              | 509/863 [00:03<00:02, 175.38it/s]
Training (loss=2.4513):  59%|█████████████████████▏              | 509/863 [00:03<00:02, 175.38it/s]
Training (loss=2.6254):  59%|█████████████████████▏              | 509/863 [00:03<00:02, 175.38it/s]
Training (loss=2.6511):  59%|█████████████████████▏              | 509/863 [00:03<00:02, 175.38it/s]
Training (loss=2.8885):  59%|█████████████████████▏              | 509/863 [00:03<00:02, 175.38it/s]
Training (loss=2.3909):  59%|█████████████████████▏              | 509/863 [00:03<00:02, 175.38it/s]
Training (loss=2.6145):  59%|█████████████████████▏              | 509/863 [00:03<00:02, 175.38it/s]
Training (loss=2.6317):  59%|█████████████████████▏              | 509/863 [00:03<00:02, 175.38it/s]
Training (loss=2.6317):  61%|█████████████████████▉              | 527/863 [00:03<00:01, 175.51it/s]
Training (loss=2.7877):  61%|█████████████████████▉              | 527/863 [00:03<00:01, 175.51it/s]
Training (loss=2.6104):  61%|█████████████████████▉              | 527/863 [00:03<00:01, 175.51it/s]
Training (loss=2.5207):  61%|█████████████████████▉              | 527/863 [00:03<00:01, 175.51it/s]
Training (loss=2.7008):  61%|█████████████████████▉              | 527/863 [00:03<00:01, 175.51it/s]
Training (loss=2.7680):  61%|█████████████████████▉              | 527/863 [00:03<00:01, 175.51it/s]
Training (loss=2.6253):  61%|█████████████████████▉              | 527/863 [00:03<00:01, 175.51it/s]
Training (loss=2.5860):  61%|█████████████████████▉              | 527/863 [00:03<00:01, 175.51it/s]
Training (loss=2.6775):  61%|█████████████████████▉              | 527/863 [00:03<00:01, 175.51it/s]
Training (loss=2.7817):  61%|█████████████████████▉              | 527/863 [00:03<00:01, 175.51it/s]
Training (loss=2.4553):  61%|█████████████████████▉              | 527/863 [00:03<00:01, 175.51it/s]
Training (loss=2.5948):  61%|█████████████████████▉              | 527/863 [00:03<00:01, 175.51it/s]
Training (loss=2.4959):  61%|█████████████████████▉              | 527/863 [00:03<00:01, 175.51it/s]
Training (loss=2.4286):  61%|█████████████████████▉              | 527/863 [00:03<00:01, 175.51it/s]
Training (loss=2.7645):  61%|█████████████████████▉              | 527/863 [00:03<00:01, 175.51it/s]
Training (loss=2.4569):  61%|█████████████████████▉              | 527/863 [00:03<00:01, 175.51it/s]
Training (loss=2.5414):  61%|█████████████████████▉              | 527/863 [00:03<00:01, 175.51it/s]
Training (loss=2.7664):  61%|█████████████████████▉              | 527/863 [00:03<00:01, 175.51it/s]
Training (loss=2.5695):  61%|█████████████████████▉              | 527/863 [00:03<00:01, 175.51it/s]
Training (loss=2.5695):  63%|███████████████████████▎             | 545/863 [00:03<00:03, 90.82it/s]
Training (loss=2.5388):  63%|███████████████████████▎             | 545/863 [00:03<00:03, 90.82it/s]
Training (loss=2.9398):  63%|███████████████████████▎             | 545/863 [00:03<00:03, 90.82it/s]
Training (loss=2.5967):  63%|███████████████████████▎             | 545/863 [00:03<00:03, 90.82it/s]
Training (loss=2.4218):  63%|███████████████████████▎             | 545/863 [00:03<00:03, 90.82it/s]
Training (loss=2.6111):  63%|███████████████████████▎             | 545/863 [00:03<00:03, 90.82it/s]
Training (loss=2.3303):  63%|███████████████████████▎             | 545/863 [00:03<00:03, 90.82it/s]
Training (loss=2.6613):  63%|███████████████████████▎             | 545/863 [00:03<00:03, 90.82it/s]
Training (loss=2.5916):  63%|███████████████████████▎             | 545/863 [00:03<00:03, 90.82it/s]
Training (loss=2.6452):  63%|███████████████████████▎             | 545/863 [00:03<00:03, 90.82it/s]
Training (loss=2.4452):  63%|███████████████████████▎             | 545/863 [00:03<00:03, 90.82it/s]
Training (loss=2.7002):  63%|███████████████████████▎             | 545/863 [00:03<00:03, 90.82it/s]
Training (loss=2.4643):  63%|███████████████████████▎             | 545/863 [00:03<00:03, 90.82it/s]
Training (loss=2.5331):  63%|███████████████████████▎             | 545/863 [00:03<00:03, 90.82it/s]
Training (loss=2.7493):  63%|███████████████████████▎             | 545/863 [00:03<00:03, 90.82it/s]
Training (loss=2.6259):  63%|███████████████████████▎             | 545/863 [00:03<00:03, 90.82it/s]
Training (loss=2.6173):  63%|███████████████████████▎             | 545/863 [00:03<00:03, 90.82it/s]
Training (loss=2.4898):  63%|███████████████████████▎             | 545/863 [00:03<00:03, 90.82it/s]
Training (loss=2.5765):  63%|███████████████████████▎             | 545/863 [00:03<00:03, 90.82it/s]
Training (loss=2.5765):  65%|███████████████████████▍            | 563/863 [00:03<00:02, 106.06it/s]
Training (loss=2.5860):  65%|███████████████████████▍            | 563/863 [00:03<00:02, 106.06it/s]
Training (loss=2.7589):  65%|███████████████████████▍            | 563/863 [00:03<00:02, 106.06it/s]
Training (loss=2.5340):  65%|███████████████████████▍            | 563/863 [00:03<00:02, 106.06it/s]
Training (loss=2.6575):  65%|███████████████████████▍            | 563/863 [00:03<00:02, 106.06it/s]
Training (loss=2.5601):  65%|███████████████████████▍            | 563/863 [00:03<00:02, 106.06it/s]
Training (loss=2.5427):  65%|███████████████████████▍            | 563/863 [00:03<00:02, 106.06it/s]
Training (loss=2.8754):  65%|███████████████████████▍            | 563/863 [00:03<00:02, 106.06it/s]
Training (loss=2.4747):  65%|███████████████████████▍            | 563/863 [00:03<00:02, 106.06it/s]
Training (loss=2.5339):  65%|███████████████████████▍            | 563/863 [00:03<00:02, 106.06it/s]
Training (loss=2.6836):  65%|███████████████████████▍            | 563/863 [00:03<00:02, 106.06it/s]
Training (loss=2.6908):  65%|███████████████████████▍            | 563/863 [00:03<00:02, 106.06it/s]
Training (loss=2.5979):  65%|███████████████████████▍            | 563/863 [00:03<00:02, 106.06it/s]
Training (loss=2.5744):  65%|███████████████████████▍            | 563/863 [00:03<00:02, 106.06it/s]
Training (loss=2.6040):  65%|███████████████████████▍            | 563/863 [00:03<00:02, 106.06it/s]
Training (loss=2.6185):  65%|███████████████████████▍            | 563/863 [00:03<00:02, 106.06it/s]
Training (loss=2.7566):  65%|███████████████████████▍            | 563/863 [00:03<00:02, 106.06it/s]
Training (loss=2.5307):  65%|███████████████████████▍            | 563/863 [00:03<00:02, 106.06it/s]
Training (loss=2.8081):  65%|███████████████████████▍            | 563/863 [00:03<00:02, 106.06it/s]
Training (loss=2.8081):  67%|████████████████████████▏           | 581/863 [00:03<00:02, 120.81it/s]
Training (loss=2.5768):  67%|████████████████████████▏           | 581/863 [00:03<00:02, 120.81it/s]
Training (loss=2.6556):  67%|████████████████████████▏           | 581/863 [00:03<00:02, 120.81it/s]
Training (loss=2.3409):  67%|████████████████████████▏           | 581/863 [00:03<00:02, 120.81it/s]
Training (loss=2.3099):  67%|████████████████████████▏           | 581/863 [00:03<00:02, 120.81it/s]
Training (loss=2.8200):  67%|████████████████████████▏           | 581/863 [00:03<00:02, 120.81it/s]
Training (loss=2.7645):  67%|████████████████████████▏           | 581/863 [00:03<00:02, 120.81it/s]
Training (loss=2.6424):  67%|████████████████████████▏           | 581/863 [00:03<00:02, 120.81it/s]
Training (loss=2.4028):  67%|████████████████████████▏           | 581/863 [00:03<00:02, 120.81it/s]
Training (loss=2.5278):  67%|████████████████████████▏           | 581/863 [00:03<00:02, 120.81it/s]
Training (loss=2.7404):  67%|████████████████████████▏           | 581/863 [00:03<00:02, 120.81it/s]
Training (loss=2.7468):  67%|████████████████████████▏           | 581/863 [00:03<00:02, 120.81it/s]
Training (loss=2.5638):  67%|████████████████████████▏           | 581/863 [00:03<00:02, 120.81it/s]
Training (loss=2.3791):  67%|████████████████████████▏           | 581/863 [00:03<00:02, 120.81it/s]
Training (loss=2.6827):  67%|████████████████████████▏           | 581/863 [00:03<00:02, 120.81it/s]
Training (loss=2.5609):  67%|████████████████████████▏           | 581/863 [00:03<00:02, 120.81it/s]
Training (loss=2.6574):  67%|████████████████████████▏           | 581/863 [00:03<00:02, 120.81it/s]
Training (loss=2.7629):  67%|████████████████████████▏           | 581/863 [00:03<00:02, 120.81it/s]
Training (loss=2.7629):  69%|████████████████████████▉           | 598/863 [00:03<00:02, 130.62it/s]
Training (loss=2.5563):  69%|████████████████████████▉           | 598/863 [00:03<00:02, 130.62it/s]
Training (loss=2.5869):  69%|████████████████████████▉           | 598/863 [00:03<00:02, 130.62it/s]
Training (loss=2.5514):  69%|████████████████████████▉           | 598/863 [00:03<00:02, 130.62it/s]
Training (loss=2.5151):  69%|████████████████████████▉           | 598/863 [00:03<00:02, 130.62it/s]
Training (loss=2.5286):  69%|████████████████████████▉           | 598/863 [00:03<00:02, 130.62it/s]
Training (loss=2.4035):  69%|████████████████████████▉           | 598/863 [00:03<00:02, 130.62it/s]
Training (loss=2.5221):  69%|████████████████████████▉           | 598/863 [00:03<00:02, 130.62it/s]
Training (loss=2.6325):  69%|████████████████████████▉           | 598/863 [00:03<00:02, 130.62it/s]
Training (loss=2.6269):  69%|████████████████████████▉           | 598/863 [00:03<00:02, 130.62it/s]
Training (loss=2.6410):  69%|████████████████████████▉           | 598/863 [00:03<00:02, 130.62it/s]
Training (loss=2.5223):  69%|████████████████████████▉           | 598/863 [00:03<00:02, 130.62it/s]
Training (loss=2.5138):  69%|████████████████████████▉           | 598/863 [00:03<00:02, 130.62it/s]
Training (loss=2.3746):  69%|████████████████████████▉           | 598/863 [00:03<00:02, 130.62it/s]
Training (loss=2.6669):  69%|████████████████████████▉           | 598/863 [00:03<00:02, 130.62it/s]
Training (loss=2.4194):  69%|████████████████████████▉           | 598/863 [00:03<00:02, 130.62it/s]
Training (loss=2.7485):  69%|████████████████████████▉           | 598/863 [00:03<00:02, 130.62it/s]
Training (loss=2.8301):  69%|████████████████████████▉           | 598/863 [00:03<00:02, 130.62it/s]
Training (loss=2.6668):  69%|████████████████████████▉           | 598/863 [00:03<00:02, 130.62it/s]
Training (loss=2.6668):  71%|█████████████████████████▋          | 616/863 [00:03<00:01, 141.19it/s]
Training (loss=2.5760):  71%|█████████████████████████▋          | 616/863 [00:04<00:01, 141.19it/s]
Training (loss=2.5746):  71%|█████████████████████████▋          | 616/863 [00:04<00:01, 141.19it/s]
Training (loss=2.6588):  71%|█████████████████████████▋          | 616/863 [00:04<00:01, 141.19it/s]
Training (loss=2.6344):  71%|█████████████████████████▋          | 616/863 [00:04<00:01, 141.19it/s]
Training (loss=2.5910):  71%|█████████████████████████▋          | 616/863 [00:04<00:01, 141.19it/s]
Training (loss=2.7799):  71%|█████████████████████████▋          | 616/863 [00:04<00:01, 141.19it/s]
Training (loss=2.6304):  71%|█████████████████████████▋          | 616/863 [00:04<00:01, 141.19it/s]
Training (loss=2.5731):  71%|█████████████████████████▋          | 616/863 [00:04<00:01, 141.19it/s]
Training (loss=2.5972):  71%|█████████████████████████▋          | 616/863 [00:04<00:01, 141.19it/s]
Training (loss=2.5588):  71%|█████████████████████████▋          | 616/863 [00:04<00:01, 141.19it/s]
Training (loss=2.6004):  71%|█████████████████████████▋          | 616/863 [00:04<00:01, 141.19it/s]
Training (loss=2.8096):  71%|█████████████████████████▋          | 616/863 [00:04<00:01, 141.19it/s]
Training (loss=2.6355):  71%|█████████████████████████▋          | 616/863 [00:04<00:01, 141.19it/s]
Training (loss=2.5278):  71%|█████████████████████████▋          | 616/863 [00:04<00:01, 141.19it/s]
Training (loss=2.4590):  71%|█████████████████████████▋          | 616/863 [00:04<00:01, 141.19it/s]
Training (loss=2.5437):  71%|█████████████████████████▋          | 616/863 [00:04<00:01, 141.19it/s]
Training (loss=2.9633):  71%|█████████████████████████▋          | 616/863 [00:04<00:01, 141.19it/s]
Training (loss=2.9633):  73%|██████████████████████████▍         | 633/863 [00:04<00:01, 146.53it/s]
Training (loss=2.6873):  73%|██████████████████████████▍         | 633/863 [00:04<00:01, 146.53it/s]
Training (loss=2.6249):  73%|██████████████████████████▍         | 633/863 [00:04<00:01, 146.53it/s]
Training (loss=2.7341):  73%|██████████████████████████▍         | 633/863 [00:04<00:01, 146.53it/s]
Training (loss=2.7584):  73%|██████████████████████████▍         | 633/863 [00:04<00:01, 146.53it/s]
Training (loss=2.5444):  73%|██████████████████████████▍         | 633/863 [00:04<00:01, 146.53it/s]
Training (loss=2.4960):  73%|██████████████████████████▍         | 633/863 [00:04<00:01, 146.53it/s]
Training (loss=2.6795):  73%|██████████████████████████▍         | 633/863 [00:04<00:01, 146.53it/s]
Training (loss=2.6714):  73%|██████████████████████████▍         | 633/863 [00:04<00:01, 146.53it/s]
Training (loss=2.6808):  73%|██████████████████████████▍         | 633/863 [00:04<00:01, 146.53it/s]
Training (loss=2.6176):  73%|██████████████████████████▍         | 633/863 [00:04<00:01, 146.53it/s]
Training (loss=2.4696):  73%|██████████████████████████▍         | 633/863 [00:04<00:01, 146.53it/s]
Training (loss=2.4976):  73%|██████████████████████████▍         | 633/863 [00:04<00:01, 146.53it/s]
Training (loss=2.4810):  73%|██████████████████████████▍         | 633/863 [00:04<00:01, 146.53it/s]
Training (loss=2.5329):  73%|██████████████████████████▍         | 633/863 [00:04<00:01, 146.53it/s]
Training (loss=2.4245):  73%|██████████████████████████▍         | 633/863 [00:04<00:01, 146.53it/s]
Training (loss=2.6425):  73%|██████████████████████████▍         | 633/863 [00:04<00:01, 146.53it/s]
Training (loss=2.6753):  73%|██████████████████████████▍         | 633/863 [00:04<00:01, 146.53it/s]
Training (loss=2.6753):  75%|███████████████████████████         | 650/863 [00:04<00:01, 151.04it/s]
Training (loss=2.5594):  75%|███████████████████████████         | 650/863 [00:04<00:01, 151.04it/s]
Training (loss=2.7159):  75%|███████████████████████████         | 650/863 [00:04<00:01, 151.04it/s]
Training (loss=2.5779):  75%|███████████████████████████         | 650/863 [00:04<00:01, 151.04it/s]
Training (loss=2.5677):  75%|███████████████████████████         | 650/863 [00:04<00:01, 151.04it/s]
Training (loss=2.6934):  75%|███████████████████████████         | 650/863 [00:04<00:01, 151.04it/s]
Training (loss=2.8092):  75%|███████████████████████████         | 650/863 [00:04<00:01, 151.04it/s]
Training (loss=2.4842):  75%|███████████████████████████         | 650/863 [00:04<00:01, 151.04it/s]
Training (loss=2.6128):  75%|███████████████████████████         | 650/863 [00:04<00:01, 151.04it/s]
Training (loss=2.3990):  75%|███████████████████████████         | 650/863 [00:04<00:01, 151.04it/s]
Training (loss=2.5761):  75%|███████████████████████████         | 650/863 [00:04<00:01, 151.04it/s]
Training (loss=2.4814):  75%|███████████████████████████         | 650/863 [00:04<00:01, 151.04it/s]
Training (loss=2.5742):  75%|███████████████████████████         | 650/863 [00:04<00:01, 151.04it/s]
Training (loss=2.5073):  75%|███████████████████████████         | 650/863 [00:04<00:01, 151.04it/s]
Training (loss=2.6304):  75%|███████████████████████████         | 650/863 [00:04<00:01, 151.04it/s]
Training (loss=2.6597):  75%|███████████████████████████         | 650/863 [00:04<00:01, 151.04it/s]
Training (loss=2.4502):  75%|███████████████████████████         | 650/863 [00:04<00:01, 151.04it/s]
Training (loss=2.6157):  75%|███████████████████████████         | 650/863 [00:04<00:01, 151.04it/s]
Training (loss=2.6157):  77%|███████████████████████████▊        | 667/863 [00:04<00:01, 155.37it/s]
Training (loss=2.5553):  77%|███████████████████████████▊        | 667/863 [00:04<00:01, 155.37it/s]
Training (loss=2.6893):  77%|███████████████████████████▊        | 667/863 [00:04<00:01, 155.37it/s]
Training (loss=2.5843):  77%|███████████████████████████▊        | 667/863 [00:04<00:01, 155.37it/s]
Training (loss=2.6766):  77%|███████████████████████████▊        | 667/863 [00:04<00:01, 155.37it/s]
Training (loss=2.3990):  77%|███████████████████████████▊        | 667/863 [00:04<00:01, 155.37it/s]
Training (loss=2.7649):  77%|███████████████████████████▊        | 667/863 [00:04<00:01, 155.37it/s]
Training (loss=2.5752):  77%|███████████████████████████▊        | 667/863 [00:04<00:01, 155.37it/s]
Training (loss=2.4255):  77%|███████████████████████████▊        | 667/863 [00:04<00:01, 155.37it/s]
Training (loss=2.6911):  77%|███████████████████████████▊        | 667/863 [00:04<00:01, 155.37it/s]
Training (loss=2.6093):  77%|███████████████████████████▊        | 667/863 [00:04<00:01, 155.37it/s]
Training (loss=2.6417):  77%|███████████████████████████▊        | 667/863 [00:04<00:01, 155.37it/s]
Training (loss=2.6957):  77%|███████████████████████████▊        | 667/863 [00:04<00:01, 155.37it/s]
Training (loss=2.4853):  77%|███████████████████████████▊        | 667/863 [00:04<00:01, 155.37it/s]
Training (loss=2.3250):  77%|███████████████████████████▊        | 667/863 [00:04<00:01, 155.37it/s]
Training (loss=2.8136):  77%|███████████████████████████▊        | 667/863 [00:04<00:01, 155.37it/s]
Training (loss=2.4986):  77%|███████████████████████████▊        | 667/863 [00:04<00:01, 155.37it/s]
Training (loss=2.7284):  77%|███████████████████████████▊        | 667/863 [00:04<00:01, 155.37it/s]
Training (loss=2.6231):  77%|███████████████████████████▊        | 667/863 [00:04<00:01, 155.37it/s]
Training (loss=2.6231):  79%|████████████████████████████▌       | 685/863 [00:04<00:01, 160.38it/s]
Training (loss=2.4789):  79%|████████████████████████████▌       | 685/863 [00:04<00:01, 160.38it/s]
Training (loss=2.6833):  79%|████████████████████████████▌       | 685/863 [00:04<00:01, 160.38it/s]
Training (loss=2.8359):  79%|████████████████████████████▌       | 685/863 [00:04<00:01, 160.38it/s]
Training (loss=2.5009):  79%|████████████████████████████▌       | 685/863 [00:04<00:01, 160.38it/s]
Training (loss=2.8979):  79%|████████████████████████████▌       | 685/863 [00:04<00:01, 160.38it/s]
Training (loss=2.5467):  79%|████████████████████████████▌       | 685/863 [00:04<00:01, 160.38it/s]
Training (loss=2.7919):  79%|████████████████████████████▌       | 685/863 [00:04<00:01, 160.38it/s]
Training (loss=2.8080):  79%|████████████████████████████▌       | 685/863 [00:04<00:01, 160.38it/s]
Training (loss=2.5547):  79%|████████████████████████████▌       | 685/863 [00:04<00:01, 160.38it/s]
Training (loss=2.5138):  79%|████████████████████████████▌       | 685/863 [00:04<00:01, 160.38it/s]
Training (loss=2.7996):  79%|████████████████████████████▌       | 685/863 [00:04<00:01, 160.38it/s]
Training (loss=2.9297):  79%|████████████████████████████▌       | 685/863 [00:04<00:01, 160.38it/s]
Training (loss=2.7812):  79%|████████████████████████████▌       | 685/863 [00:04<00:01, 160.38it/s]
Training (loss=2.5293):  79%|████████████████████████████▌       | 685/863 [00:04<00:01, 160.38it/s]
Training (loss=2.7160):  79%|████████████████████████████▌       | 685/863 [00:04<00:01, 160.38it/s]
Training (loss=2.7457):  79%|████████████████████████████▌       | 685/863 [00:04<00:01, 160.38it/s]
Training (loss=2.3944):  79%|████████████████████████████▌       | 685/863 [00:04<00:01, 160.38it/s]
Training (loss=2.3944):  81%|█████████████████████████████▎      | 702/863 [00:04<00:00, 163.02it/s]
Training (loss=2.5223):  81%|█████████████████████████████▎      | 702/863 [00:04<00:00, 163.02it/s]
Training (loss=2.6793):  81%|█████████████████████████████▎      | 702/863 [00:04<00:00, 163.02it/s]
Training (loss=2.5652):  81%|█████████████████████████████▎      | 702/863 [00:04<00:00, 163.02it/s]
Training (loss=2.5404):  81%|█████████████████████████████▎      | 702/863 [00:04<00:00, 163.02it/s]
Training (loss=2.6570):  81%|█████████████████████████████▎      | 702/863 [00:04<00:00, 163.02it/s]
Training (loss=2.5606):  81%|█████████████████████████████▎      | 702/863 [00:04<00:00, 163.02it/s]
Training (loss=2.6148):  81%|█████████████████████████████▎      | 702/863 [00:04<00:00, 163.02it/s]
Training (loss=2.8127):  81%|█████████████████████████████▎      | 702/863 [00:04<00:00, 163.02it/s]
Training (loss=2.6981):  81%|█████████████████████████████▎      | 702/863 [00:04<00:00, 163.02it/s]
Training (loss=2.6885):  81%|█████████████████████████████▎      | 702/863 [00:04<00:00, 163.02it/s]
Training (loss=2.8202):  81%|█████████████████████████████▎      | 702/863 [00:04<00:00, 163.02it/s]
Training (loss=2.6988):  81%|█████████████████████████████▎      | 702/863 [00:04<00:00, 163.02it/s]
Training (loss=2.6155):  81%|█████████████████████████████▎      | 702/863 [00:04<00:00, 163.02it/s]
Training (loss=2.6646):  81%|█████████████████████████████▎      | 702/863 [00:04<00:00, 163.02it/s]
Training (loss=2.7750):  81%|█████████████████████████████▎      | 702/863 [00:04<00:00, 163.02it/s]
Training (loss=2.7598):  81%|█████████████████████████████▎      | 702/863 [00:04<00:00, 163.02it/s]
Training (loss=2.6108):  81%|█████████████████████████████▎      | 702/863 [00:04<00:00, 163.02it/s]
Training (loss=2.6050):  81%|█████████████████████████████▎      | 702/863 [00:04<00:00, 163.02it/s]
Training (loss=2.6050):  83%|██████████████████████████████      | 720/863 [00:04<00:00, 165.78it/s]
Training (loss=2.6466):  83%|██████████████████████████████      | 720/863 [00:04<00:00, 165.78it/s]
Training (loss=2.8069):  83%|██████████████████████████████      | 720/863 [00:04<00:00, 165.78it/s]
Training (loss=2.8653):  83%|██████████████████████████████      | 720/863 [00:04<00:00, 165.78it/s]
Training (loss=2.5485):  83%|██████████████████████████████      | 720/863 [00:04<00:00, 165.78it/s]
Training (loss=2.5490):  83%|██████████████████████████████      | 720/863 [00:04<00:00, 165.78it/s]
Training (loss=2.5768):  83%|██████████████████████████████      | 720/863 [00:04<00:00, 165.78it/s]
Training (loss=2.6025):  83%|██████████████████████████████      | 720/863 [00:04<00:00, 165.78it/s]
Training (loss=2.5277):  83%|██████████████████████████████      | 720/863 [00:04<00:00, 165.78it/s]
Training (loss=2.6938):  83%|██████████████████████████████      | 720/863 [00:04<00:00, 165.78it/s]
Training (loss=2.5620):  83%|██████████████████████████████      | 720/863 [00:04<00:00, 165.78it/s]
Training (loss=2.3990):  83%|██████████████████████████████      | 720/863 [00:04<00:00, 165.78it/s]
Training (loss=2.5318):  83%|██████████████████████████████      | 720/863 [00:04<00:00, 165.78it/s]
Training (loss=2.6660):  83%|██████████████████████████████      | 720/863 [00:04<00:00, 165.78it/s]
Training (loss=2.3611):  83%|██████████████████████████████      | 720/863 [00:04<00:00, 165.78it/s]
Training (loss=2.5371):  83%|██████████████████████████████      | 720/863 [00:04<00:00, 165.78it/s]
Training (loss=2.5187):  83%|██████████████████████████████      | 720/863 [00:04<00:00, 165.78it/s]
Training (loss=2.5439):  83%|██████████████████████████████      | 720/863 [00:04<00:00, 165.78it/s]
Training (loss=2.6389):  83%|██████████████████████████████      | 720/863 [00:04<00:00, 165.78it/s]
Training (loss=2.6389):  86%|██████████████████████████████▊     | 738/863 [00:04<00:00, 168.52it/s]
Training (loss=2.6147):  86%|██████████████████████████████▊     | 738/863 [00:04<00:00, 168.52it/s]
Training (loss=2.4428):  86%|██████████████████████████████▊     | 738/863 [00:04<00:00, 168.52it/s]
Training (loss=2.5431):  86%|██████████████████████████████▊     | 738/863 [00:04<00:00, 168.52it/s]
Training (loss=2.4312):  86%|██████████████████████████████▊     | 738/863 [00:04<00:00, 168.52it/s]
Training (loss=2.7106):  86%|██████████████████████████████▊     | 738/863 [00:04<00:00, 168.52it/s]
Training (loss=2.3833):  86%|██████████████████████████████▊     | 738/863 [00:04<00:00, 168.52it/s]
Training (loss=2.3672):  86%|██████████████████████████████▊     | 738/863 [00:04<00:00, 168.52it/s]
Training (loss=2.6571):  86%|██████████████████████████████▊     | 738/863 [00:04<00:00, 168.52it/s]
Training (loss=2.4651):  86%|██████████████████████████████▊     | 738/863 [00:04<00:00, 168.52it/s]
Training (loss=2.5889):  86%|██████████████████████████████▊     | 738/863 [00:04<00:00, 168.52it/s]
Training (loss=2.6237):  86%|██████████████████████████████▊     | 738/863 [00:04<00:00, 168.52it/s]
Training (loss=2.4020):  86%|██████████████████████████████▊     | 738/863 [00:04<00:00, 168.52it/s]
Training (loss=2.6480):  86%|██████████████████████████████▊     | 738/863 [00:04<00:00, 168.52it/s]
Training (loss=2.5741):  86%|██████████████████████████████▊     | 738/863 [00:04<00:00, 168.52it/s]
Training (loss=2.4084):  86%|██████████████████████████████▊     | 738/863 [00:04<00:00, 168.52it/s]
Training (loss=2.5521):  86%|██████████████████████████████▊     | 738/863 [00:04<00:00, 168.52it/s]
Training (loss=2.6296):  86%|██████████████████████████████▊     | 738/863 [00:04<00:00, 168.52it/s]
Training (loss=2.5809):  86%|██████████████████████████████▊     | 738/863 [00:04<00:00, 168.52it/s]
Training (loss=2.5809):  88%|███████████████████████████████▌    | 756/863 [00:04<00:00, 159.99it/s]
Training (loss=2.6296):  88%|███████████████████████████████▌    | 756/863 [00:04<00:00, 159.99it/s]
Training (loss=2.4503):  88%|███████████████████████████████▌    | 756/863 [00:04<00:00, 159.99it/s]
Training (loss=2.2736):  88%|███████████████████████████████▌    | 756/863 [00:04<00:00, 159.99it/s]
Training (loss=2.7226):  88%|███████████████████████████████▌    | 756/863 [00:04<00:00, 159.99it/s]
Training (loss=2.7411):  88%|███████████████████████████████▌    | 756/863 [00:04<00:00, 159.99it/s]
Training (loss=2.3641):  88%|███████████████████████████████▌    | 756/863 [00:04<00:00, 159.99it/s]
Training (loss=2.7006):  88%|███████████████████████████████▌    | 756/863 [00:04<00:00, 159.99it/s]
Training (loss=2.6716):  88%|███████████████████████████████▌    | 756/863 [00:04<00:00, 159.99it/s]
Training (loss=2.5942):  88%|███████████████████████████████▌    | 756/863 [00:04<00:00, 159.99it/s]
Training (loss=2.8998):  88%|███████████████████████████████▌    | 756/863 [00:04<00:00, 159.99it/s]
Training (loss=2.3679):  88%|███████████████████████████████▌    | 756/863 [00:04<00:00, 159.99it/s]
Training (loss=2.7079):  88%|███████████████████████████████▌    | 756/863 [00:04<00:00, 159.99it/s]
Training (loss=2.5944):  88%|███████████████████████████████▌    | 756/863 [00:04<00:00, 159.99it/s]
Training (loss=2.5394):  88%|███████████████████████████████▌    | 756/863 [00:04<00:00, 159.99it/s]
Training (loss=2.3804):  88%|███████████████████████████████▌    | 756/863 [00:04<00:00, 159.99it/s]
Training (loss=2.5154):  88%|███████████████████████████████▌    | 756/863 [00:04<00:00, 159.99it/s]
Training (loss=2.7669):  88%|███████████████████████████████▌    | 756/863 [00:04<00:00, 159.99it/s]
Training (loss=2.4523):  88%|███████████████████████████████▌    | 756/863 [00:04<00:00, 159.99it/s]
Training (loss=2.4523):  90%|████████████████████████████████▎   | 774/863 [00:04<00:00, 163.74it/s]
Training (loss=2.7825):  90%|████████████████████████████████▎   | 774/863 [00:04<00:00, 163.74it/s]
Training (loss=2.4575):  90%|████████████████████████████████▎   | 774/863 [00:04<00:00, 163.74it/s]
Training (loss=2.6007):  90%|████████████████████████████████▎   | 774/863 [00:04<00:00, 163.74it/s]
Training (loss=2.6794):  90%|████████████████████████████████▎   | 774/863 [00:04<00:00, 163.74it/s]
Training (loss=2.6566):  90%|████████████████████████████████▎   | 774/863 [00:04<00:00, 163.74it/s]
Training (loss=2.7719):  90%|████████████████████████████████▎   | 774/863 [00:04<00:00, 163.74it/s]
Training (loss=2.7630):  90%|████████████████████████████████▎   | 774/863 [00:04<00:00, 163.74it/s]
Training (loss=2.5276):  90%|████████████████████████████████▎   | 774/863 [00:04<00:00, 163.74it/s]
Training (loss=2.8024):  90%|████████████████████████████████▎   | 774/863 [00:05<00:00, 163.74it/s]
Training (loss=2.4631):  90%|████████████████████████████████▎   | 774/863 [00:05<00:00, 163.74it/s]
Training (loss=2.4938):  90%|████████████████████████████████▎   | 774/863 [00:05<00:00, 163.74it/s]
Training (loss=2.9255):  90%|████████████████████████████████▎   | 774/863 [00:05<00:00, 163.74it/s]
Training (loss=2.6551):  90%|████████████████████████████████▎   | 774/863 [00:05<00:00, 163.74it/s]
Training (loss=2.7187):  90%|████████████████████████████████▎   | 774/863 [00:05<00:00, 163.74it/s]
Training (loss=2.8382):  90%|████████████████████████████████▎   | 774/863 [00:05<00:00, 163.74it/s]
Training (loss=2.4245):  90%|████████████████████████████████▎   | 774/863 [00:05<00:00, 163.74it/s]
Training (loss=2.5339):  90%|████████████████████████████████▎   | 774/863 [00:05<00:00, 163.74it/s]
Training (loss=2.5339):  92%|████████████████████████████████▉   | 791/863 [00:05<00:00, 161.03it/s]
Training (loss=2.5761):  92%|████████████████████████████████▉   | 791/863 [00:05<00:00, 161.03it/s]
Training (loss=2.7200):  92%|████████████████████████████████▉   | 791/863 [00:05<00:00, 161.03it/s]
Training (loss=2.7411):  92%|████████████████████████████████▉   | 791/863 [00:05<00:00, 161.03it/s]
Training (loss=2.2990):  92%|████████████████████████████████▉   | 791/863 [00:05<00:00, 161.03it/s]
Training (loss=2.6944):  92%|████████████████████████████████▉   | 791/863 [00:05<00:00, 161.03it/s]
Training (loss=2.6659):  92%|████████████████████████████████▉   | 791/863 [00:05<00:00, 161.03it/s]
Training (loss=2.6044):  92%|████████████████████████████████▉   | 791/863 [00:05<00:00, 161.03it/s]
Training (loss=2.5976):  92%|████████████████████████████████▉   | 791/863 [00:05<00:00, 161.03it/s]
Training (loss=2.7157):  92%|████████████████████████████████▉   | 791/863 [00:05<00:00, 161.03it/s]
Training (loss=2.6988):  92%|████████████████████████████████▉   | 791/863 [00:05<00:00, 161.03it/s]
Training (loss=2.5896):  92%|████████████████████████████████▉   | 791/863 [00:05<00:00, 161.03it/s]
Training (loss=2.7410):  92%|████████████████████████████████▉   | 791/863 [00:05<00:00, 161.03it/s]
Training (loss=2.4432):  92%|████████████████████████████████▉   | 791/863 [00:05<00:00, 161.03it/s]
Training (loss=2.4873):  92%|████████████████████████████████▉   | 791/863 [00:05<00:00, 161.03it/s]
Training (loss=2.5871):  92%|████████████████████████████████▉   | 791/863 [00:05<00:00, 161.03it/s]
Training (loss=2.6246):  92%|████████████████████████████████▉   | 791/863 [00:05<00:00, 161.03it/s]
Training (loss=2.7414):  92%|████████████████████████████████▉   | 791/863 [00:05<00:00, 161.03it/s]
Training (loss=2.7069):  92%|████████████████████████████████▉   | 791/863 [00:05<00:00, 161.03it/s]
Training (loss=2.7069):  94%|█████████████████████████████████▋  | 809/863 [00:05<00:00, 164.63it/s]
Training (loss=2.6275):  94%|█████████████████████████████████▋  | 809/863 [00:05<00:00, 164.63it/s]
Training (loss=2.7441):  94%|█████████████████████████████████▋  | 809/863 [00:05<00:00, 164.63it/s]
Training (loss=2.3915):  94%|█████████████████████████████████▋  | 809/863 [00:05<00:00, 164.63it/s]
Training (loss=2.5685):  94%|█████████████████████████████████▋  | 809/863 [00:05<00:00, 164.63it/s]
Training (loss=2.5613):  94%|█████████████████████████████████▋  | 809/863 [00:05<00:00, 164.63it/s]
Training (loss=2.4634):  94%|█████████████████████████████████▋  | 809/863 [00:05<00:00, 164.63it/s]
Training (loss=2.5689):  94%|█████████████████████████████████▋  | 809/863 [00:05<00:00, 164.63it/s]
Training (loss=2.7006):  94%|█████████████████████████████████▋  | 809/863 [00:05<00:00, 164.63it/s]
Training (loss=2.6302):  94%|█████████████████████████████████▋  | 809/863 [00:05<00:00, 164.63it/s]
Training (loss=2.5123):  94%|█████████████████████████████████▋  | 809/863 [00:05<00:00, 164.63it/s]
Training (loss=2.5602):  94%|█████████████████████████████████▋  | 809/863 [00:05<00:00, 164.63it/s]
Training (loss=2.6850):  94%|█████████████████████████████████▋  | 809/863 [00:05<00:00, 164.63it/s]
Training (loss=2.6491):  94%|█████████████████████████████████▋  | 809/863 [00:05<00:00, 164.63it/s]
Training (loss=2.5458):  94%|█████████████████████████████████▋  | 809/863 [00:05<00:00, 164.63it/s]
Training (loss=2.4646):  94%|█████████████████████████████████▋  | 809/863 [00:05<00:00, 164.63it/s]
Training (loss=2.5829):  94%|█████████████████████████████████▋  | 809/863 [00:05<00:00, 164.63it/s]
Training (loss=2.4943):  94%|█████████████████████████████████▋  | 809/863 [00:05<00:00, 164.63it/s]
Training (loss=2.4943):  96%|██████████████████████████████████▍ | 826/863 [00:05<00:00, 165.88it/s]
Training (loss=2.7897):  96%|██████████████████████████████████▍ | 826/863 [00:05<00:00, 165.88it/s]
Training (loss=2.4917):  96%|██████████████████████████████████▍ | 826/863 [00:05<00:00, 165.88it/s]
Training (loss=2.4205):  96%|██████████████████████████████████▍ | 826/863 [00:05<00:00, 165.88it/s]
Training (loss=2.6225):  96%|██████████████████████████████████▍ | 826/863 [00:05<00:00, 165.88it/s]
Training (loss=2.5463):  96%|██████████████████████████████████▍ | 826/863 [00:05<00:00, 165.88it/s]
Training (loss=2.6174):  96%|██████████████████████████████████▍ | 826/863 [00:05<00:00, 165.88it/s]
Training (loss=2.6613):  96%|██████████████████████████████████▍ | 826/863 [00:05<00:00, 165.88it/s]
Training (loss=2.7585):  96%|██████████████████████████████████▍ | 826/863 [00:05<00:00, 165.88it/s]
Training (loss=2.7541):  96%|██████████████████████████████████▍ | 826/863 [00:05<00:00, 165.88it/s]
Training (loss=2.4104):  96%|██████████████████████████████████▍ | 826/863 [00:05<00:00, 165.88it/s]
Training (loss=2.3957):  96%|██████████████████████████████████▍ | 826/863 [00:05<00:00, 165.88it/s]
Training (loss=2.6544):  96%|██████████████████████████████████▍ | 826/863 [00:05<00:00, 165.88it/s]
Training (loss=2.5768):  96%|██████████████████████████████████▍ | 826/863 [00:05<00:00, 165.88it/s]
Training (loss=2.4910):  96%|██████████████████████████████████▍ | 826/863 [00:05<00:00, 165.88it/s]
Training (loss=2.7655):  96%|██████████████████████████████████▍ | 826/863 [00:05<00:00, 165.88it/s]
Training (loss=2.5233):  96%|██████████████████████████████████▍ | 826/863 [00:05<00:00, 165.88it/s]
Training (loss=2.6509):  96%|██████████████████████████████████▍ | 826/863 [00:05<00:00, 165.88it/s]
Training (loss=2.7325):  96%|██████████████████████████████████▍ | 826/863 [00:05<00:00, 165.88it/s]
Training (loss=2.7325):  98%|███████████████████████████████████▏| 844/863 [00:05<00:00, 167.84it/s]
Training (loss=2.6339):  98%|███████████████████████████████████▏| 844/863 [00:05<00:00, 167.84it/s]
Training (loss=2.5967):  98%|███████████████████████████████████▏| 844/863 [00:05<00:00, 167.84it/s]
Training (loss=2.7037):  98%|███████████████████████████████████▏| 844/863 [00:05<00:00, 167.84it/s]
Training (loss=2.5393):  98%|███████████████████████████████████▏| 844/863 [00:05<00:00, 167.84it/s]
Training (loss=2.7344):  98%|███████████████████████████████████▏| 844/863 [00:05<00:00, 167.84it/s]
Training (loss=2.5151):  98%|███████████████████████████████████▏| 844/863 [00:05<00:00, 167.84it/s]
Training (loss=2.6778):  98%|███████████████████████████████████▏| 844/863 [00:05<00:00, 167.84it/s]
Training (loss=2.6252):  98%|███████████████████████████████████▏| 844/863 [00:05<00:00, 167.84it/s]
Training (loss=2.6041):  98%|███████████████████████████████████▏| 844/863 [00:05<00:00, 167.84it/s]
Training (loss=2.7417):  98%|███████████████████████████████████▏| 844/863 [00:05<00:00, 167.84it/s]
Training (loss=2.4355):  98%|███████████████████████████████████▏| 844/863 [00:05<00:00, 167.84it/s]
Training (loss=2.8115):  98%|███████████████████████████████████▏| 844/863 [00:05<00:00, 167.84it/s]
Training (loss=2.5881):  98%|███████████████████████████████████▏| 844/863 [00:05<00:00, 167.84it/s]
Training (loss=2.7511):  98%|███████████████████████████████████▏| 844/863 [00:05<00:00, 167.84it/s]
Training (loss=2.5688):  98%|███████████████████████████████████▏| 844/863 [00:05<00:00, 167.84it/s]
Training (loss=2.4322):  98%|███████████████████████████████████▏| 844/863 [00:05<00:00, 167.84it/s]
Training (loss=2.4818):  98%|███████████████████████████████████▏| 844/863 [00:05<00:00, 167.84it/s]
Training (loss=2.4818): 100%|███████████████████████████████████▉| 861/863 [00:05<00:00, 148.51it/s]
Training (loss=2.6563): 100%|███████████████████████████████████▉| 861/863 [00:05<00:00, 148.51it/s]
Training (loss=2.6088): 100%|███████████████████████████████████▉| 861/863 [00:05<00:00, 148.51it/s]
Training (loss=2.6088): 100%|████████████████████████████████████| 863/863 [00:05<00:00, 154.37it/s]
Evaluating on validation set...
Validation loss: 2.5972
Epoch 5/5 - Train loss: 2.5890, Val loss: 2.5972

Evaluating on test set...
Test loss: 2.6041

==== 数据集划分方式：random ====
训练集体素数: 431586，验证集体素数: 215793，测试集体素数: 215793

==== 输出volume序号与b值、原始nifti索引的对应关系 ====
输出volume序号: 0, 原始nifti索引: 3, b值: 5
输出volume序号: 1, 原始nifti索引: 5, b值: 1000
输出volume序号: 2, 原始nifti索引: 9, b值: 2000
输出volume序号: 3, 原始nifti索引: 12, b值: 3005
输出volume序号: 4, 原始nifti索引: 15, b值: 995
输出volume序号: 5, 原始nifti索引: 19, b值: 2995
输出volume序号: 6, 原始nifti索引: 20, b值: 2005
输出volume序号: 7, 原始nifti索引: 25, b值: 990
输出volume序号: 8, 原始nifti索引: 28, b值: 1990
输出volume序号: 9, 原始nifti索引: 31, b值: 2995
输出volume序号: 10, 原始nifti索引: 33, b值: 1000
输出volume序号: 11, 原始nifti索引: 38, b值: 1990
输出volume序号: 12, 原始nifti索引: 40, b值: 2995
输出volume序号: 13, 原始nifti索引: 42, b值: 1005
输出volume序号: 14, 原始nifti索引: 47, b值: 1995
输出volume序号: 15, 原始nifti索引: 51, b值: 2995
输出volume序号: 16, 原始nifti索引: 52, b值: 5
输出volume序号: 17, 原始nifti索引: 56, b值: 995
输出volume序号: 18, 原始nifti索引: 60, b值: 2000
输出volume序号: 19, 原始nifti索引: 62, b值: 3010
输出volume序号: 20, 原始nifti索引: 67, b值: 3005
输出volume序号: 21, 原始nifti索引: 70, b值: 995
输出volume序号: 22, 原始nifti索引: 73, b值: 2010
输出volume序号: 23, 原始nifti索引: 76, b值: 995
输出volume序号: 24, 原始nifti索引: 82, b值: 1990
输出volume序号: 25, 原始nifti索引: 83, b值: 2990
输出volume序号: 26, 原始nifti索引: 86, b值: 1000
输出volume序号: 27, 原始nifti索引: 89, b值: 2000
输出volume序号: 28, 原始nifti索引: 92, b值: 3005
输出volume序号: 29, 原始nifti索引: 93, b值: 995
输出volume序号: 30, 原始nifti索引: 96, b值: 1995
输出volume序号: 31, 原始nifti索引: 102, b值: 2985
输出volume序号: 32, 原始nifti索引: 105, b值: 5
输出volume序号: 33, 原始nifti索引: 108, b值: 3005
输出volume序号: 34, 原始nifti索引: 111, b值: 995
输出volume序号: 35, 原始nifti索引: 114, b值: 2005
输出volume序号: 36, 原始nifti索引: 118, b值: 990
输出volume序号: 37, 原始nifti索引: 121, b值: 1985
输出volume序号: 38, 原始nifti索引: 124, b值: 2990
输出volume序号: 39, 原始nifti索引: 127, b值: 995
输出volume序号: 40, 原始nifti索引: 130, b值: 2985
输出volume序号: 41, 原始nifti索引: 135, b值: 1995
输出volume序号: 42, 原始nifti索引: 137, b值: 3005
输出volume序号: 43, 原始nifti索引: 140, b值: 995
输出volume序号: 44, 原始nifti索引: 143, b值: 2005
输出volume序号: 45, 原始nifti索引: 147, b值: 1000
输出volume序号: 46, 原始nifti索引: 150, b值: 1990
输出volume序号: 47, 原始nifti索引: 153, b值: 2995
输出volume序号: 48, 原始nifti索引: 156, b值: 5
输出volume序号: 49, 原始nifti索引: 159, b值: 1005
输出volume序号: 50, 原始nifti索引: 162, b值: 2005
输出volume序号: 51, 原始nifti索引: 164, b值: 2995
输出volume序号: 52, 原始nifti索引: 169, b值: 2995
输出volume序号: 53, 原始nifti索引: 170, b值: 1005
输出volume序号: 54, 原始nifti索引: 175, b值: 1985
输出volume序号: 55, 原始nifti索引: 178, b值: 1005
输出volume序号: 56, 原始nifti索引: 184, b值: 2990
输出volume序号: 57, 原始nifti索引: 185, b值: 2005
输出volume序号: 58, 原始nifti索引: 188, b值: 995
输出volume序号: 59, 原始nifti索引: 189, b值: 1990
输出volume序号: 60, 原始nifti索引: 194, b值: 3005
输出volume序号: 61, 原始nifti索引: 198, b值: 995
输出volume序号: 62, 原始nifti索引: 201, b值: 2990
输出volume序号: 63, 原始nifti索引: 204, b值: 1995
输出volume序号: 64, 原始nifti索引: 206, b值: 5
输出volume序号: 65, 原始nifti索引: 209, b值: 990
输出volume序号: 66, 原始nifti索引: 214, b值: 2005
输出volume序号: 67, 原始nifti索引: 217, b值: 2995
输出volume序号: 68, 原始nifti索引: 220, b值: 1000
输出volume序号: 69, 原始nifti索引: 221, b值: 2000
输出volume序号: 70, 原始nifti索引: 226, b值: 3000
输出volume序号: 71, 原始nifti索引: 230, b值: 995
输出volume序号: 72, 原始nifti索引: 231, b值: 2005
输出volume序号: 73, 原始nifti索引: 234, b值: 3000
输出volume序号: 74, 原始nifti索引: 239, b值: 1000
输出volume序号: 75, 原始nifti索引: 241, b值: 2000
输出volume序号: 76, 原始nifti索引: 246, b值: 3010
输出volume序号: 77, 原始nifti索引: 249, b值: 990
输出volume序号: 78, 原始nifti索引: 252, b值: 2005
输出volume序号: 79, 原始nifti索引: 254, b值: 1995
输出volume序号: 80, 原始nifti索引: 259, b值: 5
输出volume序号: 81, 原始nifti索引: 262, b值: 1000
输出volume序号: 82, 原始nifti索引: 265, b值: 3010
输出volume序号: 83, 原始nifti索引: 268, b值: 2985
输出volume序号: 84, 原始nifti索引: 270, b值: 1005
输出volume序号: 85, 原始nifti索引: 275, b值: 1990
输出volume序号: 86, 原始nifti索引: 278, b值: 3000
输出volume序号: 87, 原始nifti索引: 279, b值: 1000
输出volume序号: 88, 原始nifti索引: 283, b值: 2005
输出volume序号: 89, 原始nifti索引: 287, b值: 3000
