=== Training Log ===
Config: random_30
Training Time: 278.23s
Return Code: 0

=== stdout ===
/data/users/cyang/repos/MSMT-CSD_INR/diffusion_calculator.py:69: UserWarning: Pass ['name'] as keyword args. From version 2.0.0 passing these as positional arguments will result in an error. 
  sphere = get_sphere("repulsion724")  # 100, 200, 724
Wandb logging disabled
Fod_NeSH(
  (mlp): Sequential(
    (0): Linear(in_features=10000, out_features=1024, bias=True)
    (1): ReLU()
    (2): Linear(in_features=1024, out_features=1024, bias=True)
    (3): ReLU()
    (4): Linear(in_features=1024, out_features=1024, bias=True)
    (5): ReLU()
    (6): Linear(in_features=1024, out_features=1024, bias=True)
    (7): ReLU()
    (8): Linear(in_features=1024, out_features=45, bias=True)
  )
)
cuda:0

Epoch 1/5

Training:   0%|                                                             | 0/517 [00:00<?, ?it/s]
Training (loss=21.4097):   0%|                                              | 0/517 [00:01<?, ?it/s]
Training (loss=21.4097):   0%|                                      | 1/517 [00:01<13:55,  1.62s/it]
Training (loss=6.1828):   0%|                                       | 1/517 [00:01<13:55,  1.62s/it]
Training (loss=11.2366):   0%|                                      | 1/517 [00:01<13:55,  1.62s/it]
Training (loss=12.1912):   0%|                                      | 1/517 [00:01<13:55,  1.62s/it]
Training (loss=8.2837):   0%|                                       | 1/517 [00:01<13:55,  1.62s/it]
Training (loss=5.6926):   0%|                                       | 1/517 [00:01<13:55,  1.62s/it]
Training (loss=5.6255):   0%|                                       | 1/517 [00:01<13:55,  1.62s/it]
Training (loss=7.0881):   0%|                                       | 1/517 [00:01<13:55,  1.62s/it]
Training (loss=7.7297):   0%|                                       | 1/517 [00:01<13:55,  1.62s/it]
Training (loss=7.5131):   0%|                                       | 1/517 [00:01<13:55,  1.62s/it]
Training (loss=7.0572):   0%|                                       | 1/517 [00:01<13:55,  1.62s/it]
Training (loss=5.9554):   0%|                                       | 1/517 [00:01<13:55,  1.62s/it]
Training (loss=4.8955):   0%|                                       | 1/517 [00:01<13:55,  1.62s/it]
Training (loss=4.9680):   0%|                                       | 1/517 [00:01<13:55,  1.62s/it]
Training (loss=4.9680):   3%|█                                     | 14/517 [00:01<00:45, 11.10it/s]
Training (loss=5.0175):   3%|█                                     | 14/517 [00:01<00:45, 11.10it/s]
Training (loss=5.2100):   3%|█                                     | 14/517 [00:01<00:45, 11.10it/s]
Training (loss=5.3611):   3%|█                                     | 14/517 [00:01<00:45, 11.10it/s]
Training (loss=5.5449):   3%|█                                     | 14/517 [00:01<00:45, 11.10it/s]
Training (loss=5.1722):   3%|█                                     | 14/517 [00:01<00:45, 11.10it/s]
Training (loss=4.8285):   3%|█                                     | 14/517 [00:01<00:45, 11.10it/s]
Training (loss=4.6690):   3%|█                                     | 14/517 [00:01<00:45, 11.10it/s]
Training (loss=4.7980):   3%|█                                     | 14/517 [00:01<00:45, 11.10it/s]
Training (loss=4.4523):   3%|█                                     | 14/517 [00:01<00:45, 11.10it/s]
Training (loss=4.5068):   3%|█                                     | 14/517 [00:01<00:45, 11.10it/s]
Training (loss=4.4569):   3%|█                                     | 14/517 [00:01<00:45, 11.10it/s]
Training (loss=4.1690):   3%|█                                     | 14/517 [00:01<00:45, 11.10it/s]
Training (loss=4.2983):   3%|█                                     | 14/517 [00:01<00:45, 11.10it/s]
Training (loss=4.3990):   3%|█                                     | 14/517 [00:01<00:45, 11.10it/s]
Training (loss=4.2145):   3%|█                                     | 14/517 [00:01<00:45, 11.10it/s]
Training (loss=4.2145):   6%|██▏                                   | 29/517 [00:01<00:19, 25.43it/s]
Training (loss=4.0463):   6%|██▏                                   | 29/517 [00:01<00:19, 25.43it/s]
Training (loss=3.9172):   6%|██▏                                   | 29/517 [00:01<00:19, 25.43it/s]
Training (loss=3.7111):   6%|██▏                                   | 29/517 [00:01<00:19, 25.43it/s]
Training (loss=3.7356):   6%|██▏                                   | 29/517 [00:01<00:19, 25.43it/s]
Training (loss=4.0400):   6%|██▏                                   | 29/517 [00:01<00:19, 25.43it/s]
Training (loss=4.1151):   6%|██▏                                   | 29/517 [00:01<00:19, 25.43it/s]
Training (loss=3.9876):   6%|██▏                                   | 29/517 [00:01<00:19, 25.43it/s]
Training (loss=3.6499):   6%|██▏                                   | 29/517 [00:01<00:19, 25.43it/s]
Training (loss=3.7768):   6%|██▏                                   | 29/517 [00:01<00:19, 25.43it/s]
Training (loss=4.0438):   6%|██▏                                   | 29/517 [00:01<00:19, 25.43it/s]
Training (loss=3.8589):   6%|██▏                                   | 29/517 [00:01<00:19, 25.43it/s]
Training (loss=3.7029):   6%|██▏                                   | 29/517 [00:01<00:19, 25.43it/s]
Training (loss=3.6903):   6%|██▏                                   | 29/517 [00:01<00:19, 25.43it/s]
Training (loss=3.7499):   6%|██▏                                   | 29/517 [00:01<00:19, 25.43it/s]
Training (loss=3.7108):   6%|██▏                                   | 29/517 [00:01<00:19, 25.43it/s]
Training (loss=3.4931):   6%|██▏                                   | 29/517 [00:01<00:19, 25.43it/s]
Training (loss=3.4931):   9%|███▎                                  | 45/517 [00:01<00:11, 42.67it/s]
Training (loss=3.6168):   9%|███▎                                  | 45/517 [00:01<00:11, 42.67it/s]
Training (loss=3.5417):   9%|███▎                                  | 45/517 [00:01<00:11, 42.67it/s]
Training (loss=3.7514):   9%|███▎                                  | 45/517 [00:01<00:11, 42.67it/s]
Training (loss=3.4013):   9%|███▎                                  | 45/517 [00:01<00:11, 42.67it/s]
Training (loss=3.4291):   9%|███▎                                  | 45/517 [00:01<00:11, 42.67it/s]
Training (loss=3.4854):   9%|███▎                                  | 45/517 [00:01<00:11, 42.67it/s]
Training (loss=3.6813):   9%|███▎                                  | 45/517 [00:01<00:11, 42.67it/s]
Training (loss=3.5751):   9%|███▎                                  | 45/517 [00:01<00:11, 42.67it/s]
Training (loss=3.5500):   9%|███▎                                  | 45/517 [00:01<00:11, 42.67it/s]
Training (loss=3.2893):   9%|███▎                                  | 45/517 [00:01<00:11, 42.67it/s]
Training (loss=3.5892):   9%|███▎                                  | 45/517 [00:01<00:11, 42.67it/s]
Training (loss=3.4120):   9%|███▎                                  | 45/517 [00:01<00:11, 42.67it/s]
Training (loss=3.6186):   9%|███▎                                  | 45/517 [00:02<00:11, 42.67it/s]
Training (loss=3.3813):   9%|███▎                                  | 45/517 [00:02<00:11, 42.67it/s]
Training (loss=3.6246):   9%|███▎                                  | 45/517 [00:02<00:11, 42.67it/s]
Training (loss=3.5497):   9%|███▎                                  | 45/517 [00:02<00:11, 42.67it/s]
Training (loss=3.4091):   9%|███▎                                  | 45/517 [00:02<00:11, 42.67it/s]
Training (loss=3.4091):  12%|████▌                                 | 62/517 [00:02<00:07, 62.32it/s]
Training (loss=3.4294):  12%|████▌                                 | 62/517 [00:02<00:07, 62.32it/s]
Training (loss=3.2737):  12%|████▌                                 | 62/517 [00:02<00:07, 62.32it/s]
Training (loss=3.2247):  12%|████▌                                 | 62/517 [00:02<00:07, 62.32it/s]
Training (loss=3.2103):  12%|████▌                                 | 62/517 [00:02<00:07, 62.32it/s]
Training (loss=3.1897):  12%|████▌                                 | 62/517 [00:02<00:07, 62.32it/s]
Training (loss=3.0704):  12%|████▌                                 | 62/517 [00:02<00:07, 62.32it/s]
Training (loss=3.4625):  12%|████▌                                 | 62/517 [00:02<00:07, 62.32it/s]
Training (loss=3.2956):  12%|████▌                                 | 62/517 [00:02<00:07, 62.32it/s]
Training (loss=3.0550):  12%|████▌                                 | 62/517 [00:02<00:07, 62.32it/s]
Training (loss=3.4346):  12%|████▌                                 | 62/517 [00:02<00:07, 62.32it/s]
Training (loss=3.1557):  12%|████▌                                 | 62/517 [00:02<00:07, 62.32it/s]
Training (loss=2.9499):  12%|████▌                                 | 62/517 [00:02<00:07, 62.32it/s]
Training (loss=3.4037):  12%|████▌                                 | 62/517 [00:02<00:07, 62.32it/s]
Training (loss=3.1832):  12%|████▌                                 | 62/517 [00:02<00:07, 62.32it/s]
Training (loss=3.2605):  12%|████▌                                 | 62/517 [00:02<00:07, 62.32it/s]
Training (loss=3.4658):  12%|████▌                                 | 62/517 [00:02<00:07, 62.32it/s]
Training (loss=3.2139):  12%|████▌                                 | 62/517 [00:02<00:07, 62.32it/s]
Training (loss=3.2139):  15%|█████▊                                | 79/517 [00:02<00:05, 81.74it/s]
Training (loss=3.4563):  15%|█████▊                                | 79/517 [00:02<00:05, 81.74it/s]
Training (loss=3.1928):  15%|█████▊                                | 79/517 [00:02<00:05, 81.74it/s]
Training (loss=3.2540):  15%|█████▊                                | 79/517 [00:02<00:05, 81.74it/s]
Training (loss=2.9004):  15%|█████▊                                | 79/517 [00:02<00:05, 81.74it/s]
Training (loss=3.1361):  15%|█████▊                                | 79/517 [00:02<00:05, 81.74it/s]
Training (loss=3.1316):  15%|█████▊                                | 79/517 [00:02<00:05, 81.74it/s]
Training (loss=3.0881):  15%|█████▊                                | 79/517 [00:02<00:05, 81.74it/s]
Training (loss=3.0188):  15%|█████▊                                | 79/517 [00:02<00:05, 81.74it/s]
Training (loss=3.1684):  15%|█████▊                                | 79/517 [00:02<00:05, 81.74it/s]
Training (loss=3.1300):  15%|█████▊                                | 79/517 [00:02<00:05, 81.74it/s]
Training (loss=3.4513):  15%|█████▊                                | 79/517 [00:02<00:05, 81.74it/s]
Training (loss=3.0696):  15%|█████▊                                | 79/517 [00:02<00:05, 81.74it/s]
Training (loss=2.9744):  15%|█████▊                                | 79/517 [00:02<00:05, 81.74it/s]
Training (loss=3.1623):  15%|█████▊                                | 79/517 [00:02<00:05, 81.74it/s]
Training (loss=3.2098):  15%|█████▊                                | 79/517 [00:02<00:05, 81.74it/s]
Training (loss=3.0437):  15%|█████▊                                | 79/517 [00:02<00:05, 81.74it/s]
Training (loss=3.2281):  15%|█████▊                                | 79/517 [00:02<00:05, 81.74it/s]
Training (loss=3.2281):  19%|███████                               | 96/517 [00:02<00:04, 98.60it/s]
Training (loss=3.1110):  19%|███████                               | 96/517 [00:02<00:04, 98.60it/s]
Training (loss=2.8922):  19%|███████                               | 96/517 [00:02<00:04, 98.60it/s]
Training (loss=3.1765):  19%|███████                               | 96/517 [00:02<00:04, 98.60it/s]
Training (loss=3.0461):  19%|███████                               | 96/517 [00:02<00:04, 98.60it/s]
Training (loss=3.1275):  19%|███████                               | 96/517 [00:02<00:04, 98.60it/s]
Training (loss=3.0115):  19%|███████                               | 96/517 [00:02<00:04, 98.60it/s]
Training (loss=3.1586):  19%|███████                               | 96/517 [00:02<00:04, 98.60it/s]
Training (loss=3.0100):  19%|███████                               | 96/517 [00:02<00:04, 98.60it/s]
Training (loss=3.2502):  19%|███████                               | 96/517 [00:02<00:04, 98.60it/s]
Training (loss=2.9703):  19%|███████                               | 96/517 [00:02<00:04, 98.60it/s]
Training (loss=3.0180):  19%|███████                               | 96/517 [00:02<00:04, 98.60it/s]
Training (loss=3.0134):  19%|███████                               | 96/517 [00:02<00:04, 98.60it/s]
Training (loss=2.9569):  19%|███████                               | 96/517 [00:02<00:04, 98.60it/s]
Training (loss=3.1944):  19%|███████                               | 96/517 [00:02<00:04, 98.60it/s]
Training (loss=2.9511):  19%|███████                               | 96/517 [00:02<00:04, 98.60it/s]
Training (loss=3.0760):  19%|███████                               | 96/517 [00:02<00:04, 98.60it/s]
Training (loss=2.9487):  19%|███████                               | 96/517 [00:02<00:04, 98.60it/s]
Training (loss=2.9487):  22%|███████▊                            | 113/517 [00:02<00:03, 113.79it/s]
Training (loss=2.8794):  22%|███████▊                            | 113/517 [00:02<00:03, 113.79it/s]
Training (loss=2.8807):  22%|███████▊                            | 113/517 [00:02<00:03, 113.79it/s]
Training (loss=3.1697):  22%|███████▊                            | 113/517 [00:02<00:03, 113.79it/s]
Training (loss=3.0541):  22%|███████▊                            | 113/517 [00:02<00:03, 113.79it/s]
Training (loss=2.9141):  22%|███████▊                            | 113/517 [00:02<00:03, 113.79it/s]
Training (loss=3.1487):  22%|███████▊                            | 113/517 [00:02<00:03, 113.79it/s]
Training (loss=3.0285):  22%|███████▊                            | 113/517 [00:02<00:03, 113.79it/s]
Training (loss=2.8560):  22%|███████▊                            | 113/517 [00:02<00:03, 113.79it/s]
Training (loss=3.0968):  22%|███████▊                            | 113/517 [00:02<00:03, 113.79it/s]
Training (loss=3.0964):  22%|███████▊                            | 113/517 [00:02<00:03, 113.79it/s]
Training (loss=2.9290):  22%|███████▊                            | 113/517 [00:02<00:03, 113.79it/s]
Training (loss=2.7844):  22%|███████▊                            | 113/517 [00:02<00:03, 113.79it/s]
Training (loss=3.0253):  22%|███████▊                            | 113/517 [00:02<00:03, 113.79it/s]
Training (loss=2.9380):  22%|███████▊                            | 113/517 [00:02<00:03, 113.79it/s]
Training (loss=2.8443):  22%|███████▊                            | 113/517 [00:02<00:03, 113.79it/s]
Training (loss=3.0607):  22%|███████▊                            | 113/517 [00:02<00:03, 113.79it/s]
Training (loss=2.9740):  22%|███████▊                            | 113/517 [00:02<00:03, 113.79it/s]
Training (loss=3.4403):  22%|███████▊                            | 113/517 [00:02<00:03, 113.79it/s]
Training (loss=3.4403):  25%|█████████                           | 131/517 [00:02<00:03, 128.18it/s]
Training (loss=2.9283):  25%|█████████                           | 131/517 [00:02<00:03, 128.18it/s]
Training (loss=2.8418):  25%|█████████                           | 131/517 [00:02<00:03, 128.18it/s]
Training (loss=2.7773):  25%|█████████                           | 131/517 [00:02<00:03, 128.18it/s]
Training (loss=2.8169):  25%|█████████                           | 131/517 [00:02<00:03, 128.18it/s]
Training (loss=2.9387):  25%|█████████                           | 131/517 [00:02<00:03, 128.18it/s]
Training (loss=2.8311):  25%|█████████                           | 131/517 [00:02<00:03, 128.18it/s]
Training (loss=2.7380):  25%|█████████                           | 131/517 [00:02<00:03, 128.18it/s]
Training (loss=2.8327):  25%|█████████                           | 131/517 [00:02<00:03, 128.18it/s]
Training (loss=2.9282):  25%|█████████                           | 131/517 [00:02<00:03, 128.18it/s]
Training (loss=2.9407):  25%|█████████                           | 131/517 [00:02<00:03, 128.18it/s]
Training (loss=2.8933):  25%|█████████                           | 131/517 [00:02<00:03, 128.18it/s]
Training (loss=2.7866):  25%|█████████                           | 131/517 [00:02<00:03, 128.18it/s]
Training (loss=2.7966):  25%|█████████                           | 131/517 [00:02<00:03, 128.18it/s]
Training (loss=3.0424):  25%|█████████                           | 131/517 [00:02<00:03, 128.18it/s]
Training (loss=3.2406):  25%|█████████                           | 131/517 [00:02<00:03, 128.18it/s]
Training (loss=2.8290):  25%|█████████                           | 131/517 [00:02<00:03, 128.18it/s]
Training (loss=2.8825):  25%|█████████                           | 131/517 [00:02<00:03, 128.18it/s]
Training (loss=2.8825):  29%|██████████▎                         | 148/517 [00:02<00:02, 138.42it/s]
Training (loss=3.0047):  29%|██████████▎                         | 148/517 [00:02<00:02, 138.42it/s]
Training (loss=2.9566):  29%|██████████▎                         | 148/517 [00:02<00:02, 138.42it/s]
Training (loss=2.9624):  29%|██████████▎                         | 148/517 [00:02<00:02, 138.42it/s]
Training (loss=3.0260):  29%|██████████▎                         | 148/517 [00:02<00:02, 138.42it/s]
Training (loss=2.7535):  29%|██████████▎                         | 148/517 [00:02<00:02, 138.42it/s]
Training (loss=2.7622):  29%|██████████▎                         | 148/517 [00:02<00:02, 138.42it/s]
Training (loss=2.8326):  29%|██████████▎                         | 148/517 [00:02<00:02, 138.42it/s]
Training (loss=2.9082):  29%|██████████▎                         | 148/517 [00:02<00:02, 138.42it/s]
Training (loss=2.8329):  29%|██████████▎                         | 148/517 [00:02<00:02, 138.42it/s]
Training (loss=2.9118):  29%|██████████▎                         | 148/517 [00:02<00:02, 138.42it/s]
Training (loss=2.8722):  29%|██████████▎                         | 148/517 [00:02<00:02, 138.42it/s]
Training (loss=3.1243):  29%|██████████▎                         | 148/517 [00:02<00:02, 138.42it/s]
Training (loss=2.7455):  29%|██████████▎                         | 148/517 [00:02<00:02, 138.42it/s]
Training (loss=2.8900):  29%|██████████▎                         | 148/517 [00:02<00:02, 138.42it/s]
Training (loss=2.8845):  29%|██████████▎                         | 148/517 [00:02<00:02, 138.42it/s]
Training (loss=2.9759):  29%|██████████▎                         | 148/517 [00:02<00:02, 138.42it/s]
Training (loss=2.9805):  29%|██████████▎                         | 148/517 [00:02<00:02, 138.42it/s]
Training (loss=2.9805):  32%|███████████▍                        | 165/517 [00:02<00:02, 142.66it/s]
Training (loss=3.0024):  32%|███████████▍                        | 165/517 [00:02<00:02, 142.66it/s]
Training (loss=3.0605):  32%|███████████▍                        | 165/517 [00:02<00:02, 142.66it/s]
Training (loss=2.8056):  32%|███████████▍                        | 165/517 [00:02<00:02, 142.66it/s]
Training (loss=2.9049):  32%|███████████▍                        | 165/517 [00:02<00:02, 142.66it/s]
Training (loss=2.8650):  32%|███████████▍                        | 165/517 [00:02<00:02, 142.66it/s]
Training (loss=2.9007):  32%|███████████▍                        | 165/517 [00:02<00:02, 142.66it/s]
Training (loss=2.7959):  32%|███████████▍                        | 165/517 [00:02<00:02, 142.66it/s]
Training (loss=2.8160):  32%|███████████▍                        | 165/517 [00:02<00:02, 142.66it/s]
Training (loss=2.8772):  32%|███████████▍                        | 165/517 [00:02<00:02, 142.66it/s]
Training (loss=2.9095):  32%|███████████▍                        | 165/517 [00:02<00:02, 142.66it/s]
Training (loss=2.9275):  32%|███████████▍                        | 165/517 [00:02<00:02, 142.66it/s]
Training (loss=2.9596):  32%|███████████▍                        | 165/517 [00:02<00:02, 142.66it/s]
Training (loss=2.9521):  32%|███████████▍                        | 165/517 [00:02<00:02, 142.66it/s]
Training (loss=2.7810):  32%|███████████▍                        | 165/517 [00:02<00:02, 142.66it/s]
Training (loss=2.8629):  32%|███████████▍                        | 165/517 [00:02<00:02, 142.66it/s]
Training (loss=2.8868):  32%|███████████▍                        | 165/517 [00:02<00:02, 142.66it/s]
Training (loss=2.7471):  32%|███████████▍                        | 165/517 [00:02<00:02, 142.66it/s]
Training (loss=2.7471):  35%|████████████▋                       | 182/517 [00:02<00:02, 145.14it/s]
Training (loss=2.7901):  35%|████████████▋                       | 182/517 [00:02<00:02, 145.14it/s]
Training (loss=2.9511):  35%|████████████▋                       | 182/517 [00:02<00:02, 145.14it/s]
Training (loss=2.9143):  35%|████████████▋                       | 182/517 [00:02<00:02, 145.14it/s]
Training (loss=2.8622):  35%|████████████▋                       | 182/517 [00:02<00:02, 145.14it/s]
Training (loss=2.7708):  35%|████████████▋                       | 182/517 [00:02<00:02, 145.14it/s]
Training (loss=2.7097):  35%|████████████▋                       | 182/517 [00:02<00:02, 145.14it/s]
Training (loss=2.9949):  35%|████████████▋                       | 182/517 [00:02<00:02, 145.14it/s]
Training (loss=2.6267):  35%|████████████▋                       | 182/517 [00:02<00:02, 145.14it/s]
Training (loss=2.7947):  35%|████████████▋                       | 182/517 [00:02<00:02, 145.14it/s]
Training (loss=3.0128):  35%|████████████▋                       | 182/517 [00:02<00:02, 145.14it/s]
Training (loss=2.8324):  35%|████████████▋                       | 182/517 [00:02<00:02, 145.14it/s]
Training (loss=2.9283):  35%|████████████▋                       | 182/517 [00:02<00:02, 145.14it/s]
Training (loss=2.8191):  35%|████████████▋                       | 182/517 [00:02<00:02, 145.14it/s]
Training (loss=2.7071):  35%|████████████▋                       | 182/517 [00:02<00:02, 145.14it/s]
Training (loss=2.8168):  35%|████████████▋                       | 182/517 [00:02<00:02, 145.14it/s]
Training (loss=2.6139):  35%|████████████▋                       | 182/517 [00:02<00:02, 145.14it/s]
Training (loss=2.6139):  38%|█████████████▊                      | 198/517 [00:02<00:02, 148.27it/s]
Training (loss=3.0816):  38%|█████████████▊                      | 198/517 [00:02<00:02, 148.27it/s]
Training (loss=2.6515):  38%|█████████████▊                      | 198/517 [00:02<00:02, 148.27it/s]
Training (loss=2.8425):  38%|█████████████▊                      | 198/517 [00:02<00:02, 148.27it/s]
Training (loss=2.7952):  38%|█████████████▊                      | 198/517 [00:02<00:02, 148.27it/s]
Training (loss=2.7582):  38%|█████████████▊                      | 198/517 [00:02<00:02, 148.27it/s]
Training (loss=2.8172):  38%|█████████████▊                      | 198/517 [00:02<00:02, 148.27it/s]
Training (loss=2.9819):  38%|█████████████▊                      | 198/517 [00:02<00:02, 148.27it/s]
Training (loss=2.7927):  38%|█████████████▊                      | 198/517 [00:02<00:02, 148.27it/s]
Training (loss=3.0566):  38%|█████████████▊                      | 198/517 [00:02<00:02, 148.27it/s]
Training (loss=2.8293):  38%|█████████████▊                      | 198/517 [00:02<00:02, 148.27it/s]
Training (loss=2.9921):  38%|█████████████▊                      | 198/517 [00:02<00:02, 148.27it/s]
Training (loss=2.7526):  38%|█████████████▊                      | 198/517 [00:02<00:02, 148.27it/s]
Training (loss=2.7141):  38%|█████████████▊                      | 198/517 [00:02<00:02, 148.27it/s]
Training (loss=2.6855):  38%|█████████████▊                      | 198/517 [00:02<00:02, 148.27it/s]
Training (loss=2.7760):  38%|█████████████▊                      | 198/517 [00:02<00:02, 148.27it/s]
Training (loss=2.7935):  38%|█████████████▊                      | 198/517 [00:02<00:02, 148.27it/s]
Training (loss=2.8552):  38%|█████████████▊                      | 198/517 [00:02<00:02, 148.27it/s]
Training (loss=2.8552):  42%|██████████████▉                     | 215/517 [00:02<00:01, 152.41it/s]
Training (loss=2.7056):  42%|██████████████▉                     | 215/517 [00:02<00:01, 152.41it/s]
Training (loss=2.6160):  42%|██████████████▉                     | 215/517 [00:02<00:01, 152.41it/s]
Training (loss=2.7063):  42%|██████████████▉                     | 215/517 [00:02<00:01, 152.41it/s]
Training (loss=2.9533):  42%|██████████████▉                     | 215/517 [00:02<00:01, 152.41it/s]
Training (loss=2.7452):  42%|██████████████▉                     | 215/517 [00:03<00:01, 152.41it/s]
Training (loss=2.7659):  42%|██████████████▉                     | 215/517 [00:03<00:01, 152.41it/s]
Training (loss=2.8354):  42%|██████████████▉                     | 215/517 [00:03<00:01, 152.41it/s]
Training (loss=3.0477):  42%|██████████████▉                     | 215/517 [00:03<00:01, 152.41it/s]
Training (loss=2.6052):  42%|██████████████▉                     | 215/517 [00:03<00:01, 152.41it/s]
Training (loss=2.7392):  42%|██████████████▉                     | 215/517 [00:03<00:01, 152.41it/s]
Training (loss=3.0575):  42%|██████████████▉                     | 215/517 [00:03<00:01, 152.41it/s]
Training (loss=2.7694):  42%|██████████████▉                     | 215/517 [00:03<00:01, 152.41it/s]
Training (loss=2.9691):  42%|██████████████▉                     | 215/517 [00:03<00:01, 152.41it/s]
Training (loss=2.9805):  42%|██████████████▉                     | 215/517 [00:03<00:01, 152.41it/s]
Training (loss=2.9243):  42%|██████████████▉                     | 215/517 [00:03<00:01, 152.41it/s]
Training (loss=2.5272):  42%|██████████████▉                     | 215/517 [00:03<00:01, 152.41it/s]
Training (loss=2.8345):  42%|██████████████▉                     | 215/517 [00:03<00:01, 152.41it/s]
Training (loss=3.0616):  42%|██████████████▉                     | 215/517 [00:03<00:01, 152.41it/s]
Training (loss=3.0616):  45%|████████████████▏                   | 233/517 [00:03<00:01, 158.02it/s]
Training (loss=3.0947):  45%|████████████████▏                   | 233/517 [00:03<00:01, 158.02it/s]
Training (loss=2.8199):  45%|████████████████▏                   | 233/517 [00:03<00:01, 158.02it/s]
Training (loss=2.6380):  45%|████████████████▏                   | 233/517 [00:03<00:01, 158.02it/s]
Training (loss=2.8620):  45%|████████████████▏                   | 233/517 [00:03<00:01, 158.02it/s]
Training (loss=2.8578):  45%|████████████████▏                   | 233/517 [00:03<00:01, 158.02it/s]
Training (loss=2.7308):  45%|████████████████▏                   | 233/517 [00:03<00:01, 158.02it/s]
Training (loss=2.6493):  45%|████████████████▏                   | 233/517 [00:03<00:01, 158.02it/s]
Training (loss=2.7129):  45%|████████████████▏                   | 233/517 [00:03<00:01, 158.02it/s]
Training (loss=2.7595):  45%|████████████████▏                   | 233/517 [00:03<00:01, 158.02it/s]
Training (loss=2.8028):  45%|████████████████▏                   | 233/517 [00:03<00:01, 158.02it/s]
Training (loss=2.8842):  45%|████████████████▏                   | 233/517 [00:03<00:01, 158.02it/s]
Training (loss=2.7313):  45%|████████████████▏                   | 233/517 [00:03<00:01, 158.02it/s]
Training (loss=2.8533):  45%|████████████████▏                   | 233/517 [00:03<00:01, 158.02it/s]
Training (loss=3.0416):  45%|████████████████▏                   | 233/517 [00:03<00:01, 158.02it/s]
Training (loss=2.8561):  45%|████████████████▏                   | 233/517 [00:03<00:01, 158.02it/s]
Training (loss=2.9686):  45%|████████████████▏                   | 233/517 [00:03<00:01, 158.02it/s]
Training (loss=2.6259):  45%|████████████████▏                   | 233/517 [00:03<00:01, 158.02it/s]
Training (loss=2.7796):  45%|████████████████▏                   | 233/517 [00:03<00:01, 158.02it/s]
Training (loss=2.7796):  49%|█████████████████▍                  | 251/517 [00:03<00:01, 162.63it/s]
Training (loss=2.7883):  49%|█████████████████▍                  | 251/517 [00:03<00:01, 162.63it/s]
Training (loss=2.7597):  49%|█████████████████▍                  | 251/517 [00:03<00:01, 162.63it/s]
Training (loss=2.8119):  49%|█████████████████▍                  | 251/517 [00:03<00:01, 162.63it/s]
Training (loss=3.0646):  49%|█████████████████▍                  | 251/517 [00:03<00:01, 162.63it/s]
Training (loss=2.6554):  49%|█████████████████▍                  | 251/517 [00:03<00:01, 162.63it/s]
Training (loss=2.8751):  49%|█████████████████▍                  | 251/517 [00:03<00:01, 162.63it/s]
Training (loss=2.6929):  49%|█████████████████▍                  | 251/517 [00:03<00:01, 162.63it/s]
Training (loss=2.9106):  49%|█████████████████▍                  | 251/517 [00:03<00:01, 162.63it/s]
Training (loss=2.8798):  49%|█████████████████▍                  | 251/517 [00:03<00:01, 162.63it/s]
Training (loss=2.5522):  49%|█████████████████▍                  | 251/517 [00:03<00:01, 162.63it/s]
Training (loss=2.7350):  49%|█████████████████▍                  | 251/517 [00:03<00:01, 162.63it/s]
Training (loss=2.7036):  49%|█████████████████▍                  | 251/517 [00:03<00:01, 162.63it/s]
Training (loss=2.7771):  49%|█████████████████▍                  | 251/517 [00:03<00:01, 162.63it/s]
Training (loss=2.6379):  49%|█████████████████▍                  | 251/517 [00:03<00:01, 162.63it/s]
Training (loss=2.7701):  49%|█████████████████▍                  | 251/517 [00:03<00:01, 162.63it/s]
Training (loss=2.9704):  49%|█████████████████▍                  | 251/517 [00:03<00:01, 162.63it/s]
Training (loss=2.9576):  49%|█████████████████▍                  | 251/517 [00:03<00:01, 162.63it/s]
Training (loss=2.7575):  49%|█████████████████▍                  | 251/517 [00:03<00:01, 162.63it/s]
Training (loss=2.7575):  52%|██████████████████▋                 | 269/517 [00:03<00:01, 165.68it/s]
Training (loss=2.6283):  52%|██████████████████▋                 | 269/517 [00:03<00:01, 165.68it/s]
Training (loss=2.9792):  52%|██████████████████▋                 | 269/517 [00:03<00:01, 165.68it/s]
Training (loss=3.1872):  52%|██████████████████▋                 | 269/517 [00:03<00:01, 165.68it/s]
Training (loss=2.8748):  52%|██████████████████▋                 | 269/517 [00:03<00:01, 165.68it/s]
Training (loss=3.0161):  52%|██████████████████▋                 | 269/517 [00:03<00:01, 165.68it/s]
Training (loss=2.8356):  52%|██████████████████▋                 | 269/517 [00:03<00:01, 165.68it/s]
Training (loss=2.6695):  52%|██████████████████▋                 | 269/517 [00:03<00:01, 165.68it/s]
Training (loss=2.8795):  52%|██████████████████▋                 | 269/517 [00:03<00:01, 165.68it/s]
Training (loss=2.9040):  52%|██████████████████▋                 | 269/517 [00:03<00:01, 165.68it/s]
Training (loss=2.6056):  52%|██████████████████▋                 | 269/517 [00:03<00:01, 165.68it/s]
Training (loss=2.6868):  52%|██████████████████▋                 | 269/517 [00:03<00:01, 165.68it/s]
Training (loss=2.8203):  52%|██████████████████▋                 | 269/517 [00:03<00:01, 165.68it/s]
Training (loss=2.8129):  52%|██████████████████▋                 | 269/517 [00:03<00:01, 165.68it/s]
Training (loss=2.8703):  52%|██████████████████▋                 | 269/517 [00:03<00:01, 165.68it/s]
Training (loss=2.7049):  52%|██████████████████▋                 | 269/517 [00:03<00:01, 165.68it/s]
Training (loss=2.7308):  52%|██████████████████▋                 | 269/517 [00:03<00:01, 165.68it/s]
Training (loss=2.6768):  52%|██████████████████▋                 | 269/517 [00:03<00:01, 165.68it/s]
Training (loss=2.8553):  52%|██████████████████▋                 | 269/517 [00:03<00:01, 165.68it/s]
Training (loss=2.8553):  56%|███████████████████▉                | 287/517 [00:03<00:01, 168.51it/s]
Training (loss=2.6361):  56%|███████████████████▉                | 287/517 [00:03<00:01, 168.51it/s]
Training (loss=2.7552):  56%|███████████████████▉                | 287/517 [00:03<00:01, 168.51it/s]
Training (loss=2.6521):  56%|███████████████████▉                | 287/517 [00:03<00:01, 168.51it/s]
Training (loss=2.6419):  56%|███████████████████▉                | 287/517 [00:03<00:01, 168.51it/s]
Training (loss=2.7856):  56%|███████████████████▉                | 287/517 [00:03<00:01, 168.51it/s]
Training (loss=2.7615):  56%|███████████████████▉                | 287/517 [00:03<00:01, 168.51it/s]
Training (loss=2.8340):  56%|███████████████████▉                | 287/517 [00:03<00:01, 168.51it/s]
Training (loss=2.7077):  56%|███████████████████▉                | 287/517 [00:03<00:01, 168.51it/s]
Training (loss=2.6265):  56%|███████████████████▉                | 287/517 [00:03<00:01, 168.51it/s]
Training (loss=2.8357):  56%|███████████████████▉                | 287/517 [00:03<00:01, 168.51it/s]
Training (loss=2.5155):  56%|███████████████████▉                | 287/517 [00:03<00:01, 168.51it/s]
Training (loss=2.7300):  56%|███████████████████▉                | 287/517 [00:03<00:01, 168.51it/s]
Training (loss=2.7508):  56%|███████████████████▉                | 287/517 [00:03<00:01, 168.51it/s]
Training (loss=2.8958):  56%|███████████████████▉                | 287/517 [00:03<00:01, 168.51it/s]
Training (loss=2.7441):  56%|███████████████████▉                | 287/517 [00:03<00:01, 168.51it/s]
Training (loss=2.8821):  56%|███████████████████▉                | 287/517 [00:03<00:01, 168.51it/s]
Training (loss=2.9335):  56%|███████████████████▉                | 287/517 [00:03<00:01, 168.51it/s]
Training (loss=2.5155):  56%|███████████████████▉                | 287/517 [00:03<00:01, 168.51it/s]
Training (loss=2.5155):  59%|█████████████████████▏              | 305/517 [00:03<00:01, 170.20it/s]
Training (loss=2.7841):  59%|█████████████████████▏              | 305/517 [00:03<00:01, 170.20it/s]
Training (loss=2.6992):  59%|█████████████████████▏              | 305/517 [00:03<00:01, 170.20it/s]
Training (loss=2.8594):  59%|█████████████████████▏              | 305/517 [00:03<00:01, 170.20it/s]
Training (loss=2.9084):  59%|█████████████████████▏              | 305/517 [00:03<00:01, 170.20it/s]
Training (loss=2.8933):  59%|█████████████████████▏              | 305/517 [00:03<00:01, 170.20it/s]
Training (loss=2.8964):  59%|█████████████████████▏              | 305/517 [00:03<00:01, 170.20it/s]
Training (loss=2.9334):  59%|█████████████████████▏              | 305/517 [00:03<00:01, 170.20it/s]
Training (loss=2.8443):  59%|█████████████████████▏              | 305/517 [00:03<00:01, 170.20it/s]
Training (loss=2.6397):  59%|█████████████████████▏              | 305/517 [00:03<00:01, 170.20it/s]
Training (loss=2.7986):  59%|█████████████████████▏              | 305/517 [00:03<00:01, 170.20it/s]
Training (loss=2.6909):  59%|█████████████████████▏              | 305/517 [00:03<00:01, 170.20it/s]
Training (loss=2.8777):  59%|█████████████████████▏              | 305/517 [00:03<00:01, 170.20it/s]
Training (loss=2.8168):  59%|█████████████████████▏              | 305/517 [00:03<00:01, 170.20it/s]
Training (loss=2.7256):  59%|█████████████████████▏              | 305/517 [00:03<00:01, 170.20it/s]
Training (loss=2.7189):  59%|█████████████████████▏              | 305/517 [00:03<00:01, 170.20it/s]
Training (loss=2.8544):  59%|█████████████████████▏              | 305/517 [00:03<00:01, 170.20it/s]
Training (loss=2.8016):  59%|█████████████████████▏              | 305/517 [00:03<00:01, 170.20it/s]
Training (loss=3.0524):  59%|█████████████████████▏              | 305/517 [00:03<00:01, 170.20it/s]
Training (loss=3.0524):  62%|██████████████████████▍             | 323/517 [00:03<00:01, 169.37it/s]
Training (loss=2.6255):  62%|██████████████████████▍             | 323/517 [00:03<00:01, 169.37it/s]
Training (loss=2.7569):  62%|██████████████████████▍             | 323/517 [00:03<00:01, 169.37it/s]
Training (loss=2.8071):  62%|██████████████████████▍             | 323/517 [00:03<00:01, 169.37it/s]
Training (loss=2.9363):  62%|██████████████████████▍             | 323/517 [00:03<00:01, 169.37it/s]
Training (loss=2.8812):  62%|██████████████████████▍             | 323/517 [00:03<00:01, 169.37it/s]
Training (loss=2.9586):  62%|██████████████████████▍             | 323/517 [00:03<00:01, 169.37it/s]
Training (loss=2.9026):  62%|██████████████████████▍             | 323/517 [00:03<00:01, 169.37it/s]
Training (loss=2.7441):  62%|██████████████████████▍             | 323/517 [00:03<00:01, 169.37it/s]
Training (loss=2.7743):  62%|██████████████████████▍             | 323/517 [00:03<00:01, 169.37it/s]
Training (loss=2.7490):  62%|██████████████████████▍             | 323/517 [00:03<00:01, 169.37it/s]
Training (loss=2.5992):  62%|██████████████████████▍             | 323/517 [00:03<00:01, 169.37it/s]
Training (loss=2.7773):  62%|██████████████████████▍             | 323/517 [00:03<00:01, 169.37it/s]
Training (loss=2.8055):  62%|██████████████████████▍             | 323/517 [00:03<00:01, 169.37it/s]
Training (loss=2.8559):  62%|██████████████████████▍             | 323/517 [00:03<00:01, 169.37it/s]
Training (loss=2.7183):  62%|██████████████████████▍             | 323/517 [00:03<00:01, 169.37it/s]
Training (loss=3.1627):  62%|██████████████████████▍             | 323/517 [00:03<00:01, 169.37it/s]
Training (loss=2.7654):  62%|██████████████████████▍             | 323/517 [00:03<00:01, 169.37it/s]
Training (loss=2.6311):  62%|██████████████████████▍             | 323/517 [00:03<00:01, 169.37it/s]
Training (loss=2.6311):  66%|███████████████████████▋            | 341/517 [00:03<00:01, 167.53it/s]
Training (loss=2.8840):  66%|███████████████████████▋            | 341/517 [00:03<00:01, 167.53it/s]
Training (loss=2.8274):  66%|███████████████████████▋            | 341/517 [00:03<00:01, 167.53it/s]
Training (loss=2.8170):  66%|███████████████████████▋            | 341/517 [00:03<00:01, 167.53it/s]
Training (loss=2.5357):  66%|███████████████████████▋            | 341/517 [00:03<00:01, 167.53it/s]
Training (loss=2.9596):  66%|███████████████████████▋            | 341/517 [00:03<00:01, 167.53it/s]
Training (loss=2.9290):  66%|███████████████████████▋            | 341/517 [00:03<00:01, 167.53it/s]
Training (loss=2.5139):  66%|███████████████████████▋            | 341/517 [00:03<00:01, 167.53it/s]
Training (loss=3.0127):  66%|███████████████████████▋            | 341/517 [00:03<00:01, 167.53it/s]
Training (loss=2.6958):  66%|███████████████████████▋            | 341/517 [00:03<00:01, 167.53it/s]
Training (loss=2.6304):  66%|███████████████████████▋            | 341/517 [00:03<00:01, 167.53it/s]
Training (loss=2.8223):  66%|███████████████████████▋            | 341/517 [00:03<00:01, 167.53it/s]
Training (loss=2.6593):  66%|███████████████████████▋            | 341/517 [00:03<00:01, 167.53it/s]
Training (loss=2.7805):  66%|███████████████████████▋            | 341/517 [00:03<00:01, 167.53it/s]
Training (loss=2.7637):  66%|███████████████████████▋            | 341/517 [00:03<00:01, 167.53it/s]
Training (loss=2.7006):  66%|███████████████████████▋            | 341/517 [00:03<00:01, 167.53it/s]
Training (loss=2.9783):  66%|███████████████████████▋            | 341/517 [00:03<00:01, 167.53it/s]
Training (loss=2.8723):  66%|███████████████████████▋            | 341/517 [00:03<00:01, 167.53it/s]
Training (loss=2.8723):  69%|████████████████████████▉           | 358/517 [00:03<00:00, 167.93it/s]
Training (loss=2.7559):  69%|████████████████████████▉           | 358/517 [00:03<00:00, 167.93it/s]
Training (loss=2.9204):  69%|████████████████████████▉           | 358/517 [00:03<00:00, 167.93it/s]
Training (loss=2.7766):  69%|████████████████████████▉           | 358/517 [00:03<00:00, 167.93it/s]
Training (loss=2.8489):  69%|████████████████████████▉           | 358/517 [00:03<00:00, 167.93it/s]
Training (loss=2.7329):  69%|████████████████████████▉           | 358/517 [00:03<00:00, 167.93it/s]
Training (loss=2.6247):  69%|████████████████████████▉           | 358/517 [00:03<00:00, 167.93it/s]
Training (loss=2.8923):  69%|████████████████████████▉           | 358/517 [00:03<00:00, 167.93it/s]
Training (loss=2.7469):  69%|████████████████████████▉           | 358/517 [00:03<00:00, 167.93it/s]
Training (loss=2.9796):  69%|████████████████████████▉           | 358/517 [00:03<00:00, 167.93it/s]
Training (loss=2.8102):  69%|████████████████████████▉           | 358/517 [00:03<00:00, 167.93it/s]
Training (loss=2.8663):  69%|████████████████████████▉           | 358/517 [00:03<00:00, 167.93it/s]
Training (loss=2.7787):  69%|████████████████████████▉           | 358/517 [00:03<00:00, 167.93it/s]
Training (loss=2.8414):  69%|████████████████████████▉           | 358/517 [00:03<00:00, 167.93it/s]
Training (loss=2.7052):  69%|████████████████████████▉           | 358/517 [00:03<00:00, 167.93it/s]
Training (loss=2.6724):  69%|████████████████████████▉           | 358/517 [00:03<00:00, 167.93it/s]
Training (loss=2.9004):  69%|████████████████████████▉           | 358/517 [00:03<00:00, 167.93it/s]
Training (loss=2.7835):  69%|████████████████████████▉           | 358/517 [00:03<00:00, 167.93it/s]
Training (loss=2.7835):  73%|██████████████████████████          | 375/517 [00:03<00:00, 168.21it/s]
Training (loss=2.7936):  73%|██████████████████████████          | 375/517 [00:03<00:00, 168.21it/s]
Training (loss=2.8141):  73%|██████████████████████████          | 375/517 [00:03<00:00, 168.21it/s]
Training (loss=2.8306):  73%|██████████████████████████          | 375/517 [00:03<00:00, 168.21it/s]
Training (loss=2.9267):  73%|██████████████████████████          | 375/517 [00:03<00:00, 168.21it/s]
Training (loss=2.8128):  73%|██████████████████████████          | 375/517 [00:03<00:00, 168.21it/s]
Training (loss=2.7420):  73%|██████████████████████████          | 375/517 [00:03<00:00, 168.21it/s]
Training (loss=2.7611):  73%|██████████████████████████          | 375/517 [00:03<00:00, 168.21it/s]
Training (loss=2.7750):  73%|██████████████████████████          | 375/517 [00:03<00:00, 168.21it/s]
Training (loss=2.6750):  73%|██████████████████████████          | 375/517 [00:03<00:00, 168.21it/s]
Training (loss=2.5439):  73%|██████████████████████████          | 375/517 [00:03<00:00, 168.21it/s]
Training (loss=2.9095):  73%|██████████████████████████          | 375/517 [00:03<00:00, 168.21it/s]
Training (loss=2.6626):  73%|██████████████████████████          | 375/517 [00:03<00:00, 168.21it/s]
Training (loss=2.7333):  73%|██████████████████████████          | 375/517 [00:03<00:00, 168.21it/s]
Training (loss=2.8107):  73%|██████████████████████████          | 375/517 [00:03<00:00, 168.21it/s]
Training (loss=2.6805):  73%|██████████████████████████          | 375/517 [00:04<00:00, 168.21it/s]
Training (loss=2.7713):  73%|██████████████████████████          | 375/517 [00:04<00:00, 168.21it/s]
Training (loss=2.7617):  73%|██████████████████████████          | 375/517 [00:04<00:00, 168.21it/s]
Training (loss=2.7617):  76%|███████████████████████████▎        | 392/517 [00:04<00:00, 166.11it/s]
Training (loss=2.7060):  76%|███████████████████████████▎        | 392/517 [00:04<00:00, 166.11it/s]
Training (loss=2.9059):  76%|███████████████████████████▎        | 392/517 [00:04<00:00, 166.11it/s]
Training (loss=2.9139):  76%|███████████████████████████▎        | 392/517 [00:04<00:00, 166.11it/s]
Training (loss=2.7007):  76%|███████████████████████████▎        | 392/517 [00:04<00:00, 166.11it/s]
Training (loss=2.8906):  76%|███████████████████████████▎        | 392/517 [00:04<00:00, 166.11it/s]
Training (loss=2.6281):  76%|███████████████████████████▎        | 392/517 [00:04<00:00, 166.11it/s]
Training (loss=2.7926):  76%|███████████████████████████▎        | 392/517 [00:04<00:00, 166.11it/s]
Training (loss=2.7592):  76%|███████████████████████████▎        | 392/517 [00:04<00:00, 166.11it/s]
Training (loss=2.8127):  76%|███████████████████████████▎        | 392/517 [00:04<00:00, 166.11it/s]
Training (loss=2.7510):  76%|███████████████████████████▎        | 392/517 [00:04<00:00, 166.11it/s]
Training (loss=2.8169):  76%|███████████████████████████▎        | 392/517 [00:04<00:00, 166.11it/s]
Training (loss=2.5499):  76%|███████████████████████████▎        | 392/517 [00:04<00:00, 166.11it/s]
Training (loss=2.7377):  76%|███████████████████████████▎        | 392/517 [00:04<00:00, 166.11it/s]
Training (loss=2.8633):  76%|███████████████████████████▎        | 392/517 [00:04<00:00, 166.11it/s]
Training (loss=2.8523):  76%|███████████████████████████▎        | 392/517 [00:04<00:00, 166.11it/s]
Training (loss=2.6513):  76%|███████████████████████████▎        | 392/517 [00:04<00:00, 166.11it/s]
Training (loss=2.6210):  76%|███████████████████████████▎        | 392/517 [00:04<00:00, 166.11it/s]
Training (loss=2.6210):  79%|████████████████████████████▍       | 409/517 [00:04<00:00, 162.93it/s]
Training (loss=2.6505):  79%|████████████████████████████▍       | 409/517 [00:04<00:00, 162.93it/s]
Training (loss=2.7346):  79%|████████████████████████████▍       | 409/517 [00:04<00:00, 162.93it/s]
Training (loss=2.8007):  79%|████████████████████████████▍       | 409/517 [00:04<00:00, 162.93it/s]
Training (loss=2.6979):  79%|████████████████████████████▍       | 409/517 [00:04<00:00, 162.93it/s]
Training (loss=2.5988):  79%|████████████████████████████▍       | 409/517 [00:04<00:00, 162.93it/s]
Training (loss=3.0041):  79%|████████████████████████████▍       | 409/517 [00:04<00:00, 162.93it/s]
Training (loss=3.0283):  79%|████████████████████████████▍       | 409/517 [00:04<00:00, 162.93it/s]
Training (loss=2.6673):  79%|████████████████████████████▍       | 409/517 [00:04<00:00, 162.93it/s]
Training (loss=2.4654):  79%|████████████████████████████▍       | 409/517 [00:04<00:00, 162.93it/s]
Training (loss=2.6415):  79%|████████████████████████████▍       | 409/517 [00:04<00:00, 162.93it/s]
Training (loss=2.8494):  79%|████████████████████████████▍       | 409/517 [00:04<00:00, 162.93it/s]
Training (loss=2.6606):  79%|████████████████████████████▍       | 409/517 [00:04<00:00, 162.93it/s]
Training (loss=2.6273):  79%|████████████████████████████▍       | 409/517 [00:04<00:00, 162.93it/s]
Training (loss=2.8299):  79%|████████████████████████████▍       | 409/517 [00:04<00:00, 162.93it/s]
Training (loss=2.6801):  79%|████████████████████████████▍       | 409/517 [00:04<00:00, 162.93it/s]
Training (loss=2.8322):  79%|████████████████████████████▍       | 409/517 [00:04<00:00, 162.93it/s]
Training (loss=2.7302):  79%|████████████████████████████▍       | 409/517 [00:04<00:00, 162.93it/s]
Training (loss=2.7302):  82%|█████████████████████████████▋      | 426/517 [00:04<00:00, 162.88it/s]
Training (loss=2.6001):  82%|█████████████████████████████▋      | 426/517 [00:04<00:00, 162.88it/s]
Training (loss=2.6623):  82%|█████████████████████████████▋      | 426/517 [00:04<00:00, 162.88it/s]
Training (loss=2.7641):  82%|█████████████████████████████▋      | 426/517 [00:04<00:00, 162.88it/s]
Training (loss=2.8530):  82%|█████████████████████████████▋      | 426/517 [00:04<00:00, 162.88it/s]
Training (loss=2.5478):  82%|█████████████████████████████▋      | 426/517 [00:04<00:00, 162.88it/s]
Training (loss=2.7911):  82%|█████████████████████████████▋      | 426/517 [00:04<00:00, 162.88it/s]
Training (loss=2.7326):  82%|█████████████████████████████▋      | 426/517 [00:04<00:00, 162.88it/s]
Training (loss=2.6422):  82%|█████████████████████████████▋      | 426/517 [00:04<00:00, 162.88it/s]
Training (loss=2.7392):  82%|█████████████████████████████▋      | 426/517 [00:04<00:00, 162.88it/s]
Training (loss=2.6989):  82%|█████████████████████████████▋      | 426/517 [00:04<00:00, 162.88it/s]
Training (loss=2.6472):  82%|█████████████████████████████▋      | 426/517 [00:04<00:00, 162.88it/s]
Training (loss=2.8591):  82%|█████████████████████████████▋      | 426/517 [00:04<00:00, 162.88it/s]
Training (loss=2.9559):  82%|█████████████████████████████▋      | 426/517 [00:04<00:00, 162.88it/s]
Training (loss=2.7309):  82%|█████████████████████████████▋      | 426/517 [00:04<00:00, 162.88it/s]
Training (loss=2.7908):  82%|█████████████████████████████▋      | 426/517 [00:04<00:00, 162.88it/s]
Training (loss=2.7154):  82%|█████████████████████████████▋      | 426/517 [00:04<00:00, 162.88it/s]
Training (loss=2.6683):  82%|█████████████████████████████▋      | 426/517 [00:04<00:00, 162.88it/s]
Training (loss=2.6683):  86%|██████████████████████████████▊     | 443/517 [00:04<00:00, 161.82it/s]
Training (loss=2.7579):  86%|██████████████████████████████▊     | 443/517 [00:04<00:00, 161.82it/s]
Training (loss=2.7399):  86%|██████████████████████████████▊     | 443/517 [00:04<00:00, 161.82it/s]
Training (loss=2.7754):  86%|██████████████████████████████▊     | 443/517 [00:04<00:00, 161.82it/s]
Training (loss=2.8857):  86%|██████████████████████████████▊     | 443/517 [00:04<00:00, 161.82it/s]
Training (loss=2.7078):  86%|██████████████████████████████▊     | 443/517 [00:04<00:00, 161.82it/s]
Training (loss=2.9023):  86%|██████████████████████████████▊     | 443/517 [00:04<00:00, 161.82it/s]
Training (loss=2.6135):  86%|██████████████████████████████▊     | 443/517 [00:04<00:00, 161.82it/s]
Training (loss=2.7349):  86%|██████████████████████████████▊     | 443/517 [00:04<00:00, 161.82it/s]
Training (loss=2.7514):  86%|██████████████████████████████▊     | 443/517 [00:04<00:00, 161.82it/s]
Training (loss=2.5731):  86%|██████████████████████████████▊     | 443/517 [00:04<00:00, 161.82it/s]
Training (loss=2.5822):  86%|██████████████████████████████▊     | 443/517 [00:04<00:00, 161.82it/s]
Training (loss=2.9764):  86%|██████████████████████████████▊     | 443/517 [00:04<00:00, 161.82it/s]
Training (loss=2.7436):  86%|██████████████████████████████▊     | 443/517 [00:04<00:00, 161.82it/s]
Training (loss=2.8049):  86%|██████████████████████████████▊     | 443/517 [00:04<00:00, 161.82it/s]
Training (loss=2.8287):  86%|██████████████████████████████▊     | 443/517 [00:04<00:00, 161.82it/s]
Training (loss=2.7674):  86%|██████████████████████████████▊     | 443/517 [00:04<00:00, 161.82it/s]
Training (loss=2.8558):  86%|██████████████████████████████▊     | 443/517 [00:04<00:00, 161.82it/s]
Training (loss=2.8558):  89%|████████████████████████████████    | 460/517 [00:04<00:00, 163.62it/s]
Training (loss=2.5657):  89%|████████████████████████████████    | 460/517 [00:04<00:00, 163.62it/s]
Training (loss=2.8469):  89%|████████████████████████████████    | 460/517 [00:04<00:00, 163.62it/s]
Training (loss=2.8156):  89%|████████████████████████████████    | 460/517 [00:04<00:00, 163.62it/s]
Training (loss=2.6582):  89%|████████████████████████████████    | 460/517 [00:04<00:00, 163.62it/s]
Training (loss=2.7100):  89%|████████████████████████████████    | 460/517 [00:04<00:00, 163.62it/s]
Training (loss=2.8547):  89%|████████████████████████████████    | 460/517 [00:04<00:00, 163.62it/s]
Training (loss=2.8328):  89%|████████████████████████████████    | 460/517 [00:04<00:00, 163.62it/s]
Training (loss=2.6062):  89%|████████████████████████████████    | 460/517 [00:04<00:00, 163.62it/s]
Training (loss=2.7868):  89%|████████████████████████████████    | 460/517 [00:04<00:00, 163.62it/s]
Training (loss=2.7516):  89%|████████████████████████████████    | 460/517 [00:04<00:00, 163.62it/s]
Training (loss=2.6201):  89%|████████████████████████████████    | 460/517 [00:04<00:00, 163.62it/s]
Training (loss=2.8569):  89%|████████████████████████████████    | 460/517 [00:04<00:00, 163.62it/s]
Training (loss=2.8271):  89%|████████████████████████████████    | 460/517 [00:04<00:00, 163.62it/s]
Training (loss=2.6985):  89%|████████████████████████████████    | 460/517 [00:04<00:00, 163.62it/s]
Training (loss=2.8112):  89%|████████████████████████████████    | 460/517 [00:04<00:00, 163.62it/s]
Training (loss=2.8120):  89%|████████████████████████████████    | 460/517 [00:04<00:00, 163.62it/s]
Training (loss=2.7150):  89%|████████████████████████████████    | 460/517 [00:04<00:00, 163.62it/s]
Training (loss=2.7150):  92%|█████████████████████████████████▏  | 477/517 [00:04<00:00, 161.55it/s]
Training (loss=2.7016):  92%|█████████████████████████████████▏  | 477/517 [00:04<00:00, 161.55it/s]
Training (loss=2.7206):  92%|█████████████████████████████████▏  | 477/517 [00:04<00:00, 161.55it/s]
Training (loss=2.7255):  92%|█████████████████████████████████▏  | 477/517 [00:04<00:00, 161.55it/s]
Training (loss=2.6996):  92%|█████████████████████████████████▏  | 477/517 [00:04<00:00, 161.55it/s]
Training (loss=2.7691):  92%|█████████████████████████████████▏  | 477/517 [00:04<00:00, 161.55it/s]
Training (loss=2.6886):  92%|█████████████████████████████████▏  | 477/517 [00:04<00:00, 161.55it/s]
Training (loss=2.5812):  92%|█████████████████████████████████▏  | 477/517 [00:04<00:00, 161.55it/s]
Training (loss=2.7766):  92%|█████████████████████████████████▏  | 477/517 [00:04<00:00, 161.55it/s]
Training (loss=2.7193):  92%|█████████████████████████████████▏  | 477/517 [00:04<00:00, 161.55it/s]
Training (loss=2.7337):  92%|█████████████████████████████████▏  | 477/517 [00:04<00:00, 161.55it/s]
Training (loss=2.6779):  92%|█████████████████████████████████▏  | 477/517 [00:04<00:00, 161.55it/s]
Training (loss=2.6164):  92%|█████████████████████████████████▏  | 477/517 [00:04<00:00, 161.55it/s]
Training (loss=2.9135):  92%|█████████████████████████████████▏  | 477/517 [00:04<00:00, 161.55it/s]
Training (loss=2.5484):  92%|█████████████████████████████████▏  | 477/517 [00:04<00:00, 161.55it/s]
Training (loss=2.5905):  92%|█████████████████████████████████▏  | 477/517 [00:04<00:00, 161.55it/s]
Training (loss=2.8223):  92%|█████████████████████████████████▏  | 477/517 [00:04<00:00, 161.55it/s]
Training (loss=2.7067):  92%|█████████████████████████████████▏  | 477/517 [00:04<00:00, 161.55it/s]
Training (loss=2.7067):  96%|██████████████████████████████████▍ | 494/517 [00:04<00:00, 162.14it/s]
Training (loss=2.7650):  96%|██████████████████████████████████▍ | 494/517 [00:04<00:00, 162.14it/s]
Training (loss=2.7922):  96%|██████████████████████████████████▍ | 494/517 [00:04<00:00, 162.14it/s]
Training (loss=2.6293):  96%|██████████████████████████████████▍ | 494/517 [00:04<00:00, 162.14it/s]
Training (loss=2.7240):  96%|██████████████████████████████████▍ | 494/517 [00:04<00:00, 162.14it/s]
Training (loss=2.6422):  96%|██████████████████████████████████▍ | 494/517 [00:04<00:00, 162.14it/s]
Training (loss=2.5533):  96%|██████████████████████████████████▍ | 494/517 [00:04<00:00, 162.14it/s]
Training (loss=2.9325):  96%|██████████████████████████████████▍ | 494/517 [00:04<00:00, 162.14it/s]
Training (loss=2.8539):  96%|██████████████████████████████████▍ | 494/517 [00:04<00:00, 162.14it/s]
Training (loss=2.5061):  96%|██████████████████████████████████▍ | 494/517 [00:04<00:00, 162.14it/s]
Training (loss=2.7947):  96%|██████████████████████████████████▍ | 494/517 [00:04<00:00, 162.14it/s]
Training (loss=2.7190):  96%|██████████████████████████████████▍ | 494/517 [00:04<00:00, 162.14it/s]
Training (loss=2.5910):  96%|██████████████████████████████████▍ | 494/517 [00:04<00:00, 162.14it/s]
Training (loss=2.6004):  96%|██████████████████████████████████▍ | 494/517 [00:04<00:00, 162.14it/s]
Training (loss=2.6022):  96%|██████████████████████████████████▍ | 494/517 [00:04<00:00, 162.14it/s]
Training (loss=2.9485):  96%|██████████████████████████████████▍ | 494/517 [00:04<00:00, 162.14it/s]
Training (loss=2.7740):  96%|██████████████████████████████████▍ | 494/517 [00:04<00:00, 162.14it/s]
Training (loss=2.7907):  96%|██████████████████████████████████▍ | 494/517 [00:04<00:00, 162.14it/s]
Training (loss=2.7907):  99%|███████████████████████████████████▌| 511/517 [00:04<00:00, 161.78it/s]
Training (loss=2.8858):  99%|███████████████████████████████████▌| 511/517 [00:04<00:00, 161.78it/s]
Training (loss=2.7843):  99%|███████████████████████████████████▌| 511/517 [00:04<00:00, 161.78it/s]
Training (loss=2.7221):  99%|███████████████████████████████████▌| 511/517 [00:04<00:00, 161.78it/s]
Training (loss=2.4785):  99%|███████████████████████████████████▌| 511/517 [00:04<00:00, 161.78it/s]
Training (loss=2.9726):  99%|███████████████████████████████████▌| 511/517 [00:04<00:00, 161.78it/s]
Training (loss=2.5380):  99%|███████████████████████████████████▌| 511/517 [00:04<00:00, 161.78it/s]
Training (loss=2.5380): 100%|████████████████████████████████████| 517/517 [00:04<00:00, 106.30it/s]
Evaluating on validation set...
Validation loss: 2.7139
Epoch 1/5 - Train loss: 3.0968, Val loss: 2.7139

Epoch 2/5

Training:   0%|                                                             | 0/517 [00:00<?, ?it/s]
Training (loss=2.6294):   0%|                                               | 0/517 [00:00<?, ?it/s]
Training (loss=2.6294):   0%|                                       | 1/517 [00:00<01:23,  6.18it/s]
Training (loss=2.6623):   0%|                                       | 1/517 [00:00<01:23,  6.18it/s]
Training (loss=2.5472):   0%|                                       | 1/517 [00:00<01:23,  6.18it/s]
Training (loss=2.6049):   0%|                                       | 1/517 [00:00<01:23,  6.18it/s]
Training (loss=2.6448):   0%|                                       | 1/517 [00:00<01:23,  6.18it/s]
Training (loss=2.6562):   0%|                                       | 1/517 [00:00<01:23,  6.18it/s]
Training (loss=2.5591):   0%|                                       | 1/517 [00:00<01:23,  6.18it/s]
Training (loss=2.6404):   0%|                                       | 1/517 [00:00<01:23,  6.18it/s]
Training (loss=2.5027):   0%|                                       | 1/517 [00:00<01:23,  6.18it/s]
Training (loss=2.8367):   0%|                                       | 1/517 [00:00<01:23,  6.18it/s]
Training (loss=2.7723):   0%|                                       | 1/517 [00:00<01:23,  6.18it/s]
Training (loss=2.5902):   0%|                                       | 1/517 [00:00<01:23,  6.18it/s]
Training (loss=2.7541):   0%|                                       | 1/517 [00:00<01:23,  6.18it/s]
Training (loss=2.5382):   0%|                                       | 1/517 [00:00<01:23,  6.18it/s]
Training (loss=2.8724):   0%|                                       | 1/517 [00:00<01:23,  6.18it/s]
Training (loss=2.5789):   0%|                                       | 1/517 [00:00<01:23,  6.18it/s]
Training (loss=2.7397):   0%|                                       | 1/517 [00:00<01:23,  6.18it/s]
Training (loss=2.7397):   3%|█▏                                    | 17/517 [00:00<00:06, 77.57it/s]
Training (loss=2.8186):   3%|█▏                                    | 17/517 [00:00<00:06, 77.57it/s]
Training (loss=2.7005):   3%|█▏                                    | 17/517 [00:00<00:06, 77.57it/s]
Training (loss=2.6415):   3%|█▏                                    | 17/517 [00:00<00:06, 77.57it/s]
Training (loss=2.4953):   3%|█▏                                    | 17/517 [00:00<00:06, 77.57it/s]
Training (loss=2.3983):   3%|█▏                                    | 17/517 [00:00<00:06, 77.57it/s]
Training (loss=2.4450):   3%|█▏                                    | 17/517 [00:00<00:06, 77.57it/s]
Training (loss=2.9610):   3%|█▏                                    | 17/517 [00:00<00:06, 77.57it/s]
Training (loss=2.7730):   3%|█▏                                    | 17/517 [00:00<00:06, 77.57it/s]
Training (loss=2.7476):   3%|█▏                                    | 17/517 [00:00<00:06, 77.57it/s]
Training (loss=2.7681):   3%|█▏                                    | 17/517 [00:00<00:06, 77.57it/s]
Training (loss=2.6097):   3%|█▏                                    | 17/517 [00:00<00:06, 77.57it/s]
Training (loss=2.6930):   3%|█▏                                    | 17/517 [00:00<00:06, 77.57it/s]
Training (loss=2.6001):   3%|█▏                                    | 17/517 [00:00<00:06, 77.57it/s]
Training (loss=2.7381):   3%|█▏                                    | 17/517 [00:00<00:06, 77.57it/s]
Training (loss=2.6820):   3%|█▏                                    | 17/517 [00:00<00:06, 77.57it/s]
Training (loss=2.5953):   3%|█▏                                    | 17/517 [00:00<00:06, 77.57it/s]
Training (loss=2.6612):   3%|█▏                                    | 17/517 [00:00<00:06, 77.57it/s]
Training (loss=2.6612):   7%|██▍                                  | 34/517 [00:00<00:04, 114.43it/s]
Training (loss=2.8631):   7%|██▍                                  | 34/517 [00:00<00:04, 114.43it/s]
Training (loss=2.6026):   7%|██▍                                  | 34/517 [00:00<00:04, 114.43it/s]
Training (loss=2.7545):   7%|██▍                                  | 34/517 [00:00<00:04, 114.43it/s]
Training (loss=2.5792):   7%|██▍                                  | 34/517 [00:00<00:04, 114.43it/s]
Training (loss=2.6166):   7%|██▍                                  | 34/517 [00:00<00:04, 114.43it/s]
Training (loss=2.8917):   7%|██▍                                  | 34/517 [00:00<00:04, 114.43it/s]
Training (loss=2.7502):   7%|██▍                                  | 34/517 [00:00<00:04, 114.43it/s]
Training (loss=2.7267):   7%|██▍                                  | 34/517 [00:00<00:04, 114.43it/s]
Training (loss=2.6593):   7%|██▍                                  | 34/517 [00:00<00:04, 114.43it/s]
Training (loss=2.5477):   7%|██▍                                  | 34/517 [00:00<00:04, 114.43it/s]
Training (loss=2.6896):   7%|██▍                                  | 34/517 [00:00<00:04, 114.43it/s]
Training (loss=2.6959):   7%|██▍                                  | 34/517 [00:00<00:04, 114.43it/s]
Training (loss=2.6730):   7%|██▍                                  | 34/517 [00:00<00:04, 114.43it/s]
Training (loss=2.5630):   7%|██▍                                  | 34/517 [00:00<00:04, 114.43it/s]
Training (loss=2.8495):   7%|██▍                                  | 34/517 [00:00<00:04, 114.43it/s]
Training (loss=2.5901):   7%|██▍                                  | 34/517 [00:00<00:04, 114.43it/s]
Training (loss=2.7072):   7%|██▍                                  | 34/517 [00:00<00:04, 114.43it/s]
Training (loss=2.7072):  10%|███▋                                 | 51/517 [00:00<00:03, 134.51it/s]
Training (loss=2.7385):  10%|███▋                                 | 51/517 [00:00<00:03, 134.51it/s]
Training (loss=2.6791):  10%|███▋                                 | 51/517 [00:00<00:03, 134.51it/s]
Training (loss=2.6399):  10%|███▋                                 | 51/517 [00:00<00:03, 134.51it/s]
Training (loss=2.7020):  10%|███▋                                 | 51/517 [00:00<00:03, 134.51it/s]
Training (loss=2.5668):  10%|███▋                                 | 51/517 [00:00<00:03, 134.51it/s]
Training (loss=2.9218):  10%|███▋                                 | 51/517 [00:00<00:03, 134.51it/s]
Training (loss=2.5885):  10%|███▋                                 | 51/517 [00:00<00:03, 134.51it/s]
Training (loss=2.5411):  10%|███▋                                 | 51/517 [00:00<00:03, 134.51it/s]
Training (loss=2.5628):  10%|███▋                                 | 51/517 [00:00<00:03, 134.51it/s]
Training (loss=2.4656):  10%|███▋                                 | 51/517 [00:00<00:03, 134.51it/s]
Training (loss=2.7940):  10%|███▋                                 | 51/517 [00:00<00:03, 134.51it/s]
Training (loss=2.5045):  10%|███▋                                 | 51/517 [00:00<00:03, 134.51it/s]
Training (loss=2.7483):  10%|███▋                                 | 51/517 [00:00<00:03, 134.51it/s]
Training (loss=2.8105):  10%|███▋                                 | 51/517 [00:00<00:03, 134.51it/s]
Training (loss=2.2900):  10%|███▋                                 | 51/517 [00:00<00:03, 134.51it/s]
Training (loss=2.5340):  10%|███▋                                 | 51/517 [00:00<00:03, 134.51it/s]
Training (loss=2.6531):  10%|███▋                                 | 51/517 [00:00<00:03, 134.51it/s]
Training (loss=2.6531):  13%|████▊                                | 68/517 [00:00<00:03, 145.05it/s]
Training (loss=2.8176):  13%|████▊                                | 68/517 [00:00<00:03, 145.05it/s]
Training (loss=2.9117):  13%|████▊                                | 68/517 [00:00<00:03, 145.05it/s]
Training (loss=2.6917):  13%|████▊                                | 68/517 [00:00<00:03, 145.05it/s]
Training (loss=2.5620):  13%|████▊                                | 68/517 [00:00<00:03, 145.05it/s]
Training (loss=2.6346):  13%|████▊                                | 68/517 [00:00<00:03, 145.05it/s]
Training (loss=2.6434):  13%|████▊                                | 68/517 [00:00<00:03, 145.05it/s]
Training (loss=2.5684):  13%|████▊                                | 68/517 [00:00<00:03, 145.05it/s]
Training (loss=2.5512):  13%|████▊                                | 68/517 [00:00<00:03, 145.05it/s]
Training (loss=2.7577):  13%|████▊                                | 68/517 [00:00<00:03, 145.05it/s]
Training (loss=2.4520):  13%|████▊                                | 68/517 [00:00<00:03, 145.05it/s]
Training (loss=2.5365):  13%|████▊                                | 68/517 [00:00<00:03, 145.05it/s]
Training (loss=2.5053):  13%|████▊                                | 68/517 [00:00<00:03, 145.05it/s]
Training (loss=2.6214):  13%|████▊                                | 68/517 [00:00<00:03, 145.05it/s]
Training (loss=2.7005):  13%|████▊                                | 68/517 [00:00<00:03, 145.05it/s]
Training (loss=2.6894):  13%|████▊                                | 68/517 [00:00<00:03, 145.05it/s]
Training (loss=2.8204):  13%|████▊                                | 68/517 [00:00<00:03, 145.05it/s]
Training (loss=2.6338):  13%|████▊                                | 68/517 [00:00<00:03, 145.05it/s]
Training (loss=2.6358):  13%|████▊                                | 68/517 [00:00<00:03, 145.05it/s]
Training (loss=2.6358):  17%|██████▏                              | 86/517 [00:00<00:02, 155.89it/s]
Training (loss=2.8770):  17%|██████▏                              | 86/517 [00:00<00:02, 155.89it/s]
Training (loss=2.8814):  17%|██████▏                              | 86/517 [00:00<00:02, 155.89it/s]
Training (loss=2.7676):  17%|██████▏                              | 86/517 [00:00<00:02, 155.89it/s]
Training (loss=2.8786):  17%|██████▏                              | 86/517 [00:00<00:02, 155.89it/s]
Training (loss=2.4892):  17%|██████▏                              | 86/517 [00:00<00:02, 155.89it/s]
Training (loss=2.4536):  17%|██████▏                              | 86/517 [00:00<00:02, 155.89it/s]
Training (loss=2.7259):  17%|██████▏                              | 86/517 [00:00<00:02, 155.89it/s]
Training (loss=2.4496):  17%|██████▏                              | 86/517 [00:00<00:02, 155.89it/s]
Training (loss=2.6059):  17%|██████▏                              | 86/517 [00:00<00:02, 155.89it/s]
Training (loss=2.4833):  17%|██████▏                              | 86/517 [00:00<00:02, 155.89it/s]
Training (loss=2.6957):  17%|██████▏                              | 86/517 [00:00<00:02, 155.89it/s]
Training (loss=2.6749):  17%|██████▏                              | 86/517 [00:00<00:02, 155.89it/s]
Training (loss=2.7428):  17%|██████▏                              | 86/517 [00:00<00:02, 155.89it/s]
Training (loss=2.7992):  17%|██████▏                              | 86/517 [00:00<00:02, 155.89it/s]
Training (loss=2.6006):  17%|██████▏                              | 86/517 [00:00<00:02, 155.89it/s]
Training (loss=2.6487):  17%|██████▏                              | 86/517 [00:00<00:02, 155.89it/s]
Training (loss=2.6876):  17%|██████▏                              | 86/517 [00:00<00:02, 155.89it/s]
Training (loss=2.6876):  20%|███████▏                            | 103/517 [00:00<00:02, 153.52it/s]
Training (loss=2.5607):  20%|███████▏                            | 103/517 [00:00<00:02, 153.52it/s]
Training (loss=2.5885):  20%|███████▏                            | 103/517 [00:00<00:02, 153.52it/s]
Training (loss=2.6777):  20%|███████▏                            | 103/517 [00:00<00:02, 153.52it/s]
Training (loss=2.3723):  20%|███████▏                            | 103/517 [00:00<00:02, 153.52it/s]
Training (loss=2.6187):  20%|███████▏                            | 103/517 [00:00<00:02, 153.52it/s]
Training (loss=2.8699):  20%|███████▏                            | 103/517 [00:00<00:02, 153.52it/s]
Training (loss=2.6946):  20%|███████▏                            | 103/517 [00:00<00:02, 153.52it/s]
Training (loss=2.7673):  20%|███████▏                            | 103/517 [00:00<00:02, 153.52it/s]
Training (loss=2.6852):  20%|███████▏                            | 103/517 [00:00<00:02, 153.52it/s]
Training (loss=2.5943):  20%|███████▏                            | 103/517 [00:00<00:02, 153.52it/s]
Training (loss=2.6154):  20%|███████▏                            | 103/517 [00:00<00:02, 153.52it/s]
Training (loss=2.5600):  20%|███████▏                            | 103/517 [00:00<00:02, 153.52it/s]
Training (loss=2.7579):  20%|███████▏                            | 103/517 [00:00<00:02, 153.52it/s]
Training (loss=2.8195):  20%|███████▏                            | 103/517 [00:00<00:02, 153.52it/s]
Training (loss=2.8738):  20%|███████▏                            | 103/517 [00:00<00:02, 153.52it/s]
Training (loss=2.4011):  20%|███████▏                            | 103/517 [00:00<00:02, 153.52it/s]
Training (loss=2.4011):  23%|████████▎                           | 119/517 [00:00<00:02, 150.57it/s]
Training (loss=2.6649):  23%|████████▎                           | 119/517 [00:00<00:02, 150.57it/s]
Training (loss=2.7164):  23%|████████▎                           | 119/517 [00:00<00:02, 150.57it/s]
Training (loss=2.6287):  23%|████████▎                           | 119/517 [00:00<00:02, 150.57it/s]
Training (loss=2.7305):  23%|████████▎                           | 119/517 [00:00<00:02, 150.57it/s]
Training (loss=2.8227):  23%|████████▎                           | 119/517 [00:00<00:02, 150.57it/s]
Training (loss=2.5752):  23%|████████▎                           | 119/517 [00:00<00:02, 150.57it/s]
Training (loss=2.7138):  23%|████████▎                           | 119/517 [00:00<00:02, 150.57it/s]
Training (loss=2.6119):  23%|████████▎                           | 119/517 [00:00<00:02, 150.57it/s]
Training (loss=2.6082):  23%|████████▎                           | 119/517 [00:00<00:02, 150.57it/s]
Training (loss=2.6697):  23%|████████▎                           | 119/517 [00:00<00:02, 150.57it/s]
Training (loss=2.6600):  23%|████████▎                           | 119/517 [00:00<00:02, 150.57it/s]
Training (loss=2.4575):  23%|████████▎                           | 119/517 [00:00<00:02, 150.57it/s]
Training (loss=2.5652):  23%|████████▎                           | 119/517 [00:00<00:02, 150.57it/s]
Training (loss=2.7845):  23%|████████▎                           | 119/517 [00:00<00:02, 150.57it/s]
Training (loss=2.6012):  23%|████████▎                           | 119/517 [00:00<00:02, 150.57it/s]
Training (loss=2.5222):  23%|████████▎                           | 119/517 [00:00<00:02, 150.57it/s]
Training (loss=2.9776):  23%|████████▎                           | 119/517 [00:00<00:02, 150.57it/s]
Training (loss=2.9776):  26%|█████████▍                          | 136/517 [00:00<00:02, 153.86it/s]
Training (loss=2.4159):  26%|█████████▍                          | 136/517 [00:01<00:02, 153.86it/s]
Training (loss=2.7340):  26%|█████████▍                          | 136/517 [00:01<00:02, 153.86it/s]
Training (loss=2.7642):  26%|█████████▍                          | 136/517 [00:01<00:02, 153.86it/s]
Training (loss=2.4883):  26%|█████████▍                          | 136/517 [00:01<00:02, 153.86it/s]
Training (loss=2.6341):  26%|█████████▍                          | 136/517 [00:01<00:02, 153.86it/s]
Training (loss=2.5367):  26%|█████████▍                          | 136/517 [00:01<00:02, 153.86it/s]
Training (loss=2.5324):  26%|█████████▍                          | 136/517 [00:01<00:02, 153.86it/s]
Training (loss=2.6814):  26%|█████████▍                          | 136/517 [00:01<00:02, 153.86it/s]
Training (loss=2.6167):  26%|█████████▍                          | 136/517 [00:01<00:02, 153.86it/s]
Training (loss=2.4200):  26%|█████████▍                          | 136/517 [00:01<00:02, 153.86it/s]
Training (loss=2.5647):  26%|█████████▍                          | 136/517 [00:01<00:02, 153.86it/s]
Training (loss=2.6792):  26%|█████████▍                          | 136/517 [00:01<00:02, 153.86it/s]
Training (loss=2.7385):  26%|█████████▍                          | 136/517 [00:01<00:02, 153.86it/s]
Training (loss=2.5834):  26%|█████████▍                          | 136/517 [00:01<00:02, 153.86it/s]
Training (loss=2.2456):  26%|█████████▍                          | 136/517 [00:01<00:02, 153.86it/s]
Training (loss=2.5346):  26%|█████████▍                          | 136/517 [00:01<00:02, 153.86it/s]
Training (loss=2.8226):  26%|█████████▍                          | 136/517 [00:01<00:02, 153.86it/s]
Training (loss=2.8226):  30%|██████████▋                         | 153/517 [00:01<00:02, 158.17it/s]
Training (loss=2.5409):  30%|██████████▋                         | 153/517 [00:01<00:02, 158.17it/s]
Training (loss=2.6399):  30%|██████████▋                         | 153/517 [00:01<00:02, 158.17it/s]
Training (loss=2.5649):  30%|██████████▋                         | 153/517 [00:01<00:02, 158.17it/s]
Training (loss=2.5753):  30%|██████████▋                         | 153/517 [00:01<00:02, 158.17it/s]
Training (loss=2.8526):  30%|██████████▋                         | 153/517 [00:01<00:02, 158.17it/s]
Training (loss=2.5675):  30%|██████████▋                         | 153/517 [00:01<00:02, 158.17it/s]
Training (loss=2.6152):  30%|██████████▋                         | 153/517 [00:01<00:02, 158.17it/s]
Training (loss=2.8603):  30%|██████████▋                         | 153/517 [00:01<00:02, 158.17it/s]
Training (loss=2.5336):  30%|██████████▋                         | 153/517 [00:01<00:02, 158.17it/s]
Training (loss=2.5974):  30%|██████████▋                         | 153/517 [00:01<00:02, 158.17it/s]
Training (loss=2.7956):  30%|██████████▋                         | 153/517 [00:01<00:02, 158.17it/s]
Training (loss=2.6909):  30%|██████████▋                         | 153/517 [00:01<00:02, 158.17it/s]
Training (loss=2.6823):  30%|██████████▋                         | 153/517 [00:01<00:02, 158.17it/s]
Training (loss=2.9797):  30%|██████████▋                         | 153/517 [00:01<00:02, 158.17it/s]
Training (loss=2.6367):  30%|██████████▋                         | 153/517 [00:01<00:02, 158.17it/s]
Training (loss=2.6132):  30%|██████████▋                         | 153/517 [00:01<00:02, 158.17it/s]
Training (loss=2.7278):  30%|██████████▋                         | 153/517 [00:01<00:02, 158.17it/s]
Training (loss=2.7278):  33%|███████████▊                        | 170/517 [00:01<00:02, 158.89it/s]
Training (loss=2.6093):  33%|███████████▊                        | 170/517 [00:01<00:02, 158.89it/s]
Training (loss=2.5957):  33%|███████████▊                        | 170/517 [00:01<00:02, 158.89it/s]
Training (loss=2.7605):  33%|███████████▊                        | 170/517 [00:01<00:02, 158.89it/s]
Training (loss=2.6498):  33%|███████████▊                        | 170/517 [00:01<00:02, 158.89it/s]
Training (loss=2.7146):  33%|███████████▊                        | 170/517 [00:01<00:02, 158.89it/s]
Training (loss=2.4146):  33%|███████████▊                        | 170/517 [00:01<00:02, 158.89it/s]
Training (loss=2.7101):  33%|███████████▊                        | 170/517 [00:01<00:02, 158.89it/s]
Training (loss=2.6198):  33%|███████████▊                        | 170/517 [00:01<00:02, 158.89it/s]
Training (loss=2.7285):  33%|███████████▊                        | 170/517 [00:01<00:02, 158.89it/s]
Training (loss=2.7278):  33%|███████████▊                        | 170/517 [00:01<00:02, 158.89it/s]
Training (loss=2.8918):  33%|███████████▊                        | 170/517 [00:01<00:02, 158.89it/s]
Training (loss=2.6140):  33%|███████████▊                        | 170/517 [00:01<00:02, 158.89it/s]
Training (loss=2.6243):  33%|███████████▊                        | 170/517 [00:01<00:02, 158.89it/s]
Training (loss=2.6866):  33%|███████████▊                        | 170/517 [00:01<00:02, 158.89it/s]
Training (loss=2.5236):  33%|███████████▊                        | 170/517 [00:01<00:02, 158.89it/s]
Training (loss=2.5863):  33%|███████████▊                        | 170/517 [00:01<00:02, 158.89it/s]
Training (loss=2.7139):  33%|███████████▊                        | 170/517 [00:01<00:02, 158.89it/s]
Training (loss=2.7139):  36%|█████████████                       | 187/517 [00:01<00:02, 160.94it/s]
Training (loss=2.6720):  36%|█████████████                       | 187/517 [00:01<00:02, 160.94it/s]
Training (loss=2.7155):  36%|█████████████                       | 187/517 [00:01<00:02, 160.94it/s]
Training (loss=2.5057):  36%|█████████████                       | 187/517 [00:01<00:02, 160.94it/s]
Training (loss=3.1646):  36%|█████████████                       | 187/517 [00:01<00:02, 160.94it/s]
Training (loss=2.9958):  36%|█████████████                       | 187/517 [00:01<00:02, 160.94it/s]
Training (loss=2.5112):  36%|█████████████                       | 187/517 [00:01<00:02, 160.94it/s]
Training (loss=2.7937):  36%|█████████████                       | 187/517 [00:01<00:02, 160.94it/s]
Training (loss=2.6228):  36%|█████████████                       | 187/517 [00:01<00:02, 160.94it/s]
Training (loss=2.4349):  36%|█████████████                       | 187/517 [00:01<00:02, 160.94it/s]
Training (loss=2.5361):  36%|█████████████                       | 187/517 [00:01<00:02, 160.94it/s]
Training (loss=2.4768):  36%|█████████████                       | 187/517 [00:01<00:02, 160.94it/s]
Training (loss=2.9353):  36%|█████████████                       | 187/517 [00:01<00:02, 160.94it/s]
Training (loss=2.8046):  36%|█████████████                       | 187/517 [00:01<00:02, 160.94it/s]
Training (loss=2.5949):  36%|█████████████                       | 187/517 [00:01<00:02, 160.94it/s]
Training (loss=2.3736):  36%|█████████████                       | 187/517 [00:01<00:02, 160.94it/s]
Training (loss=2.6956):  36%|█████████████                       | 187/517 [00:01<00:02, 160.94it/s]
Training (loss=2.6024):  36%|█████████████                       | 187/517 [00:01<00:02, 160.94it/s]
Training (loss=2.8788):  36%|█████████████                       | 187/517 [00:01<00:02, 160.94it/s]
Training (loss=2.8788):  40%|██████████████▎                     | 205/517 [00:01<00:01, 164.22it/s]
Training (loss=2.4096):  40%|██████████████▎                     | 205/517 [00:01<00:01, 164.22it/s]
Training (loss=2.6829):  40%|██████████████▎                     | 205/517 [00:01<00:01, 164.22it/s]
Training (loss=2.8273):  40%|██████████████▎                     | 205/517 [00:01<00:01, 164.22it/s]
Training (loss=2.5402):  40%|██████████████▎                     | 205/517 [00:01<00:01, 164.22it/s]
Training (loss=2.5678):  40%|██████████████▎                     | 205/517 [00:01<00:01, 164.22it/s]
Training (loss=2.6099):  40%|██████████████▎                     | 205/517 [00:01<00:01, 164.22it/s]
Training (loss=2.6318):  40%|██████████████▎                     | 205/517 [00:01<00:01, 164.22it/s]
Training (loss=2.6009):  40%|██████████████▎                     | 205/517 [00:01<00:01, 164.22it/s]
Training (loss=2.7078):  40%|██████████████▎                     | 205/517 [00:01<00:01, 164.22it/s]
Training (loss=2.6211):  40%|██████████████▎                     | 205/517 [00:01<00:01, 164.22it/s]
Training (loss=2.7767):  40%|██████████████▎                     | 205/517 [00:01<00:01, 164.22it/s]
Training (loss=2.5955):  40%|██████████████▎                     | 205/517 [00:01<00:01, 164.22it/s]
Training (loss=2.5183):  40%|██████████████▎                     | 205/517 [00:01<00:01, 164.22it/s]
Training (loss=2.8205):  40%|██████████████▎                     | 205/517 [00:01<00:01, 164.22it/s]
Training (loss=2.8596):  40%|██████████████▎                     | 205/517 [00:01<00:01, 164.22it/s]
Training (loss=2.7045):  40%|██████████████▎                     | 205/517 [00:01<00:01, 164.22it/s]
Training (loss=2.8110):  40%|██████████████▎                     | 205/517 [00:01<00:01, 164.22it/s]
Training (loss=2.8110):  43%|███████████████▍                    | 222/517 [00:01<00:01, 159.87it/s]
Training (loss=2.9414):  43%|███████████████▍                    | 222/517 [00:01<00:01, 159.87it/s]
Training (loss=2.5895):  43%|███████████████▍                    | 222/517 [00:01<00:01, 159.87it/s]
Training (loss=2.7042):  43%|███████████████▍                    | 222/517 [00:01<00:01, 159.87it/s]
Training (loss=2.6655):  43%|███████████████▍                    | 222/517 [00:01<00:01, 159.87it/s]
Training (loss=2.5805):  43%|███████████████▍                    | 222/517 [00:01<00:01, 159.87it/s]
Training (loss=2.5828):  43%|███████████████▍                    | 222/517 [00:01<00:01, 159.87it/s]
Training (loss=2.6451):  43%|███████████████▍                    | 222/517 [00:01<00:01, 159.87it/s]
Training (loss=2.6832):  43%|███████████████▍                    | 222/517 [00:01<00:01, 159.87it/s]
Training (loss=2.6236):  43%|███████████████▍                    | 222/517 [00:01<00:01, 159.87it/s]
Training (loss=2.6275):  43%|███████████████▍                    | 222/517 [00:01<00:01, 159.87it/s]
Training (loss=2.5783):  43%|███████████████▍                    | 222/517 [00:01<00:01, 159.87it/s]
Training (loss=2.6842):  43%|███████████████▍                    | 222/517 [00:01<00:01, 159.87it/s]
Training (loss=2.5787):  43%|███████████████▍                    | 222/517 [00:01<00:01, 159.87it/s]
Training (loss=2.7032):  43%|███████████████▍                    | 222/517 [00:01<00:01, 159.87it/s]
Training (loss=2.9274):  43%|███████████████▍                    | 222/517 [00:01<00:01, 159.87it/s]
Training (loss=2.7914):  43%|███████████████▍                    | 222/517 [00:01<00:01, 159.87it/s]
Training (loss=2.5279):  43%|███████████████▍                    | 222/517 [00:01<00:01, 159.87it/s]
Training (loss=2.5279):  46%|████████████████▋                   | 239/517 [00:01<00:01, 161.01it/s]
Training (loss=2.6228):  46%|████████████████▋                   | 239/517 [00:01<00:01, 161.01it/s]
Training (loss=2.6088):  46%|████████████████▋                   | 239/517 [00:01<00:01, 161.01it/s]
Training (loss=2.7084):  46%|████████████████▋                   | 239/517 [00:01<00:01, 161.01it/s]
Training (loss=2.7208):  46%|████████████████▋                   | 239/517 [00:01<00:01, 161.01it/s]
Training (loss=2.7575):  46%|████████████████▋                   | 239/517 [00:01<00:01, 161.01it/s]
Training (loss=2.7103):  46%|████████████████▋                   | 239/517 [00:01<00:01, 161.01it/s]
Training (loss=2.7308):  46%|████████████████▋                   | 239/517 [00:01<00:01, 161.01it/s]
Training (loss=2.5822):  46%|████████████████▋                   | 239/517 [00:01<00:01, 161.01it/s]
Training (loss=2.6072):  46%|████████████████▋                   | 239/517 [00:01<00:01, 161.01it/s]
Training (loss=2.5256):  46%|████████████████▋                   | 239/517 [00:01<00:01, 161.01it/s]
Training (loss=2.7334):  46%|████████████████▋                   | 239/517 [00:01<00:01, 161.01it/s]
Training (loss=2.5785):  46%|████████████████▋                   | 239/517 [00:01<00:01, 161.01it/s]
Training (loss=2.6554):  46%|████████████████▋                   | 239/517 [00:01<00:01, 161.01it/s]
Training (loss=2.5789):  46%|████████████████▋                   | 239/517 [00:01<00:01, 161.01it/s]
Training (loss=2.5094):  46%|████████████████▋                   | 239/517 [00:01<00:01, 161.01it/s]
Training (loss=2.3507):  46%|████████████████▋                   | 239/517 [00:01<00:01, 161.01it/s]
Training (loss=2.6714):  46%|████████████████▋                   | 239/517 [00:01<00:01, 161.01it/s]
Training (loss=2.6714):  50%|█████████████████▊                  | 256/517 [00:01<00:01, 163.09it/s]
Training (loss=2.4721):  50%|█████████████████▊                  | 256/517 [00:01<00:01, 163.09it/s]
Training (loss=2.6326):  50%|█████████████████▊                  | 256/517 [00:01<00:01, 163.09it/s]
Training (loss=2.5751):  50%|█████████████████▊                  | 256/517 [00:01<00:01, 163.09it/s]
Training (loss=2.6866):  50%|█████████████████▊                  | 256/517 [00:01<00:01, 163.09it/s]
Training (loss=2.4887):  50%|█████████████████▊                  | 256/517 [00:01<00:01, 163.09it/s]
Training (loss=2.5115):  50%|█████████████████▊                  | 256/517 [00:01<00:01, 163.09it/s]
Training (loss=2.5161):  50%|█████████████████▊                  | 256/517 [00:01<00:01, 163.09it/s]
Training (loss=2.5150):  50%|█████████████████▊                  | 256/517 [00:01<00:01, 163.09it/s]
Training (loss=2.5899):  50%|█████████████████▊                  | 256/517 [00:01<00:01, 163.09it/s]
Training (loss=2.9336):  50%|█████████████████▊                  | 256/517 [00:01<00:01, 163.09it/s]
Training (loss=2.7918):  50%|█████████████████▊                  | 256/517 [00:01<00:01, 163.09it/s]
Training (loss=2.6034):  50%|█████████████████▊                  | 256/517 [00:01<00:01, 163.09it/s]
Training (loss=2.6205):  50%|█████████████████▊                  | 256/517 [00:01<00:01, 163.09it/s]
Training (loss=2.8260):  50%|█████████████████▊                  | 256/517 [00:01<00:01, 163.09it/s]
Training (loss=2.6762):  50%|█████████████████▊                  | 256/517 [00:01<00:01, 163.09it/s]
Training (loss=2.7201):  50%|█████████████████▊                  | 256/517 [00:01<00:01, 163.09it/s]
Training (loss=2.6060):  50%|█████████████████▊                  | 256/517 [00:01<00:01, 163.09it/s]
Training (loss=2.6356):  50%|█████████████████▊                  | 256/517 [00:01<00:01, 163.09it/s]
Training (loss=2.6356):  53%|███████████████████                 | 274/517 [00:01<00:01, 165.80it/s]
Training (loss=2.7070):  53%|███████████████████                 | 274/517 [00:01<00:01, 165.80it/s]
Training (loss=2.5377):  53%|███████████████████                 | 274/517 [00:01<00:01, 165.80it/s]
Training (loss=2.6893):  53%|███████████████████                 | 274/517 [00:01<00:01, 165.80it/s]
Training (loss=2.6708):  53%|███████████████████                 | 274/517 [00:01<00:01, 165.80it/s]
Training (loss=2.6623):  53%|███████████████████                 | 274/517 [00:01<00:01, 165.80it/s]
Training (loss=2.7711):  53%|███████████████████                 | 274/517 [00:01<00:01, 165.80it/s]
Training (loss=2.6692):  53%|███████████████████                 | 274/517 [00:01<00:01, 165.80it/s]
Training (loss=2.4438):  53%|███████████████████                 | 274/517 [00:01<00:01, 165.80it/s]
Training (loss=2.5669):  53%|███████████████████                 | 274/517 [00:01<00:01, 165.80it/s]
Training (loss=2.8239):  53%|███████████████████                 | 274/517 [00:01<00:01, 165.80it/s]
Training (loss=2.6603):  53%|███████████████████                 | 274/517 [00:01<00:01, 165.80it/s]
Training (loss=2.6526):  53%|███████████████████                 | 274/517 [00:01<00:01, 165.80it/s]
Training (loss=2.6530):  53%|███████████████████                 | 274/517 [00:01<00:01, 165.80it/s]
Training (loss=2.7441):  53%|███████████████████                 | 274/517 [00:01<00:01, 165.80it/s]
Training (loss=2.6603):  53%|███████████████████                 | 274/517 [00:01<00:01, 165.80it/s]
Training (loss=2.5503):  53%|███████████████████                 | 274/517 [00:01<00:01, 165.80it/s]
Training (loss=2.4906):  53%|███████████████████                 | 274/517 [00:01<00:01, 165.80it/s]
Training (loss=2.6328):  53%|███████████████████                 | 274/517 [00:01<00:01, 165.80it/s]
Training (loss=2.6328):  56%|████████████████████▎               | 292/517 [00:01<00:01, 168.85it/s]
Training (loss=2.7141):  56%|████████████████████▎               | 292/517 [00:01<00:01, 168.85it/s]
Training (loss=2.6639):  56%|████████████████████▎               | 292/517 [00:01<00:01, 168.85it/s]
Training (loss=2.7895):  56%|████████████████████▎               | 292/517 [00:01<00:01, 168.85it/s]
Training (loss=2.5603):  56%|████████████████████▎               | 292/517 [00:01<00:01, 168.85it/s]
Training (loss=2.4316):  56%|████████████████████▎               | 292/517 [00:01<00:01, 168.85it/s]
Training (loss=2.6313):  56%|████████████████████▎               | 292/517 [00:01<00:01, 168.85it/s]
Training (loss=2.8334):  56%|████████████████████▎               | 292/517 [00:01<00:01, 168.85it/s]
Training (loss=2.6447):  56%|████████████████████▎               | 292/517 [00:01<00:01, 168.85it/s]
Training (loss=2.7146):  56%|████████████████████▎               | 292/517 [00:01<00:01, 168.85it/s]
Training (loss=2.4467):  56%|████████████████████▎               | 292/517 [00:01<00:01, 168.85it/s]
Training (loss=2.4380):  56%|████████████████████▎               | 292/517 [00:02<00:01, 168.85it/s]
Training (loss=2.6110):  56%|████████████████████▎               | 292/517 [00:02<00:01, 168.85it/s]
Training (loss=2.6199):  56%|████████████████████▎               | 292/517 [00:02<00:01, 168.85it/s]
Training (loss=2.6284):  56%|████████████████████▎               | 292/517 [00:02<00:01, 168.85it/s]
Training (loss=2.6789):  56%|████████████████████▎               | 292/517 [00:02<00:01, 168.85it/s]
Training (loss=2.5460):  56%|████████████████████▎               | 292/517 [00:02<00:01, 168.85it/s]
Training (loss=2.6722):  56%|████████████████████▎               | 292/517 [00:02<00:01, 168.85it/s]
Training (loss=2.6722):  60%|█████████████████████▌              | 309/517 [00:02<00:01, 167.37it/s]
Training (loss=2.7230):  60%|█████████████████████▌              | 309/517 [00:02<00:01, 167.37it/s]
Training (loss=2.6526):  60%|█████████████████████▌              | 309/517 [00:02<00:01, 167.37it/s]
Training (loss=2.3779):  60%|█████████████████████▌              | 309/517 [00:02<00:01, 167.37it/s]
Training (loss=2.5751):  60%|█████████████████████▌              | 309/517 [00:02<00:01, 167.37it/s]
Training (loss=2.8077):  60%|█████████████████████▌              | 309/517 [00:02<00:01, 167.37it/s]
Training (loss=2.7323):  60%|█████████████████████▌              | 309/517 [00:02<00:01, 167.37it/s]
Training (loss=2.5571):  60%|█████████████████████▌              | 309/517 [00:02<00:01, 167.37it/s]
Training (loss=2.6365):  60%|█████████████████████▌              | 309/517 [00:02<00:01, 167.37it/s]
Training (loss=2.5457):  60%|█████████████████████▌              | 309/517 [00:02<00:01, 167.37it/s]
Training (loss=2.6650):  60%|█████████████████████▌              | 309/517 [00:02<00:01, 167.37it/s]
Training (loss=2.6466):  60%|█████████████████████▌              | 309/517 [00:02<00:01, 167.37it/s]
Training (loss=2.6665):  60%|█████████████████████▌              | 309/517 [00:02<00:01, 167.37it/s]
Training (loss=2.6183):  60%|█████████████████████▌              | 309/517 [00:02<00:01, 167.37it/s]
Training (loss=2.7825):  60%|█████████████████████▌              | 309/517 [00:02<00:01, 167.37it/s]
Training (loss=2.6392):  60%|█████████████████████▌              | 309/517 [00:02<00:01, 167.37it/s]
Training (loss=2.7281):  60%|█████████████████████▌              | 309/517 [00:02<00:01, 167.37it/s]
Training (loss=2.6534):  60%|█████████████████████▌              | 309/517 [00:02<00:01, 167.37it/s]
Training (loss=2.6534):  63%|██████████████████████▋             | 326/517 [00:02<00:01, 164.03it/s]
Training (loss=2.6430):  63%|██████████████████████▋             | 326/517 [00:02<00:01, 164.03it/s]
Training (loss=2.6286):  63%|██████████████████████▋             | 326/517 [00:02<00:01, 164.03it/s]
Training (loss=2.5856):  63%|██████████████████████▋             | 326/517 [00:02<00:01, 164.03it/s]
Training (loss=2.6645):  63%|██████████████████████▋             | 326/517 [00:02<00:01, 164.03it/s]
Training (loss=2.7265):  63%|██████████████████████▋             | 326/517 [00:02<00:01, 164.03it/s]
Training (loss=2.6353):  63%|██████████████████████▋             | 326/517 [00:02<00:01, 164.03it/s]
Training (loss=2.6842):  63%|██████████████████████▋             | 326/517 [00:02<00:01, 164.03it/s]
Training (loss=2.5039):  63%|██████████████████████▋             | 326/517 [00:02<00:01, 164.03it/s]
Training (loss=2.6719):  63%|██████████████████████▋             | 326/517 [00:02<00:01, 164.03it/s]
Training (loss=2.5715):  63%|██████████████████████▋             | 326/517 [00:02<00:01, 164.03it/s]
Training (loss=2.6393):  63%|██████████████████████▋             | 326/517 [00:02<00:01, 164.03it/s]
Training (loss=2.7856):  63%|██████████████████████▋             | 326/517 [00:02<00:01, 164.03it/s]
Training (loss=2.6433):  63%|██████████████████████▋             | 326/517 [00:02<00:01, 164.03it/s]
Training (loss=2.7905):  63%|██████████████████████▋             | 326/517 [00:02<00:01, 164.03it/s]
Training (loss=2.7494):  63%|██████████████████████▋             | 326/517 [00:02<00:01, 164.03it/s]
Training (loss=2.6538):  63%|██████████████████████▋             | 326/517 [00:02<00:01, 164.03it/s]
Training (loss=2.7701):  63%|██████████████████████▋             | 326/517 [00:02<00:01, 164.03it/s]
Training (loss=2.7701):  66%|███████████████████████▉            | 343/517 [00:02<00:01, 163.06it/s]
Training (loss=2.8279):  66%|███████████████████████▉            | 343/517 [00:02<00:01, 163.06it/s]
Training (loss=2.6854):  66%|███████████████████████▉            | 343/517 [00:02<00:01, 163.06it/s]
Training (loss=2.5428):  66%|███████████████████████▉            | 343/517 [00:02<00:01, 163.06it/s]
Training (loss=2.7169):  66%|███████████████████████▉            | 343/517 [00:02<00:01, 163.06it/s]
Training (loss=2.5733):  66%|███████████████████████▉            | 343/517 [00:02<00:01, 163.06it/s]
Training (loss=2.6484):  66%|███████████████████████▉            | 343/517 [00:02<00:01, 163.06it/s]
Training (loss=2.5923):  66%|███████████████████████▉            | 343/517 [00:02<00:01, 163.06it/s]
Training (loss=2.6294):  66%|███████████████████████▉            | 343/517 [00:02<00:01, 163.06it/s]
Training (loss=2.7511):  66%|███████████████████████▉            | 343/517 [00:02<00:01, 163.06it/s]
Training (loss=2.7122):  66%|███████████████████████▉            | 343/517 [00:02<00:01, 163.06it/s]
Training (loss=2.5185):  66%|███████████████████████▉            | 343/517 [00:02<00:01, 163.06it/s]
Training (loss=2.7442):  66%|███████████████████████▉            | 343/517 [00:02<00:01, 163.06it/s]
Training (loss=2.7731):  66%|███████████████████████▉            | 343/517 [00:02<00:01, 163.06it/s]
Training (loss=2.5899):  66%|███████████████████████▉            | 343/517 [00:02<00:01, 163.06it/s]
Training (loss=2.8254):  66%|███████████████████████▉            | 343/517 [00:02<00:01, 163.06it/s]
Training (loss=2.7051):  66%|███████████████████████▉            | 343/517 [00:02<00:01, 163.06it/s]
Training (loss=2.7327):  66%|███████████████████████▉            | 343/517 [00:02<00:01, 163.06it/s]
Training (loss=2.7327):  70%|█████████████████████████           | 360/517 [00:02<00:00, 163.45it/s]
Training (loss=2.5625):  70%|█████████████████████████           | 360/517 [00:02<00:00, 163.45it/s]
Training (loss=2.4878):  70%|█████████████████████████           | 360/517 [00:02<00:00, 163.45it/s]
Training (loss=2.7649):  70%|█████████████████████████           | 360/517 [00:02<00:00, 163.45it/s]
Training (loss=2.5640):  70%|█████████████████████████           | 360/517 [00:02<00:00, 163.45it/s]
Training (loss=2.6453):  70%|█████████████████████████           | 360/517 [00:02<00:00, 163.45it/s]
Training (loss=2.6815):  70%|█████████████████████████           | 360/517 [00:02<00:00, 163.45it/s]
Training (loss=2.5427):  70%|█████████████████████████           | 360/517 [00:02<00:00, 163.45it/s]
Training (loss=2.7470):  70%|█████████████████████████           | 360/517 [00:02<00:00, 163.45it/s]
Training (loss=2.5898):  70%|█████████████████████████           | 360/517 [00:02<00:00, 163.45it/s]
Training (loss=2.6727):  70%|█████████████████████████           | 360/517 [00:02<00:00, 163.45it/s]
Training (loss=2.5509):  70%|█████████████████████████           | 360/517 [00:02<00:00, 163.45it/s]
Training (loss=2.5910):  70%|█████████████████████████           | 360/517 [00:02<00:00, 163.45it/s]
Training (loss=2.5403):  70%|█████████████████████████           | 360/517 [00:02<00:00, 163.45it/s]
Training (loss=2.8498):  70%|█████████████████████████           | 360/517 [00:02<00:00, 163.45it/s]
Training (loss=2.6494):  70%|█████████████████████████           | 360/517 [00:02<00:00, 163.45it/s]
Training (loss=2.7441):  70%|█████████████████████████           | 360/517 [00:02<00:00, 163.45it/s]
Training (loss=2.5548):  70%|█████████████████████████           | 360/517 [00:02<00:00, 163.45it/s]
Training (loss=2.5548):  73%|██████████████████████████▎         | 377/517 [00:02<00:00, 163.72it/s]
Training (loss=2.5502):  73%|██████████████████████████▎         | 377/517 [00:02<00:00, 163.72it/s]
Training (loss=2.8540):  73%|██████████████████████████▎         | 377/517 [00:02<00:00, 163.72it/s]
Training (loss=2.4453):  73%|██████████████████████████▎         | 377/517 [00:02<00:00, 163.72it/s]
Training (loss=2.8376):  73%|██████████████████████████▎         | 377/517 [00:02<00:00, 163.72it/s]
Training (loss=2.5638):  73%|██████████████████████████▎         | 377/517 [00:02<00:00, 163.72it/s]
Training (loss=2.8394):  73%|██████████████████████████▎         | 377/517 [00:02<00:00, 163.72it/s]
Training (loss=2.6560):  73%|██████████████████████████▎         | 377/517 [00:02<00:00, 163.72it/s]
Training (loss=2.6729):  73%|██████████████████████████▎         | 377/517 [00:02<00:00, 163.72it/s]
Training (loss=2.6763):  73%|██████████████████████████▎         | 377/517 [00:02<00:00, 163.72it/s]
Training (loss=2.6254):  73%|██████████████████████████▎         | 377/517 [00:02<00:00, 163.72it/s]
Training (loss=2.5870):  73%|██████████████████████████▎         | 377/517 [00:02<00:00, 163.72it/s]
Training (loss=2.6375):  73%|██████████████████████████▎         | 377/517 [00:02<00:00, 163.72it/s]
Training (loss=2.6593):  73%|██████████████████████████▎         | 377/517 [00:02<00:00, 163.72it/s]
Training (loss=2.8543):  73%|██████████████████████████▎         | 377/517 [00:02<00:00, 163.72it/s]
Training (loss=2.6561):  73%|██████████████████████████▎         | 377/517 [00:02<00:00, 163.72it/s]
Training (loss=2.8744):  73%|██████████████████████████▎         | 377/517 [00:02<00:00, 163.72it/s]
Training (loss=2.7954):  73%|██████████████████████████▎         | 377/517 [00:02<00:00, 163.72it/s]
Training (loss=2.5266):  73%|██████████████████████████▎         | 377/517 [00:02<00:00, 163.72it/s]
Training (loss=2.5266):  76%|███████████████████████████▌        | 395/517 [00:02<00:00, 167.20it/s]
Training (loss=2.6309):  76%|███████████████████████████▌        | 395/517 [00:02<00:00, 167.20it/s]
Training (loss=2.6369):  76%|███████████████████████████▌        | 395/517 [00:02<00:00, 167.20it/s]
Training (loss=3.0291):  76%|███████████████████████████▌        | 395/517 [00:02<00:00, 167.20it/s]
Training (loss=2.6195):  76%|███████████████████████████▌        | 395/517 [00:02<00:00, 167.20it/s]
Training (loss=2.7088):  76%|███████████████████████████▌        | 395/517 [00:02<00:00, 167.20it/s]
Training (loss=2.5737):  76%|███████████████████████████▌        | 395/517 [00:02<00:00, 167.20it/s]
Training (loss=2.8210):  76%|███████████████████████████▌        | 395/517 [00:02<00:00, 167.20it/s]
Training (loss=2.7712):  76%|███████████████████████████▌        | 395/517 [00:02<00:00, 167.20it/s]
Training (loss=2.4957):  76%|███████████████████████████▌        | 395/517 [00:02<00:00, 167.20it/s]
Training (loss=2.4929):  76%|███████████████████████████▌        | 395/517 [00:02<00:00, 167.20it/s]
Training (loss=2.6322):  76%|███████████████████████████▌        | 395/517 [00:02<00:00, 167.20it/s]
Training (loss=3.0023):  76%|███████████████████████████▌        | 395/517 [00:02<00:00, 167.20it/s]
Training (loss=2.7332):  76%|███████████████████████████▌        | 395/517 [00:02<00:00, 167.20it/s]
Training (loss=2.7312):  76%|███████████████████████████▌        | 395/517 [00:02<00:00, 167.20it/s]
Training (loss=2.5021):  76%|███████████████████████████▌        | 395/517 [00:02<00:00, 167.20it/s]
Training (loss=2.6206):  76%|███████████████████████████▌        | 395/517 [00:02<00:00, 167.20it/s]
Training (loss=2.6735):  76%|███████████████████████████▌        | 395/517 [00:02<00:00, 167.20it/s]
Training (loss=2.5315):  76%|███████████████████████████▌        | 395/517 [00:02<00:00, 167.20it/s]
Training (loss=2.5315):  80%|████████████████████████████▊       | 413/517 [00:02<00:00, 169.69it/s]
Training (loss=2.8064):  80%|████████████████████████████▊       | 413/517 [00:02<00:00, 169.69it/s]
Training (loss=2.5894):  80%|████████████████████████████▊       | 413/517 [00:02<00:00, 169.69it/s]
Training (loss=2.4884):  80%|████████████████████████████▊       | 413/517 [00:02<00:00, 169.69it/s]
Training (loss=2.6212):  80%|████████████████████████████▊       | 413/517 [00:02<00:00, 169.69it/s]
Training (loss=2.7408):  80%|████████████████████████████▊       | 413/517 [00:02<00:00, 169.69it/s]
Training (loss=2.6894):  80%|████████████████████████████▊       | 413/517 [00:02<00:00, 169.69it/s]
Training (loss=2.6692):  80%|████████████████████████████▊       | 413/517 [00:02<00:00, 169.69it/s]
Training (loss=2.5979):  80%|████████████████████████████▊       | 413/517 [00:02<00:00, 169.69it/s]
Training (loss=2.4933):  80%|████████████████████████████▊       | 413/517 [00:02<00:00, 169.69it/s]
Training (loss=2.6322):  80%|████████████████████████████▊       | 413/517 [00:02<00:00, 169.69it/s]
Training (loss=2.7569):  80%|████████████████████████████▊       | 413/517 [00:02<00:00, 169.69it/s]
Training (loss=2.6338):  80%|████████████████████████████▊       | 413/517 [00:02<00:00, 169.69it/s]
Training (loss=2.6106):  80%|████████████████████████████▊       | 413/517 [00:02<00:00, 169.69it/s]
Training (loss=2.7310):  80%|████████████████████████████▊       | 413/517 [00:02<00:00, 169.69it/s]
Training (loss=2.6943):  80%|████████████████████████████▊       | 413/517 [00:02<00:00, 169.69it/s]
Training (loss=2.6929):  80%|████████████████████████████▊       | 413/517 [00:02<00:00, 169.69it/s]
Training (loss=2.7340):  80%|████████████████████████████▊       | 413/517 [00:02<00:00, 169.69it/s]
Training (loss=2.5283):  80%|████████████████████████████▊       | 413/517 [00:02<00:00, 169.69it/s]
Training (loss=2.5283):  83%|██████████████████████████████      | 431/517 [00:02<00:00, 171.96it/s]
Training (loss=2.5988):  83%|██████████████████████████████      | 431/517 [00:02<00:00, 171.96it/s]
Training (loss=2.6142):  83%|██████████████████████████████      | 431/517 [00:02<00:00, 171.96it/s]
Training (loss=2.6909):  83%|██████████████████████████████      | 431/517 [00:02<00:00, 171.96it/s]
Training (loss=2.6315):  83%|██████████████████████████████      | 431/517 [00:02<00:00, 171.96it/s]
Training (loss=2.6231):  83%|██████████████████████████████      | 431/517 [00:02<00:00, 171.96it/s]
Training (loss=2.6791):  83%|██████████████████████████████      | 431/517 [00:02<00:00, 171.96it/s]
Training (loss=2.8535):  83%|██████████████████████████████      | 431/517 [00:02<00:00, 171.96it/s]
Training (loss=2.8621):  83%|██████████████████████████████      | 431/517 [00:02<00:00, 171.96it/s]
Training (loss=2.6038):  83%|██████████████████████████████      | 431/517 [00:02<00:00, 171.96it/s]
Training (loss=2.6857):  83%|██████████████████████████████      | 431/517 [00:02<00:00, 171.96it/s]
Training (loss=2.6428):  83%|██████████████████████████████      | 431/517 [00:02<00:00, 171.96it/s]
Training (loss=2.5489):  83%|██████████████████████████████      | 431/517 [00:02<00:00, 171.96it/s]
Training (loss=2.8073):  83%|██████████████████████████████      | 431/517 [00:02<00:00, 171.96it/s]
Training (loss=2.6514):  83%|██████████████████████████████      | 431/517 [00:02<00:00, 171.96it/s]
Training (loss=2.7664):  83%|██████████████████████████████      | 431/517 [00:02<00:00, 171.96it/s]
Training (loss=2.6407):  83%|██████████████████████████████      | 431/517 [00:02<00:00, 171.96it/s]
Training (loss=2.5766):  83%|██████████████████████████████      | 431/517 [00:02<00:00, 171.96it/s]
Training (loss=2.5297):  83%|██████████████████████████████      | 431/517 [00:02<00:00, 171.96it/s]
Training (loss=2.5297):  87%|███████████████████████████████▎    | 449/517 [00:02<00:00, 173.76it/s]
Training (loss=2.6728):  87%|███████████████████████████████▎    | 449/517 [00:02<00:00, 173.76it/s]
Training (loss=2.7729):  87%|███████████████████████████████▎    | 449/517 [00:02<00:00, 173.76it/s]
Training (loss=2.7537):  87%|███████████████████████████████▎    | 449/517 [00:02<00:00, 173.76it/s]
Training (loss=2.6840):  87%|███████████████████████████████▎    | 449/517 [00:02<00:00, 173.76it/s]
Training (loss=2.5323):  87%|███████████████████████████████▎    | 449/517 [00:02<00:00, 173.76it/s]
Training (loss=2.7391):  87%|███████████████████████████████▎    | 449/517 [00:02<00:00, 173.76it/s]
Training (loss=3.0739):  87%|███████████████████████████████▎    | 449/517 [00:02<00:00, 173.76it/s]
Training (loss=2.7593):  87%|███████████████████████████████▎    | 449/517 [00:02<00:00, 173.76it/s]
Training (loss=2.6489):  87%|███████████████████████████████▎    | 449/517 [00:02<00:00, 173.76it/s]
Training (loss=2.6534):  87%|███████████████████████████████▎    | 449/517 [00:02<00:00, 173.76it/s]
Training (loss=2.5653):  87%|███████████████████████████████▎    | 449/517 [00:02<00:00, 173.76it/s]
Training (loss=2.6746):  87%|███████████████████████████████▎    | 449/517 [00:02<00:00, 173.76it/s]
Training (loss=2.6722):  87%|███████████████████████████████▎    | 449/517 [00:02<00:00, 173.76it/s]
Training (loss=2.6387):  87%|███████████████████████████████▎    | 449/517 [00:02<00:00, 173.76it/s]
Training (loss=2.8235):  87%|███████████████████████████████▎    | 449/517 [00:02<00:00, 173.76it/s]
Training (loss=2.6898):  87%|███████████████████████████████▎    | 449/517 [00:02<00:00, 173.76it/s]
Training (loss=2.4964):  87%|███████████████████████████████▎    | 449/517 [00:02<00:00, 173.76it/s]
Training (loss=2.5501):  87%|███████████████████████████████▎    | 449/517 [00:02<00:00, 173.76it/s]
Training (loss=2.5501):  90%|████████████████████████████████▌   | 467/517 [00:02<00:00, 172.25it/s]
Training (loss=2.6839):  90%|████████████████████████████████▌   | 467/517 [00:02<00:00, 172.25it/s]
Training (loss=2.6497):  90%|████████████████████████████████▌   | 467/517 [00:02<00:00, 172.25it/s]
Training (loss=2.6292):  90%|████████████████████████████████▌   | 467/517 [00:02<00:00, 172.25it/s]
Training (loss=2.5745):  90%|████████████████████████████████▌   | 467/517 [00:03<00:00, 172.25it/s]
Training (loss=2.6016):  90%|████████████████████████████████▌   | 467/517 [00:03<00:00, 172.25it/s]
Training (loss=2.9724):  90%|████████████████████████████████▌   | 467/517 [00:03<00:00, 172.25it/s]
Training (loss=2.7670):  90%|████████████████████████████████▌   | 467/517 [00:03<00:00, 172.25it/s]
Training (loss=2.7394):  90%|████████████████████████████████▌   | 467/517 [00:03<00:00, 172.25it/s]
Training (loss=2.6082):  90%|████████████████████████████████▌   | 467/517 [00:03<00:00, 172.25it/s]
Training (loss=2.5919):  90%|████████████████████████████████▌   | 467/517 [00:03<00:00, 172.25it/s]
Training (loss=2.6856):  90%|████████████████████████████████▌   | 467/517 [00:03<00:00, 172.25it/s]
Training (loss=2.7765):  90%|████████████████████████████████▌   | 467/517 [00:03<00:00, 172.25it/s]
Training (loss=2.5838):  90%|████████████████████████████████▌   | 467/517 [00:03<00:00, 172.25it/s]
Training (loss=2.7131):  90%|████████████████████████████████▌   | 467/517 [00:03<00:00, 172.25it/s]
Training (loss=2.6554):  90%|████████████████████████████████▌   | 467/517 [00:03<00:00, 172.25it/s]
Training (loss=2.5345):  90%|████████████████████████████████▌   | 467/517 [00:03<00:00, 172.25it/s]
Training (loss=2.8185):  90%|████████████████████████████████▌   | 467/517 [00:03<00:00, 172.25it/s]
Training (loss=2.7147):  90%|████████████████████████████████▌   | 467/517 [00:03<00:00, 172.25it/s]
Training (loss=2.7147):  94%|█████████████████████████████████▊  | 485/517 [00:03<00:00, 171.57it/s]
Training (loss=2.5209):  94%|█████████████████████████████████▊  | 485/517 [00:03<00:00, 171.57it/s]
Training (loss=2.6536):  94%|█████████████████████████████████▊  | 485/517 [00:03<00:00, 171.57it/s]
Training (loss=2.6188):  94%|█████████████████████████████████▊  | 485/517 [00:03<00:00, 171.57it/s]
Training (loss=2.5424):  94%|█████████████████████████████████▊  | 485/517 [00:03<00:00, 171.57it/s]
Training (loss=2.4506):  94%|█████████████████████████████████▊  | 485/517 [00:03<00:00, 171.57it/s]
Training (loss=2.5296):  94%|█████████████████████████████████▊  | 485/517 [00:03<00:00, 171.57it/s]
Training (loss=2.6311):  94%|█████████████████████████████████▊  | 485/517 [00:03<00:00, 171.57it/s]
Training (loss=2.6616):  94%|█████████████████████████████████▊  | 485/517 [00:03<00:00, 171.57it/s]
Training (loss=2.5456):  94%|█████████████████████████████████▊  | 485/517 [00:03<00:00, 171.57it/s]
Training (loss=2.7150):  94%|█████████████████████████████████▊  | 485/517 [00:03<00:00, 171.57it/s]
Training (loss=2.5320):  94%|█████████████████████████████████▊  | 485/517 [00:03<00:00, 171.57it/s]
Training (loss=2.6618):  94%|█████████████████████████████████▊  | 485/517 [00:03<00:00, 171.57it/s]
Training (loss=2.6803):  94%|█████████████████████████████████▊  | 485/517 [00:03<00:00, 171.57it/s]
Training (loss=2.6476):  94%|█████████████████████████████████▊  | 485/517 [00:03<00:00, 171.57it/s]
Training (loss=2.4898):  94%|█████████████████████████████████▊  | 485/517 [00:03<00:00, 171.57it/s]
Training (loss=2.7248):  94%|█████████████████████████████████▊  | 485/517 [00:03<00:00, 171.57it/s]
Training (loss=2.6013):  94%|█████████████████████████████████▊  | 485/517 [00:03<00:00, 171.57it/s]
Training (loss=2.7348):  94%|█████████████████████████████████▊  | 485/517 [00:03<00:00, 171.57it/s]
Training (loss=2.7348):  97%|███████████████████████████████████ | 503/517 [00:03<00:00, 171.16it/s]
Training (loss=2.6108):  97%|███████████████████████████████████ | 503/517 [00:03<00:00, 171.16it/s]
Training (loss=2.8848):  97%|███████████████████████████████████ | 503/517 [00:03<00:00, 171.16it/s]
Training (loss=2.6592):  97%|███████████████████████████████████ | 503/517 [00:03<00:00, 171.16it/s]
Training (loss=2.7528):  97%|███████████████████████████████████ | 503/517 [00:03<00:00, 171.16it/s]
Training (loss=2.8381):  97%|███████████████████████████████████ | 503/517 [00:03<00:00, 171.16it/s]
Training (loss=2.6570):  97%|███████████████████████████████████ | 503/517 [00:03<00:00, 171.16it/s]
Training (loss=2.7446):  97%|███████████████████████████████████ | 503/517 [00:03<00:00, 171.16it/s]
Training (loss=2.6929):  97%|███████████████████████████████████ | 503/517 [00:03<00:00, 171.16it/s]
Training (loss=2.7291):  97%|███████████████████████████████████ | 503/517 [00:03<00:00, 171.16it/s]
Training (loss=2.5175):  97%|███████████████████████████████████ | 503/517 [00:03<00:00, 171.16it/s]
Training (loss=2.3822):  97%|███████████████████████████████████ | 503/517 [00:03<00:00, 171.16it/s]
Training (loss=2.7193):  97%|███████████████████████████████████ | 503/517 [00:03<00:00, 171.16it/s]
Training (loss=2.7646):  97%|███████████████████████████████████ | 503/517 [00:03<00:00, 171.16it/s]
Training (loss=2.7487):  97%|███████████████████████████████████ | 503/517 [00:03<00:00, 171.16it/s]
Training (loss=2.7487): 100%|████████████████████████████████████| 517/517 [00:03<00:00, 153.96it/s]
Evaluating on validation set...
Validation loss: 2.6649
Epoch 2/5 - Train loss: 2.6578, Val loss: 2.6649

Epoch 3/5

Training:   0%|                                                             | 0/517 [00:00<?, ?it/s]
Training (loss=2.4004):   0%|                                               | 0/517 [00:00<?, ?it/s]
Training (loss=2.4004):   0%|                                       | 1/517 [00:00<01:14,  6.91it/s]
Training (loss=2.7446):   0%|                                       | 1/517 [00:00<01:14,  6.91it/s]
Training (loss=3.0373):   0%|                                       | 1/517 [00:00<01:14,  6.91it/s]
Training (loss=2.6323):   0%|                                       | 1/517 [00:00<01:14,  6.91it/s]
Training (loss=2.5885):   0%|                                       | 1/517 [00:00<01:14,  6.91it/s]
Training (loss=2.4917):   0%|                                       | 1/517 [00:00<01:14,  6.91it/s]
Training (loss=2.7370):   0%|                                       | 1/517 [00:00<01:14,  6.91it/s]
Training (loss=2.5949):   0%|                                       | 1/517 [00:00<01:14,  6.91it/s]
Training (loss=2.6272):   0%|                                       | 1/517 [00:00<01:14,  6.91it/s]
Training (loss=2.5043):   0%|                                       | 1/517 [00:00<01:14,  6.91it/s]
Training (loss=2.4742):   0%|                                       | 1/517 [00:00<01:14,  6.91it/s]
Training (loss=2.6055):   0%|                                       | 1/517 [00:00<01:14,  6.91it/s]
Training (loss=2.7532):   0%|                                       | 1/517 [00:00<01:14,  6.91it/s]
Training (loss=2.4585):   0%|                                       | 1/517 [00:00<01:14,  6.91it/s]
Training (loss=2.6460):   0%|                                       | 1/517 [00:00<01:14,  6.91it/s]
Training (loss=2.5570):   0%|                                       | 1/517 [00:00<01:14,  6.91it/s]
Training (loss=2.5570):   3%|█▏                                    | 16/517 [00:00<00:06, 75.30it/s]
Training (loss=2.5059):   3%|█▏                                    | 16/517 [00:00<00:06, 75.30it/s]
Training (loss=2.6313):   3%|█▏                                    | 16/517 [00:00<00:06, 75.30it/s]
Training (loss=2.6543):   3%|█▏                                    | 16/517 [00:00<00:06, 75.30it/s]
Training (loss=2.5607):   3%|█▏                                    | 16/517 [00:00<00:06, 75.30it/s]
Training (loss=2.8005):   3%|█▏                                    | 16/517 [00:00<00:06, 75.30it/s]
Training (loss=2.5842):   3%|█▏                                    | 16/517 [00:00<00:06, 75.30it/s]
Training (loss=2.6264):   3%|█▏                                    | 16/517 [00:00<00:06, 75.30it/s]
Training (loss=2.5208):   3%|█▏                                    | 16/517 [00:00<00:06, 75.30it/s]
Training (loss=2.5302):   3%|█▏                                    | 16/517 [00:00<00:06, 75.30it/s]
Training (loss=2.6810):   3%|█▏                                    | 16/517 [00:00<00:06, 75.30it/s]
Training (loss=2.5079):   3%|█▏                                    | 16/517 [00:00<00:06, 75.30it/s]
Training (loss=2.6330):   3%|█▏                                    | 16/517 [00:00<00:06, 75.30it/s]
Training (loss=2.7395):   3%|█▏                                    | 16/517 [00:00<00:06, 75.30it/s]
Training (loss=2.7473):   3%|█▏                                    | 16/517 [00:00<00:06, 75.30it/s]
Training (loss=2.5493):   3%|█▏                                    | 16/517 [00:00<00:06, 75.30it/s]
Training (loss=2.4518):   3%|█▏                                    | 16/517 [00:00<00:06, 75.30it/s]
Training (loss=2.4518):   6%|██▎                                  | 32/517 [00:00<00:04, 109.65it/s]
Training (loss=2.5326):   6%|██▎                                  | 32/517 [00:00<00:04, 109.65it/s]
Training (loss=2.6595):   6%|██▎                                  | 32/517 [00:00<00:04, 109.65it/s]
Training (loss=2.6726):   6%|██▎                                  | 32/517 [00:00<00:04, 109.65it/s]
Training (loss=2.7703):   6%|██▎                                  | 32/517 [00:00<00:04, 109.65it/s]
Training (loss=2.7076):   6%|██▎                                  | 32/517 [00:00<00:04, 109.65it/s]
Training (loss=2.7906):   6%|██▎                                  | 32/517 [00:00<00:04, 109.65it/s]
Training (loss=2.5830):   6%|██▎                                  | 32/517 [00:00<00:04, 109.65it/s]
Training (loss=2.7545):   6%|██▎                                  | 32/517 [00:00<00:04, 109.65it/s]
Training (loss=2.3220):   6%|██▎                                  | 32/517 [00:00<00:04, 109.65it/s]
Training (loss=2.5968):   6%|██▎                                  | 32/517 [00:00<00:04, 109.65it/s]
Training (loss=2.5668):   6%|██▎                                  | 32/517 [00:00<00:04, 109.65it/s]
Training (loss=2.6318):   6%|██▎                                  | 32/517 [00:00<00:04, 109.65it/s]
Training (loss=2.5850):   6%|██▎                                  | 32/517 [00:00<00:04, 109.65it/s]
Training (loss=2.6444):   6%|██▎                                  | 32/517 [00:00<00:04, 109.65it/s]
Training (loss=2.4952):   6%|██▎                                  | 32/517 [00:00<00:04, 109.65it/s]
Training (loss=2.5245):   6%|██▎                                  | 32/517 [00:00<00:04, 109.65it/s]
Training (loss=2.7050):   6%|██▎                                  | 32/517 [00:00<00:04, 109.65it/s]
Training (loss=2.6947):   6%|██▎                                  | 32/517 [00:00<00:04, 109.65it/s]
Training (loss=2.6947):  10%|███▌                                 | 50/517 [00:00<00:03, 133.87it/s]
Training (loss=2.5748):  10%|███▌                                 | 50/517 [00:00<00:03, 133.87it/s]
Training (loss=2.7927):  10%|███▌                                 | 50/517 [00:00<00:03, 133.87it/s]
Training (loss=2.5430):  10%|███▌                                 | 50/517 [00:00<00:03, 133.87it/s]
Training (loss=2.8940):  10%|███▌                                 | 50/517 [00:00<00:03, 133.87it/s]
Training (loss=2.5496):  10%|███▌                                 | 50/517 [00:00<00:03, 133.87it/s]
Training (loss=2.6684):  10%|███▌                                 | 50/517 [00:00<00:03, 133.87it/s]
Training (loss=2.6630):  10%|███▌                                 | 50/517 [00:00<00:03, 133.87it/s]
Training (loss=2.7167):  10%|███▌                                 | 50/517 [00:00<00:03, 133.87it/s]
Training (loss=2.6918):  10%|███▌                                 | 50/517 [00:00<00:03, 133.87it/s]
Training (loss=2.6925):  10%|███▌                                 | 50/517 [00:00<00:03, 133.87it/s]
Training (loss=2.5468):  10%|███▌                                 | 50/517 [00:00<00:03, 133.87it/s]
Training (loss=2.5899):  10%|███▌                                 | 50/517 [00:00<00:03, 133.87it/s]
Training (loss=2.6150):  10%|███▌                                 | 50/517 [00:00<00:03, 133.87it/s]
Training (loss=2.6727):  10%|███▌                                 | 50/517 [00:00<00:03, 133.87it/s]
Training (loss=2.7176):  10%|███▌                                 | 50/517 [00:00<00:03, 133.87it/s]
Training (loss=2.6334):  10%|███▌                                 | 50/517 [00:00<00:03, 133.87it/s]
Training (loss=2.5292):  10%|███▌                                 | 50/517 [00:00<00:03, 133.87it/s]
Training (loss=2.6953):  10%|███▌                                 | 50/517 [00:00<00:03, 133.87it/s]
Training (loss=2.6953):  13%|████▊                                | 68/517 [00:00<00:03, 147.99it/s]
Training (loss=2.6000):  13%|████▊                                | 68/517 [00:00<00:03, 147.99it/s]
Training (loss=2.5586):  13%|████▊                                | 68/517 [00:00<00:03, 147.99it/s]
Training (loss=2.5183):  13%|████▊                                | 68/517 [00:00<00:03, 147.99it/s]
Training (loss=2.4567):  13%|████▊                                | 68/517 [00:00<00:03, 147.99it/s]
Training (loss=2.5941):  13%|████▊                                | 68/517 [00:00<00:03, 147.99it/s]
Training (loss=3.0055):  13%|████▊                                | 68/517 [00:00<00:03, 147.99it/s]
Training (loss=2.5444):  13%|████▊                                | 68/517 [00:00<00:03, 147.99it/s]
Training (loss=2.5478):  13%|████▊                                | 68/517 [00:00<00:03, 147.99it/s]
Training (loss=2.5375):  13%|████▊                                | 68/517 [00:00<00:03, 147.99it/s]
Training (loss=2.6475):  13%|████▊                                | 68/517 [00:00<00:03, 147.99it/s]
Training (loss=2.6993):  13%|████▊                                | 68/517 [00:00<00:03, 147.99it/s]
Training (loss=2.8969):  13%|████▊                                | 68/517 [00:00<00:03, 147.99it/s]
Training (loss=2.5461):  13%|████▊                                | 68/517 [00:00<00:03, 147.99it/s]
Training (loss=2.6738):  13%|████▊                                | 68/517 [00:00<00:03, 147.99it/s]
Training (loss=2.4961):  13%|████▊                                | 68/517 [00:00<00:03, 147.99it/s]
Training (loss=2.6588):  13%|████▊                                | 68/517 [00:00<00:03, 147.99it/s]
Training (loss=2.6109):  13%|████▊                                | 68/517 [00:00<00:03, 147.99it/s]
Training (loss=2.6263):  13%|████▊                                | 68/517 [00:00<00:03, 147.99it/s]
Training (loss=2.5663):  13%|████▊                                | 68/517 [00:00<00:03, 147.99it/s]
Training (loss=2.5663):  17%|██████▏                              | 87/517 [00:00<00:02, 159.93it/s]
Training (loss=2.5993):  17%|██████▏                              | 87/517 [00:00<00:02, 159.93it/s]
Training (loss=2.5533):  17%|██████▏                              | 87/517 [00:00<00:02, 159.93it/s]
Training (loss=2.4306):  17%|██████▏                              | 87/517 [00:00<00:02, 159.93it/s]
Training (loss=2.7729):  17%|██████▏                              | 87/517 [00:00<00:02, 159.93it/s]
Training (loss=2.5120):  17%|██████▏                              | 87/517 [00:00<00:02, 159.93it/s]
Training (loss=2.4837):  17%|██████▏                              | 87/517 [00:00<00:02, 159.93it/s]
Training (loss=2.6358):  17%|██████▏                              | 87/517 [00:00<00:02, 159.93it/s]
Training (loss=2.6571):  17%|██████▏                              | 87/517 [00:00<00:02, 159.93it/s]
Training (loss=2.7814):  17%|██████▏                              | 87/517 [00:00<00:02, 159.93it/s]
Training (loss=2.7093):  17%|██████▏                              | 87/517 [00:00<00:02, 159.93it/s]
Training (loss=2.5687):  17%|██████▏                              | 87/517 [00:00<00:02, 159.93it/s]
Training (loss=2.7020):  17%|██████▏                              | 87/517 [00:00<00:02, 159.93it/s]
Training (loss=2.5574):  17%|██████▏                              | 87/517 [00:00<00:02, 159.93it/s]
Training (loss=2.6415):  17%|██████▏                              | 87/517 [00:00<00:02, 159.93it/s]
Training (loss=2.6826):  17%|██████▏                              | 87/517 [00:00<00:02, 159.93it/s]
Training (loss=2.4176):  17%|██████▏                              | 87/517 [00:00<00:02, 159.93it/s]
Training (loss=2.6756):  17%|██████▏                              | 87/517 [00:00<00:02, 159.93it/s]
Training (loss=2.6390):  17%|██████▏                              | 87/517 [00:00<00:02, 159.93it/s]
Training (loss=2.6390):  20%|███████▎                            | 105/517 [00:00<00:02, 164.87it/s]
Training (loss=2.5277):  20%|███████▎                            | 105/517 [00:00<00:02, 164.87it/s]
Training (loss=2.4815):  20%|███████▎                            | 105/517 [00:00<00:02, 164.87it/s]
Training (loss=2.7168):  20%|███████▎                            | 105/517 [00:00<00:02, 164.87it/s]
Training (loss=2.7679):  20%|███████▎                            | 105/517 [00:00<00:02, 164.87it/s]
Training (loss=2.5296):  20%|███████▎                            | 105/517 [00:00<00:02, 164.87it/s]
Training (loss=2.7960):  20%|███████▎                            | 105/517 [00:00<00:02, 164.87it/s]
Training (loss=2.6944):  20%|███████▎                            | 105/517 [00:00<00:02, 164.87it/s]
Training (loss=2.6556):  20%|███████▎                            | 105/517 [00:00<00:02, 164.87it/s]
Training (loss=2.5847):  20%|███████▎                            | 105/517 [00:00<00:02, 164.87it/s]
Training (loss=2.9962):  20%|███████▎                            | 105/517 [00:00<00:02, 164.87it/s]
Training (loss=2.5763):  20%|███████▎                            | 105/517 [00:00<00:02, 164.87it/s]
Training (loss=2.6821):  20%|███████▎                            | 105/517 [00:00<00:02, 164.87it/s]
Training (loss=2.6267):  20%|███████▎                            | 105/517 [00:00<00:02, 164.87it/s]
Training (loss=2.6951):  20%|███████▎                            | 105/517 [00:00<00:02, 164.87it/s]
Training (loss=2.5022):  20%|███████▎                            | 105/517 [00:00<00:02, 164.87it/s]
Training (loss=2.4755):  20%|███████▎                            | 105/517 [00:00<00:02, 164.87it/s]
Training (loss=2.4601):  20%|███████▎                            | 105/517 [00:00<00:02, 164.87it/s]
Training (loss=2.5189):  20%|███████▎                            | 105/517 [00:00<00:02, 164.87it/s]
Training (loss=2.5189):  24%|████████▌                           | 123/517 [00:00<00:02, 169.22it/s]
Training (loss=2.5433):  24%|████████▌                           | 123/517 [00:00<00:02, 169.22it/s]
Training (loss=2.5463):  24%|████████▌                           | 123/517 [00:00<00:02, 169.22it/s]
Training (loss=2.6740):  24%|████████▌                           | 123/517 [00:00<00:02, 169.22it/s]
Training (loss=2.4916):  24%|████████▌                           | 123/517 [00:00<00:02, 169.22it/s]
Training (loss=2.4668):  24%|████████▌                           | 123/517 [00:00<00:02, 169.22it/s]
Training (loss=2.4634):  24%|████████▌                           | 123/517 [00:00<00:02, 169.22it/s]
Training (loss=2.6598):  24%|████████▌                           | 123/517 [00:00<00:02, 169.22it/s]
Training (loss=2.8258):  24%|████████▌                           | 123/517 [00:00<00:02, 169.22it/s]
Training (loss=2.5612):  24%|████████▌                           | 123/517 [00:00<00:02, 169.22it/s]
Training (loss=2.7383):  24%|████████▌                           | 123/517 [00:00<00:02, 169.22it/s]
Training (loss=2.6151):  24%|████████▌                           | 123/517 [00:00<00:02, 169.22it/s]
Training (loss=2.6570):  24%|████████▌                           | 123/517 [00:00<00:02, 169.22it/s]
Training (loss=2.4478):  24%|████████▌                           | 123/517 [00:00<00:02, 169.22it/s]
Training (loss=2.6059):  24%|████████▌                           | 123/517 [00:00<00:02, 169.22it/s]
Training (loss=2.6153):  24%|████████▌                           | 123/517 [00:00<00:02, 169.22it/s]
Training (loss=2.6577):  24%|████████▌                           | 123/517 [00:00<00:02, 169.22it/s]
Training (loss=2.7343):  24%|████████▌                           | 123/517 [00:00<00:02, 169.22it/s]
Training (loss=2.6252):  24%|████████▌                           | 123/517 [00:00<00:02, 169.22it/s]
Training (loss=2.8315):  24%|████████▌                           | 123/517 [00:00<00:02, 169.22it/s]
Training (loss=2.8315):  27%|█████████▉                          | 142/517 [00:00<00:02, 172.21it/s]
Training (loss=2.5753):  27%|█████████▉                          | 142/517 [00:00<00:02, 172.21it/s]
Training (loss=2.6432):  27%|█████████▉                          | 142/517 [00:00<00:02, 172.21it/s]
Training (loss=2.6772):  27%|█████████▉                          | 142/517 [00:00<00:02, 172.21it/s]
Training (loss=2.7828):  27%|█████████▉                          | 142/517 [00:00<00:02, 172.21it/s]
Training (loss=2.6760):  27%|█████████▉                          | 142/517 [00:00<00:02, 172.21it/s]
Training (loss=2.6466):  27%|█████████▉                          | 142/517 [00:01<00:02, 172.21it/s]
Training (loss=2.5561):  27%|█████████▉                          | 142/517 [00:01<00:02, 172.21it/s]
Training (loss=2.8272):  27%|█████████▉                          | 142/517 [00:01<00:02, 172.21it/s]
Training (loss=2.8855):  27%|█████████▉                          | 142/517 [00:01<00:02, 172.21it/s]
Training (loss=2.8731):  27%|█████████▉                          | 142/517 [00:01<00:02, 172.21it/s]
Training (loss=2.7943):  27%|█████████▉                          | 142/517 [00:01<00:02, 172.21it/s]
Training (loss=2.9831):  27%|█████████▉                          | 142/517 [00:01<00:02, 172.21it/s]
Training (loss=2.8175):  27%|█████████▉                          | 142/517 [00:01<00:02, 172.21it/s]
Training (loss=2.6336):  27%|█████████▉                          | 142/517 [00:01<00:02, 172.21it/s]
Training (loss=2.6161):  27%|█████████▉                          | 142/517 [00:01<00:02, 172.21it/s]
Training (loss=2.5159):  27%|█████████▉                          | 142/517 [00:01<00:02, 172.21it/s]
Training (loss=2.6203):  27%|█████████▉                          | 142/517 [00:01<00:02, 172.21it/s]
Training (loss=2.3602):  27%|█████████▉                          | 142/517 [00:01<00:02, 172.21it/s]
Training (loss=2.3602):  31%|███████████▏                        | 160/517 [00:01<00:02, 172.49it/s]
Training (loss=2.5331):  31%|███████████▏                        | 160/517 [00:01<00:02, 172.49it/s]
Training (loss=2.6728):  31%|███████████▏                        | 160/517 [00:01<00:02, 172.49it/s]
Training (loss=2.4499):  31%|███████████▏                        | 160/517 [00:01<00:02, 172.49it/s]
Training (loss=2.5585):  31%|███████████▏                        | 160/517 [00:01<00:02, 172.49it/s]
Training (loss=2.7297):  31%|███████████▏                        | 160/517 [00:01<00:02, 172.49it/s]
Training (loss=2.6770):  31%|███████████▏                        | 160/517 [00:01<00:02, 172.49it/s]
Training (loss=2.5161):  31%|███████████▏                        | 160/517 [00:01<00:02, 172.49it/s]
Training (loss=2.6429):  31%|███████████▏                        | 160/517 [00:01<00:02, 172.49it/s]
Training (loss=2.5574):  31%|███████████▏                        | 160/517 [00:01<00:02, 172.49it/s]
Training (loss=2.6767):  31%|███████████▏                        | 160/517 [00:01<00:02, 172.49it/s]
Training (loss=2.2554):  31%|███████████▏                        | 160/517 [00:01<00:02, 172.49it/s]
Training (loss=2.7119):  31%|███████████▏                        | 160/517 [00:01<00:02, 172.49it/s]
Training (loss=2.4604):  31%|███████████▏                        | 160/517 [00:01<00:02, 172.49it/s]
Training (loss=2.4673):  31%|███████████▏                        | 160/517 [00:01<00:02, 172.49it/s]
Training (loss=2.7140):  31%|███████████▏                        | 160/517 [00:01<00:02, 172.49it/s]
Training (loss=2.5612):  31%|███████████▏                        | 160/517 [00:01<00:02, 172.49it/s]
Training (loss=2.4272):  31%|███████████▏                        | 160/517 [00:01<00:02, 172.49it/s]
Training (loss=2.7520):  31%|███████████▏                        | 160/517 [00:01<00:02, 172.49it/s]
Training (loss=2.7520):  34%|████████████▍                       | 178/517 [00:01<00:01, 173.15it/s]
Training (loss=2.6519):  34%|████████████▍                       | 178/517 [00:01<00:01, 173.15it/s]
Training (loss=2.5589):  34%|████████████▍                       | 178/517 [00:01<00:01, 173.15it/s]
Training (loss=2.7489):  34%|████████████▍                       | 178/517 [00:01<00:01, 173.15it/s]
Training (loss=2.6608):  34%|████████████▍                       | 178/517 [00:01<00:01, 173.15it/s]
Training (loss=2.4300):  34%|████████████▍                       | 178/517 [00:01<00:01, 173.15it/s]
Training (loss=2.6347):  34%|████████████▍                       | 178/517 [00:01<00:01, 173.15it/s]
Training (loss=2.9219):  34%|████████████▍                       | 178/517 [00:01<00:01, 173.15it/s]
Training (loss=2.5722):  34%|████████████▍                       | 178/517 [00:01<00:01, 173.15it/s]
Training (loss=2.6170):  34%|████████████▍                       | 178/517 [00:01<00:01, 173.15it/s]
Training (loss=2.6299):  34%|████████████▍                       | 178/517 [00:01<00:01, 173.15it/s]
Training (loss=2.5032):  34%|████████████▍                       | 178/517 [00:01<00:01, 173.15it/s]
Training (loss=2.7088):  34%|████████████▍                       | 178/517 [00:01<00:01, 173.15it/s]
Training (loss=2.6452):  34%|████████████▍                       | 178/517 [00:01<00:01, 173.15it/s]
Training (loss=2.5444):  34%|████████████▍                       | 178/517 [00:01<00:01, 173.15it/s]
Training (loss=2.4820):  34%|████████████▍                       | 178/517 [00:01<00:01, 173.15it/s]
Training (loss=2.6054):  34%|████████████▍                       | 178/517 [00:01<00:01, 173.15it/s]
Training (loss=2.7647):  34%|████████████▍                       | 178/517 [00:01<00:01, 173.15it/s]
Training (loss=2.6419):  34%|████████████▍                       | 178/517 [00:01<00:01, 173.15it/s]
Training (loss=2.6419):  38%|█████████████▋                      | 196/517 [00:01<00:01, 172.71it/s]
Training (loss=2.6916):  38%|█████████████▋                      | 196/517 [00:01<00:01, 172.71it/s]
Training (loss=2.7171):  38%|█████████████▋                      | 196/517 [00:01<00:01, 172.71it/s]
Training (loss=2.7054):  38%|█████████████▋                      | 196/517 [00:01<00:01, 172.71it/s]
Training (loss=2.5270):  38%|█████████████▋                      | 196/517 [00:01<00:01, 172.71it/s]
Training (loss=2.7087):  38%|█████████████▋                      | 196/517 [00:01<00:01, 172.71it/s]
Training (loss=2.6094):  38%|█████████████▋                      | 196/517 [00:01<00:01, 172.71it/s]
Training (loss=2.4689):  38%|█████████████▋                      | 196/517 [00:01<00:01, 172.71it/s]
Training (loss=2.7373):  38%|█████████████▋                      | 196/517 [00:01<00:01, 172.71it/s]
Training (loss=2.4997):  38%|█████████████▋                      | 196/517 [00:01<00:01, 172.71it/s]
Training (loss=2.6241):  38%|█████████████▋                      | 196/517 [00:01<00:01, 172.71it/s]
Training (loss=2.6005):  38%|█████████████▋                      | 196/517 [00:01<00:01, 172.71it/s]
Training (loss=2.7079):  38%|█████████████▋                      | 196/517 [00:01<00:01, 172.71it/s]
Training (loss=2.5635):  38%|█████████████▋                      | 196/517 [00:01<00:01, 172.71it/s]
Training (loss=2.4692):  38%|█████████████▋                      | 196/517 [00:01<00:01, 172.71it/s]
Training (loss=2.6635):  38%|█████████████▋                      | 196/517 [00:01<00:01, 172.71it/s]
Training (loss=2.5108):  38%|█████████████▋                      | 196/517 [00:01<00:01, 172.71it/s]
Training (loss=2.5493):  38%|█████████████▋                      | 196/517 [00:01<00:01, 172.71it/s]
Training (loss=2.6215):  38%|█████████████▋                      | 196/517 [00:01<00:01, 172.71it/s]
Training (loss=2.6215):  41%|██████████████▉                     | 214/517 [00:01<00:01, 166.27it/s]
Training (loss=2.8140):  41%|██████████████▉                     | 214/517 [00:01<00:01, 166.27it/s]
Training (loss=2.6394):  41%|██████████████▉                     | 214/517 [00:01<00:01, 166.27it/s]
Training (loss=2.6019):  41%|██████████████▉                     | 214/517 [00:01<00:01, 166.27it/s]
Training (loss=2.4672):  41%|██████████████▉                     | 214/517 [00:01<00:01, 166.27it/s]
Training (loss=2.7241):  41%|██████████████▉                     | 214/517 [00:01<00:01, 166.27it/s]
Training (loss=2.5636):  41%|██████████████▉                     | 214/517 [00:01<00:01, 166.27it/s]
Training (loss=2.7601):  41%|██████████████▉                     | 214/517 [00:01<00:01, 166.27it/s]
Training (loss=2.5972):  41%|██████████████▉                     | 214/517 [00:01<00:01, 166.27it/s]
Training (loss=2.4660):  41%|██████████████▉                     | 214/517 [00:01<00:01, 166.27it/s]
Training (loss=2.5516):  41%|██████████████▉                     | 214/517 [00:01<00:01, 166.27it/s]
Training (loss=2.4909):  41%|██████████████▉                     | 214/517 [00:01<00:01, 166.27it/s]
Training (loss=2.5189):  41%|██████████████▉                     | 214/517 [00:01<00:01, 166.27it/s]
Training (loss=2.7851):  41%|██████████████▉                     | 214/517 [00:01<00:01, 166.27it/s]
Training (loss=2.6451):  41%|██████████████▉                     | 214/517 [00:01<00:01, 166.27it/s]
Training (loss=2.5383):  41%|██████████████▉                     | 214/517 [00:01<00:01, 166.27it/s]
Training (loss=2.7636):  41%|██████████████▉                     | 214/517 [00:01<00:01, 166.27it/s]
Training (loss=2.7473):  41%|██████████████▉                     | 214/517 [00:01<00:01, 166.27it/s]
Training (loss=2.9411):  41%|██████████████▉                     | 214/517 [00:01<00:01, 166.27it/s]
Training (loss=2.9411):  45%|████████████████▏                   | 232/517 [00:01<00:01, 168.22it/s]
Training (loss=2.5582):  45%|████████████████▏                   | 232/517 [00:01<00:01, 168.22it/s]
Training (loss=2.4533):  45%|████████████████▏                   | 232/517 [00:01<00:01, 168.22it/s]
Training (loss=2.4211):  45%|████████████████▏                   | 232/517 [00:01<00:01, 168.22it/s]
Training (loss=2.7442):  45%|████████████████▏                   | 232/517 [00:01<00:01, 168.22it/s]
Training (loss=2.6024):  45%|████████████████▏                   | 232/517 [00:01<00:01, 168.22it/s]
Training (loss=2.6301):  45%|████████████████▏                   | 232/517 [00:01<00:01, 168.22it/s]
Training (loss=2.5524):  45%|████████████████▏                   | 232/517 [00:01<00:01, 168.22it/s]
Training (loss=2.5014):  45%|████████████████▏                   | 232/517 [00:01<00:01, 168.22it/s]
Training (loss=2.6876):  45%|████████████████▏                   | 232/517 [00:01<00:01, 168.22it/s]
Training (loss=2.5313):  45%|████████████████▏                   | 232/517 [00:01<00:01, 168.22it/s]
Training (loss=2.6817):  45%|████████████████▏                   | 232/517 [00:01<00:01, 168.22it/s]
Training (loss=2.4588):  45%|████████████████▏                   | 232/517 [00:01<00:01, 168.22it/s]
Training (loss=2.5436):  45%|████████████████▏                   | 232/517 [00:01<00:01, 168.22it/s]
Training (loss=2.5689):  45%|████████████████▏                   | 232/517 [00:01<00:01, 168.22it/s]
Training (loss=2.6378):  45%|████████████████▏                   | 232/517 [00:01<00:01, 168.22it/s]
Training (loss=2.6664):  45%|████████████████▏                   | 232/517 [00:01<00:01, 168.22it/s]
Training (loss=2.7808):  45%|████████████████▏                   | 232/517 [00:01<00:01, 168.22it/s]
Training (loss=2.6763):  45%|████████████████▏                   | 232/517 [00:01<00:01, 168.22it/s]
Training (loss=2.7208):  45%|████████████████▏                   | 232/517 [00:01<00:01, 168.22it/s]
Training (loss=2.7208):  49%|█████████████████▍                  | 251/517 [00:01<00:01, 172.74it/s]
Training (loss=2.5600):  49%|█████████████████▍                  | 251/517 [00:01<00:01, 172.74it/s]
Training (loss=2.6662):  49%|█████████████████▍                  | 251/517 [00:01<00:01, 172.74it/s]
Training (loss=2.5198):  49%|█████████████████▍                  | 251/517 [00:01<00:01, 172.74it/s]
Training (loss=2.7035):  49%|█████████████████▍                  | 251/517 [00:01<00:01, 172.74it/s]
Training (loss=2.6828):  49%|█████████████████▍                  | 251/517 [00:01<00:01, 172.74it/s]
Training (loss=2.5553):  49%|█████████████████▍                  | 251/517 [00:01<00:01, 172.74it/s]
Training (loss=2.6882):  49%|█████████████████▍                  | 251/517 [00:01<00:01, 172.74it/s]
Training (loss=2.3931):  49%|█████████████████▍                  | 251/517 [00:01<00:01, 172.74it/s]
Training (loss=2.5527):  49%|█████████████████▍                  | 251/517 [00:01<00:01, 172.74it/s]
Training (loss=2.5824):  49%|█████████████████▍                  | 251/517 [00:01<00:01, 172.74it/s]
Training (loss=2.7453):  49%|█████████████████▍                  | 251/517 [00:01<00:01, 172.74it/s]
Training (loss=2.6938):  49%|█████████████████▍                  | 251/517 [00:01<00:01, 172.74it/s]
Training (loss=2.6152):  49%|█████████████████▍                  | 251/517 [00:01<00:01, 172.74it/s]
Training (loss=2.7706):  49%|█████████████████▍                  | 251/517 [00:01<00:01, 172.74it/s]
Training (loss=2.6525):  49%|█████████████████▍                  | 251/517 [00:01<00:01, 172.74it/s]
Training (loss=2.6890):  49%|█████████████████▍                  | 251/517 [00:01<00:01, 172.74it/s]
Training (loss=2.5560):  49%|█████████████████▍                  | 251/517 [00:01<00:01, 172.74it/s]
Training (loss=2.3902):  49%|█████████████████▍                  | 251/517 [00:01<00:01, 172.74it/s]
Training (loss=2.3902):  52%|██████████████████▋                 | 269/517 [00:01<00:01, 172.35it/s]
Training (loss=2.6933):  52%|██████████████████▋                 | 269/517 [00:01<00:01, 172.35it/s]
Training (loss=2.6357):  52%|██████████████████▋                 | 269/517 [00:01<00:01, 172.35it/s]
Training (loss=2.7744):  52%|██████████████████▋                 | 269/517 [00:01<00:01, 172.35it/s]
Training (loss=2.5434):  52%|██████████████████▋                 | 269/517 [00:01<00:01, 172.35it/s]
Training (loss=2.4320):  52%|██████████████████▋                 | 269/517 [00:01<00:01, 172.35it/s]
Training (loss=2.7481):  52%|██████████████████▋                 | 269/517 [00:01<00:01, 172.35it/s]
Training (loss=2.5990):  52%|██████████████████▋                 | 269/517 [00:01<00:01, 172.35it/s]
Training (loss=2.4966):  52%|██████████████████▋                 | 269/517 [00:01<00:01, 172.35it/s]
Training (loss=2.5087):  52%|██████████████████▋                 | 269/517 [00:01<00:01, 172.35it/s]
Training (loss=2.5599):  52%|██████████████████▋                 | 269/517 [00:01<00:01, 172.35it/s]
Training (loss=2.4068):  52%|██████████████████▋                 | 269/517 [00:01<00:01, 172.35it/s]
Training (loss=2.7014):  52%|██████████████████▋                 | 269/517 [00:01<00:01, 172.35it/s]
Training (loss=2.6119):  52%|██████████████████▋                 | 269/517 [00:01<00:01, 172.35it/s]
Training (loss=2.5562):  52%|██████████████████▋                 | 269/517 [00:01<00:01, 172.35it/s]
Training (loss=2.6140):  52%|██████████████████▋                 | 269/517 [00:01<00:01, 172.35it/s]
Training (loss=2.5993):  52%|██████████████████▋                 | 269/517 [00:01<00:01, 172.35it/s]
Training (loss=2.4346):  52%|██████████████████▋                 | 269/517 [00:01<00:01, 172.35it/s]
Training (loss=2.5417):  52%|██████████████████▋                 | 269/517 [00:01<00:01, 172.35it/s]
Training (loss=2.5417):  56%|███████████████████▉                | 287/517 [00:01<00:01, 166.11it/s]
Training (loss=2.6963):  56%|███████████████████▉                | 287/517 [00:01<00:01, 166.11it/s]
Training (loss=2.8159):  56%|███████████████████▉                | 287/517 [00:01<00:01, 166.11it/s]
Training (loss=2.4668):  56%|███████████████████▉                | 287/517 [00:01<00:01, 166.11it/s]
Training (loss=2.7131):  56%|███████████████████▉                | 287/517 [00:01<00:01, 166.11it/s]
Training (loss=2.7107):  56%|███████████████████▉                | 287/517 [00:01<00:01, 166.11it/s]
Training (loss=2.7490):  56%|███████████████████▉                | 287/517 [00:01<00:01, 166.11it/s]
Training (loss=2.7806):  56%|███████████████████▉                | 287/517 [00:01<00:01, 166.11it/s]
Training (loss=2.4625):  56%|███████████████████▉                | 287/517 [00:01<00:01, 166.11it/s]
Training (loss=2.5007):  56%|███████████████████▉                | 287/517 [00:01<00:01, 166.11it/s]
Training (loss=2.6192):  56%|███████████████████▉                | 287/517 [00:01<00:01, 166.11it/s]
Training (loss=2.7536):  56%|███████████████████▉                | 287/517 [00:01<00:01, 166.11it/s]
Training (loss=2.6464):  56%|███████████████████▉                | 287/517 [00:01<00:01, 166.11it/s]
Training (loss=2.6606):  56%|███████████████████▉                | 287/517 [00:01<00:01, 166.11it/s]
Training (loss=2.5519):  56%|███████████████████▉                | 287/517 [00:01<00:01, 166.11it/s]
Training (loss=2.6815):  56%|███████████████████▉                | 287/517 [00:01<00:01, 166.11it/s]
Training (loss=2.7719):  56%|███████████████████▉                | 287/517 [00:01<00:01, 166.11it/s]
Training (loss=2.5623):  56%|███████████████████▉                | 287/517 [00:01<00:01, 166.11it/s]
Training (loss=2.5398):  56%|███████████████████▉                | 287/517 [00:01<00:01, 166.11it/s]
Training (loss=2.5398):  59%|█████████████████████▏              | 305/517 [00:01<00:01, 168.06it/s]
Training (loss=2.5270):  59%|█████████████████████▏              | 305/517 [00:01<00:01, 168.06it/s]
Training (loss=2.6302):  59%|█████████████████████▏              | 305/517 [00:01<00:01, 168.06it/s]
Training (loss=2.8278):  59%|█████████████████████▏              | 305/517 [00:01<00:01, 168.06it/s]
Training (loss=2.6739):  59%|█████████████████████▏              | 305/517 [00:01<00:01, 168.06it/s]
Training (loss=2.8322):  59%|█████████████████████▏              | 305/517 [00:01<00:01, 168.06it/s]
Training (loss=2.7194):  59%|█████████████████████▏              | 305/517 [00:01<00:01, 168.06it/s]
Training (loss=2.5745):  59%|█████████████████████▏              | 305/517 [00:01<00:01, 168.06it/s]
Training (loss=2.6070):  59%|█████████████████████▏              | 305/517 [00:01<00:01, 168.06it/s]
Training (loss=2.7627):  59%|█████████████████████▏              | 305/517 [00:01<00:01, 168.06it/s]
Training (loss=2.3282):  59%|█████████████████████▏              | 305/517 [00:01<00:01, 168.06it/s]
Training (loss=2.6109):  59%|█████████████████████▏              | 305/517 [00:01<00:01, 168.06it/s]
Training (loss=2.6995):  59%|█████████████████████▏              | 305/517 [00:02<00:01, 168.06it/s]
Training (loss=2.5297):  59%|█████████████████████▏              | 305/517 [00:02<00:01, 168.06it/s]
Training (loss=2.6439):  59%|█████████████████████▏              | 305/517 [00:02<00:01, 168.06it/s]
Training (loss=2.6701):  59%|█████████████████████▏              | 305/517 [00:02<00:01, 168.06it/s]
Training (loss=2.4410):  59%|█████████████████████▏              | 305/517 [00:02<00:01, 168.06it/s]
Training (loss=2.4520):  59%|█████████████████████▏              | 305/517 [00:02<00:01, 168.06it/s]
Training (loss=2.4241):  59%|█████████████████████▏              | 305/517 [00:02<00:01, 168.06it/s]
Training (loss=2.4241):  62%|██████████████████████▍             | 323/517 [00:02<00:01, 170.57it/s]
Training (loss=2.3908):  62%|██████████████████████▍             | 323/517 [00:02<00:01, 170.57it/s]
Training (loss=2.4948):  62%|██████████████████████▍             | 323/517 [00:02<00:01, 170.57it/s]
Training (loss=2.6839):  62%|██████████████████████▍             | 323/517 [00:02<00:01, 170.57it/s]
Training (loss=2.7286):  62%|██████████████████████▍             | 323/517 [00:02<00:01, 170.57it/s]
Training (loss=2.7494):  62%|██████████████████████▍             | 323/517 [00:02<00:01, 170.57it/s]
Training (loss=2.7434):  62%|██████████████████████▍             | 323/517 [00:02<00:01, 170.57it/s]
Training (loss=2.6780):  62%|██████████████████████▍             | 323/517 [00:02<00:01, 170.57it/s]
Training (loss=2.6410):  62%|██████████████████████▍             | 323/517 [00:02<00:01, 170.57it/s]
Training (loss=2.5366):  62%|██████████████████████▍             | 323/517 [00:02<00:01, 170.57it/s]
Training (loss=2.6481):  62%|██████████████████████▍             | 323/517 [00:02<00:01, 170.57it/s]
Training (loss=2.8884):  62%|██████████████████████▍             | 323/517 [00:02<00:01, 170.57it/s]
Training (loss=2.5622):  62%|██████████████████████▍             | 323/517 [00:02<00:01, 170.57it/s]
Training (loss=2.7233):  62%|██████████████████████▍             | 323/517 [00:02<00:01, 170.57it/s]
Training (loss=2.4467):  62%|██████████████████████▍             | 323/517 [00:02<00:01, 170.57it/s]
Training (loss=2.5922):  62%|██████████████████████▍             | 323/517 [00:02<00:01, 170.57it/s]
Training (loss=2.6360):  62%|██████████████████████▍             | 323/517 [00:02<00:01, 170.57it/s]
Training (loss=2.4552):  62%|██████████████████████▍             | 323/517 [00:02<00:01, 170.57it/s]
Training (loss=2.7075):  62%|██████████████████████▍             | 323/517 [00:02<00:01, 170.57it/s]
Training (loss=2.7075):  66%|███████████████████████▋            | 341/517 [00:02<00:01, 171.51it/s]
Training (loss=2.4644):  66%|███████████████████████▋            | 341/517 [00:02<00:01, 171.51it/s]
Training (loss=2.6700):  66%|███████████████████████▋            | 341/517 [00:02<00:01, 171.51it/s]
Training (loss=2.4260):  66%|███████████████████████▋            | 341/517 [00:02<00:01, 171.51it/s]
Training (loss=2.5593):  66%|███████████████████████▋            | 341/517 [00:02<00:01, 171.51it/s]
Training (loss=2.8276):  66%|███████████████████████▋            | 341/517 [00:02<00:01, 171.51it/s]
Training (loss=2.4770):  66%|███████████████████████▋            | 341/517 [00:02<00:01, 171.51it/s]
Training (loss=2.6851):  66%|███████████████████████▋            | 341/517 [00:02<00:01, 171.51it/s]
Training (loss=2.6333):  66%|███████████████████████▋            | 341/517 [00:02<00:01, 171.51it/s]
Training (loss=2.6126):  66%|███████████████████████▋            | 341/517 [00:02<00:01, 171.51it/s]
Training (loss=2.6494):  66%|███████████████████████▋            | 341/517 [00:02<00:01, 171.51it/s]
Training (loss=2.6426):  66%|███████████████████████▋            | 341/517 [00:02<00:01, 171.51it/s]
Training (loss=2.6472):  66%|███████████████████████▋            | 341/517 [00:02<00:01, 171.51it/s]
Training (loss=2.9419):  66%|███████████████████████▋            | 341/517 [00:02<00:01, 171.51it/s]
Training (loss=2.7449):  66%|███████████████████████▋            | 341/517 [00:02<00:01, 171.51it/s]
Training (loss=2.5226):  66%|███████████████████████▋            | 341/517 [00:02<00:01, 171.51it/s]
Training (loss=2.6129):  66%|███████████████████████▋            | 341/517 [00:02<00:01, 171.51it/s]
Training (loss=2.5036):  66%|███████████████████████▋            | 341/517 [00:02<00:01, 171.51it/s]
Training (loss=2.6435):  66%|███████████████████████▋            | 341/517 [00:02<00:01, 171.51it/s]
Training (loss=2.6435):  69%|████████████████████████▉           | 359/517 [00:02<00:00, 166.96it/s]
Training (loss=2.7740):  69%|████████████████████████▉           | 359/517 [00:02<00:00, 166.96it/s]
Training (loss=2.6369):  69%|████████████████████████▉           | 359/517 [00:02<00:00, 166.96it/s]
Training (loss=2.4125):  69%|████████████████████████▉           | 359/517 [00:02<00:00, 166.96it/s]
Training (loss=2.5751):  69%|████████████████████████▉           | 359/517 [00:02<00:00, 166.96it/s]
Training (loss=2.4405):  69%|████████████████████████▉           | 359/517 [00:02<00:00, 166.96it/s]
Training (loss=2.5998):  69%|████████████████████████▉           | 359/517 [00:02<00:00, 166.96it/s]
Training (loss=2.7690):  69%|████████████████████████▉           | 359/517 [00:02<00:00, 166.96it/s]
Training (loss=2.6276):  69%|████████████████████████▉           | 359/517 [00:02<00:00, 166.96it/s]
Training (loss=2.6190):  69%|████████████████████████▉           | 359/517 [00:02<00:00, 166.96it/s]
Training (loss=2.5734):  69%|████████████████████████▉           | 359/517 [00:02<00:00, 166.96it/s]
Training (loss=2.6835):  69%|████████████████████████▉           | 359/517 [00:02<00:00, 166.96it/s]
Training (loss=2.7501):  69%|████████████████████████▉           | 359/517 [00:02<00:00, 166.96it/s]
Training (loss=2.4410):  69%|████████████████████████▉           | 359/517 [00:02<00:00, 166.96it/s]
Training (loss=2.3648):  69%|████████████████████████▉           | 359/517 [00:02<00:00, 166.96it/s]
Training (loss=2.6951):  69%|████████████████████████▉           | 359/517 [00:02<00:00, 166.96it/s]
Training (loss=2.6252):  69%|████████████████████████▉           | 359/517 [00:02<00:00, 166.96it/s]
Training (loss=2.6100):  69%|████████████████████████▉           | 359/517 [00:02<00:00, 166.96it/s]
Training (loss=2.6100):  73%|██████████████████████████▏         | 376/517 [00:02<00:00, 162.60it/s]
Training (loss=2.6229):  73%|██████████████████████████▏         | 376/517 [00:02<00:00, 162.60it/s]
Training (loss=2.5826):  73%|██████████████████████████▏         | 376/517 [00:02<00:00, 162.60it/s]
Training (loss=2.3486):  73%|██████████████████████████▏         | 376/517 [00:02<00:00, 162.60it/s]
Training (loss=2.5885):  73%|██████████████████████████▏         | 376/517 [00:02<00:00, 162.60it/s]
Training (loss=2.5913):  73%|██████████████████████████▏         | 376/517 [00:02<00:00, 162.60it/s]
Training (loss=2.5480):  73%|██████████████████████████▏         | 376/517 [00:02<00:00, 162.60it/s]
Training (loss=2.5687):  73%|██████████████████████████▏         | 376/517 [00:02<00:00, 162.60it/s]
Training (loss=2.4179):  73%|██████████████████████████▏         | 376/517 [00:02<00:00, 162.60it/s]
Training (loss=2.6407):  73%|██████████████████████████▏         | 376/517 [00:02<00:00, 162.60it/s]
Training (loss=2.7062):  73%|██████████████████████████▏         | 376/517 [00:02<00:00, 162.60it/s]
Training (loss=2.6997):  73%|██████████████████████████▏         | 376/517 [00:02<00:00, 162.60it/s]
Training (loss=2.6482):  73%|██████████████████████████▏         | 376/517 [00:02<00:00, 162.60it/s]
Training (loss=2.5919):  73%|██████████████████████████▏         | 376/517 [00:02<00:00, 162.60it/s]
Training (loss=2.4221):  73%|██████████████████████████▏         | 376/517 [00:02<00:00, 162.60it/s]
Training (loss=2.5185):  73%|██████████████████████████▏         | 376/517 [00:02<00:00, 162.60it/s]
Training (loss=2.4594):  73%|██████████████████████████▏         | 376/517 [00:02<00:00, 162.60it/s]
Training (loss=2.6811):  73%|██████████████████████████▏         | 376/517 [00:02<00:00, 162.60it/s]
Training (loss=2.6811):  76%|███████████████████████████▎        | 393/517 [00:02<00:00, 159.32it/s]
Training (loss=2.4341):  76%|███████████████████████████▎        | 393/517 [00:02<00:00, 159.32it/s]
Training (loss=2.6667):  76%|███████████████████████████▎        | 393/517 [00:02<00:00, 159.32it/s]
Training (loss=2.3784):  76%|███████████████████████████▎        | 393/517 [00:02<00:00, 159.32it/s]
Training (loss=2.6692):  76%|███████████████████████████▎        | 393/517 [00:02<00:00, 159.32it/s]
Training (loss=2.7650):  76%|███████████████████████████▎        | 393/517 [00:02<00:00, 159.32it/s]
Training (loss=2.5881):  76%|███████████████████████████▎        | 393/517 [00:02<00:00, 159.32it/s]
Training (loss=2.7494):  76%|███████████████████████████▎        | 393/517 [00:02<00:00, 159.32it/s]
Training (loss=2.5582):  76%|███████████████████████████▎        | 393/517 [00:02<00:00, 159.32it/s]
Training (loss=2.6153):  76%|███████████████████████████▎        | 393/517 [00:02<00:00, 159.32it/s]
Training (loss=2.6911):  76%|███████████████████████████▎        | 393/517 [00:02<00:00, 159.32it/s]
Training (loss=2.7941):  76%|███████████████████████████▎        | 393/517 [00:02<00:00, 159.32it/s]
Training (loss=2.8376):  76%|███████████████████████████▎        | 393/517 [00:02<00:00, 159.32it/s]
Training (loss=2.8508):  76%|███████████████████████████▎        | 393/517 [00:02<00:00, 159.32it/s]
Training (loss=2.7946):  76%|███████████████████████████▎        | 393/517 [00:02<00:00, 159.32it/s]
Training (loss=2.6513):  76%|███████████████████████████▎        | 393/517 [00:02<00:00, 159.32it/s]
Training (loss=2.7050):  76%|███████████████████████████▎        | 393/517 [00:02<00:00, 159.32it/s]
Training (loss=2.7050):  79%|████████████████████████████▍       | 409/517 [00:02<00:00, 156.11it/s]
Training (loss=2.4981):  79%|████████████████████████████▍       | 409/517 [00:02<00:00, 156.11it/s]
Training (loss=2.5424):  79%|████████████████████████████▍       | 409/517 [00:02<00:00, 156.11it/s]
Training (loss=2.7591):  79%|████████████████████████████▍       | 409/517 [00:02<00:00, 156.11it/s]
Training (loss=2.5497):  79%|████████████████████████████▍       | 409/517 [00:02<00:00, 156.11it/s]
Training (loss=2.6181):  79%|████████████████████████████▍       | 409/517 [00:02<00:00, 156.11it/s]
Training (loss=2.5390):  79%|████████████████████████████▍       | 409/517 [00:02<00:00, 156.11it/s]
Training (loss=2.7534):  79%|████████████████████████████▍       | 409/517 [00:02<00:00, 156.11it/s]
Training (loss=2.4892):  79%|████████████████████████████▍       | 409/517 [00:02<00:00, 156.11it/s]
Training (loss=2.6292):  79%|████████████████████████████▍       | 409/517 [00:02<00:00, 156.11it/s]
Training (loss=2.4628):  79%|████████████████████████████▍       | 409/517 [00:02<00:00, 156.11it/s]
Training (loss=2.6002):  79%|████████████████████████████▍       | 409/517 [00:02<00:00, 156.11it/s]
Training (loss=2.6598):  79%|████████████████████████████▍       | 409/517 [00:02<00:00, 156.11it/s]
Training (loss=2.6061):  79%|████████████████████████████▍       | 409/517 [00:02<00:00, 156.11it/s]
Training (loss=2.7491):  79%|████████████████████████████▍       | 409/517 [00:02<00:00, 156.11it/s]
Training (loss=2.7283):  79%|████████████████████████████▍       | 409/517 [00:02<00:00, 156.11it/s]
Training (loss=2.7783):  79%|████████████████████████████▍       | 409/517 [00:02<00:00, 156.11it/s]
Training (loss=2.5264):  79%|████████████████████████████▍       | 409/517 [00:02<00:00, 156.11it/s]
Training (loss=2.5264):  82%|█████████████████████████████▋      | 426/517 [00:02<00:00, 158.99it/s]
Training (loss=2.4890):  82%|█████████████████████████████▋      | 426/517 [00:02<00:00, 158.99it/s]
Training (loss=2.6342):  82%|█████████████████████████████▋      | 426/517 [00:02<00:00, 158.99it/s]
Training (loss=2.8264):  82%|█████████████████████████████▋      | 426/517 [00:02<00:00, 158.99it/s]
Training (loss=2.6185):  82%|█████████████████████████████▋      | 426/517 [00:02<00:00, 158.99it/s]
Training (loss=2.6285):  82%|█████████████████████████████▋      | 426/517 [00:02<00:00, 158.99it/s]
Training (loss=2.5608):  82%|█████████████████████████████▋      | 426/517 [00:02<00:00, 158.99it/s]
Training (loss=2.6344):  82%|█████████████████████████████▋      | 426/517 [00:02<00:00, 158.99it/s]
Training (loss=2.3217):  82%|█████████████████████████████▋      | 426/517 [00:02<00:00, 158.99it/s]
Training (loss=2.5987):  82%|█████████████████████████████▋      | 426/517 [00:02<00:00, 158.99it/s]
Training (loss=2.6503):  82%|█████████████████████████████▋      | 426/517 [00:02<00:00, 158.99it/s]
Training (loss=2.4989):  82%|█████████████████████████████▋      | 426/517 [00:02<00:00, 158.99it/s]
Training (loss=2.9050):  82%|█████████████████████████████▋      | 426/517 [00:02<00:00, 158.99it/s]
Training (loss=2.5431):  82%|█████████████████████████████▋      | 426/517 [00:02<00:00, 158.99it/s]
Training (loss=2.5605):  82%|█████████████████████████████▋      | 426/517 [00:02<00:00, 158.99it/s]
Training (loss=2.6999):  82%|█████████████████████████████▋      | 426/517 [00:02<00:00, 158.99it/s]
Training (loss=2.6103):  82%|█████████████████████████████▋      | 426/517 [00:02<00:00, 158.99it/s]
Training (loss=2.5887):  82%|█████████████████████████████▋      | 426/517 [00:02<00:00, 158.99it/s]
Training (loss=2.5887):  86%|██████████████████████████████▊     | 443/517 [00:02<00:00, 162.08it/s]
Training (loss=2.6746):  86%|██████████████████████████████▊     | 443/517 [00:02<00:00, 162.08it/s]
Training (loss=2.4132):  86%|██████████████████████████████▊     | 443/517 [00:02<00:00, 162.08it/s]
Training (loss=2.4603):  86%|██████████████████████████████▊     | 443/517 [00:02<00:00, 162.08it/s]
Training (loss=2.7234):  86%|██████████████████████████████▊     | 443/517 [00:02<00:00, 162.08it/s]
Training (loss=2.5833):  86%|██████████████████████████████▊     | 443/517 [00:02<00:00, 162.08it/s]
Training (loss=2.4457):  86%|██████████████████████████████▊     | 443/517 [00:02<00:00, 162.08it/s]
Training (loss=2.5981):  86%|██████████████████████████████▊     | 443/517 [00:02<00:00, 162.08it/s]
Training (loss=2.6421):  86%|██████████████████████████████▊     | 443/517 [00:02<00:00, 162.08it/s]
Training (loss=2.7871):  86%|██████████████████████████████▊     | 443/517 [00:02<00:00, 162.08it/s]
Training (loss=2.5984):  86%|██████████████████████████████▊     | 443/517 [00:02<00:00, 162.08it/s]
Training (loss=2.5397):  86%|██████████████████████████████▊     | 443/517 [00:02<00:00, 162.08it/s]
Training (loss=2.5913):  86%|██████████████████████████████▊     | 443/517 [00:02<00:00, 162.08it/s]
Training (loss=2.8488):  86%|██████████████████████████████▊     | 443/517 [00:02<00:00, 162.08it/s]
Training (loss=2.5740):  86%|██████████████████████████████▊     | 443/517 [00:02<00:00, 162.08it/s]
Training (loss=2.7743):  86%|██████████████████████████████▊     | 443/517 [00:02<00:00, 162.08it/s]
Training (loss=2.7268):  86%|██████████████████████████████▊     | 443/517 [00:02<00:00, 162.08it/s]
Training (loss=2.6704):  86%|██████████████████████████████▊     | 443/517 [00:02<00:00, 162.08it/s]
Training (loss=2.6704):  89%|████████████████████████████████    | 460/517 [00:02<00:00, 162.50it/s]
Training (loss=2.6114):  89%|████████████████████████████████    | 460/517 [00:02<00:00, 162.50it/s]
Training (loss=2.7602):  89%|████████████████████████████████    | 460/517 [00:02<00:00, 162.50it/s]
Training (loss=2.4379):  89%|████████████████████████████████    | 460/517 [00:02<00:00, 162.50it/s]
Training (loss=2.5799):  89%|████████████████████████████████    | 460/517 [00:02<00:00, 162.50it/s]
Training (loss=2.9497):  89%|████████████████████████████████    | 460/517 [00:02<00:00, 162.50it/s]
Training (loss=2.4773):  89%|████████████████████████████████    | 460/517 [00:02<00:00, 162.50it/s]
Training (loss=2.5319):  89%|████████████████████████████████    | 460/517 [00:02<00:00, 162.50it/s]
Training (loss=2.5068):  89%|████████████████████████████████    | 460/517 [00:02<00:00, 162.50it/s]
Training (loss=2.6746):  89%|████████████████████████████████    | 460/517 [00:02<00:00, 162.50it/s]
Training (loss=2.6963):  89%|████████████████████████████████    | 460/517 [00:02<00:00, 162.50it/s]
Training (loss=2.6497):  89%|████████████████████████████████    | 460/517 [00:02<00:00, 162.50it/s]
Training (loss=2.6146):  89%|████████████████████████████████    | 460/517 [00:02<00:00, 162.50it/s]
Training (loss=2.7502):  89%|████████████████████████████████    | 460/517 [00:02<00:00, 162.50it/s]
Training (loss=2.4957):  89%|████████████████████████████████    | 460/517 [00:02<00:00, 162.50it/s]
Training (loss=2.5463):  89%|████████████████████████████████    | 460/517 [00:02<00:00, 162.50it/s]
Training (loss=2.5926):  89%|████████████████████████████████    | 460/517 [00:02<00:00, 162.50it/s]
Training (loss=2.5936):  89%|████████████████████████████████    | 460/517 [00:03<00:00, 162.50it/s]
Training (loss=2.5936):  92%|█████████████████████████████████▏  | 477/517 [00:03<00:00, 160.18it/s]
Training (loss=2.3138):  92%|█████████████████████████████████▏  | 477/517 [00:03<00:00, 160.18it/s]
Training (loss=2.7295):  92%|█████████████████████████████████▏  | 477/517 [00:03<00:00, 160.18it/s]
Training (loss=2.7808):  92%|█████████████████████████████████▏  | 477/517 [00:03<00:00, 160.18it/s]
Training (loss=2.5389):  92%|█████████████████████████████████▏  | 477/517 [00:03<00:00, 160.18it/s]
Training (loss=2.4173):  92%|█████████████████████████████████▏  | 477/517 [00:03<00:00, 160.18it/s]
Training (loss=2.6410):  92%|█████████████████████████████████▏  | 477/517 [00:03<00:00, 160.18it/s]
Training (loss=2.6419):  92%|█████████████████████████████████▏  | 477/517 [00:03<00:00, 160.18it/s]
Training (loss=2.8295):  92%|█████████████████████████████████▏  | 477/517 [00:03<00:00, 160.18it/s]
Training (loss=2.7551):  92%|█████████████████████████████████▏  | 477/517 [00:03<00:00, 160.18it/s]
Training (loss=2.6315):  92%|█████████████████████████████████▏  | 477/517 [00:03<00:00, 160.18it/s]
Training (loss=2.5830):  92%|█████████████████████████████████▏  | 477/517 [00:03<00:00, 160.18it/s]
Training (loss=2.4716):  92%|█████████████████████████████████▏  | 477/517 [00:03<00:00, 160.18it/s]
Training (loss=2.8856):  92%|█████████████████████████████████▏  | 477/517 [00:03<00:00, 160.18it/s]
Training (loss=2.6090):  92%|█████████████████████████████████▏  | 477/517 [00:03<00:00, 160.18it/s]
Training (loss=2.6659):  92%|█████████████████████████████████▏  | 477/517 [00:03<00:00, 160.18it/s]
Training (loss=2.6950):  92%|█████████████████████████████████▏  | 477/517 [00:03<00:00, 160.18it/s]
Training (loss=2.7717):  92%|█████████████████████████████████▏  | 477/517 [00:03<00:00, 160.18it/s]
Training (loss=2.5502):  92%|█████████████████████████████████▏  | 477/517 [00:03<00:00, 160.18it/s]
Training (loss=2.5502):  96%|██████████████████████████████████▍ | 495/517 [00:03<00:00, 165.64it/s]
Training (loss=2.5824):  96%|██████████████████████████████████▍ | 495/517 [00:03<00:00, 165.64it/s]
Training (loss=2.6516):  96%|██████████████████████████████████▍ | 495/517 [00:03<00:00, 165.64it/s]
Training (loss=2.7119):  96%|██████████████████████████████████▍ | 495/517 [00:03<00:00, 165.64it/s]
Training (loss=2.3187):  96%|██████████████████████████████████▍ | 495/517 [00:03<00:00, 165.64it/s]
Training (loss=2.4875):  96%|██████████████████████████████████▍ | 495/517 [00:03<00:00, 165.64it/s]
Training (loss=2.5328):  96%|██████████████████████████████████▍ | 495/517 [00:03<00:00, 165.64it/s]
Training (loss=2.5142):  96%|██████████████████████████████████▍ | 495/517 [00:03<00:00, 165.64it/s]
Training (loss=2.4505):  96%|██████████████████████████████████▍ | 495/517 [00:03<00:00, 165.64it/s]
Training (loss=2.7462):  96%|██████████████████████████████████▍ | 495/517 [00:03<00:00, 165.64it/s]
Training (loss=2.6188):  96%|██████████████████████████████████▍ | 495/517 [00:03<00:00, 165.64it/s]
Training (loss=2.6973):  96%|██████████████████████████████████▍ | 495/517 [00:03<00:00, 165.64it/s]
Training (loss=2.6709):  96%|██████████████████████████████████▍ | 495/517 [00:03<00:00, 165.64it/s]
Training (loss=2.6489):  96%|██████████████████████████████████▍ | 495/517 [00:03<00:00, 165.64it/s]
Training (loss=2.5228):  96%|██████████████████████████████████▍ | 495/517 [00:03<00:00, 165.64it/s]
Training (loss=2.7760):  96%|██████████████████████████████████▍ | 495/517 [00:03<00:00, 165.64it/s]
Training (loss=2.6508):  96%|██████████████████████████████████▍ | 495/517 [00:03<00:00, 165.64it/s]
Training (loss=2.5455):  96%|██████████████████████████████████▍ | 495/517 [00:03<00:00, 165.64it/s]
Training (loss=2.5455):  99%|███████████████████████████████████▋| 512/517 [00:03<00:00, 143.77it/s]
Training (loss=2.5485):  99%|███████████████████████████████████▋| 512/517 [00:03<00:00, 143.77it/s]
Training (loss=2.6482):  99%|███████████████████████████████████▋| 512/517 [00:03<00:00, 143.77it/s]
Training (loss=2.4071):  99%|███████████████████████████████████▋| 512/517 [00:03<00:00, 143.77it/s]
Training (loss=2.6559):  99%|███████████████████████████████████▋| 512/517 [00:03<00:00, 143.77it/s]
Training (loss=2.6631):  99%|███████████████████████████████████▋| 512/517 [00:03<00:00, 143.77it/s]
Training (loss=2.6631): 100%|████████████████████████████████████| 517/517 [00:03<00:00, 154.50it/s]
Evaluating on validation set...
Validation loss: 2.6488
Epoch 3/5 - Train loss: 2.6198, Val loss: 2.6488

Epoch 4/5

Training:   0%|                                                             | 0/517 [00:00<?, ?it/s]
Training (loss=2.4143):   0%|                                               | 0/517 [00:00<?, ?it/s]
Training (loss=2.4143):   0%|                                       | 1/517 [00:00<01:24,  6.09it/s]
Training (loss=2.5578):   0%|                                       | 1/517 [00:00<01:24,  6.09it/s]
Training (loss=2.7352):   0%|                                       | 1/517 [00:00<01:24,  6.09it/s]
Training (loss=2.5236):   0%|                                       | 1/517 [00:00<01:24,  6.09it/s]
Training (loss=2.6788):   0%|                                       | 1/517 [00:00<01:24,  6.09it/s]
Training (loss=2.7447):   0%|                                       | 1/517 [00:00<01:24,  6.09it/s]
Training (loss=2.7508):   0%|                                       | 1/517 [00:00<01:24,  6.09it/s]
Training (loss=2.6591):   0%|                                       | 1/517 [00:00<01:24,  6.09it/s]
Training (loss=2.6834):   0%|                                       | 1/517 [00:00<01:24,  6.09it/s]
Training (loss=2.4363):   0%|                                       | 1/517 [00:00<01:24,  6.09it/s]
Training (loss=2.6316):   0%|                                       | 1/517 [00:00<01:24,  6.09it/s]
Training (loss=2.4677):   0%|                                       | 1/517 [00:00<01:24,  6.09it/s]
Training (loss=2.4620):   0%|                                       | 1/517 [00:00<01:24,  6.09it/s]
Training (loss=2.6274):   0%|                                       | 1/517 [00:00<01:24,  6.09it/s]
Training (loss=2.5896):   0%|                                       | 1/517 [00:00<01:24,  6.09it/s]
Training (loss=2.5896):   3%|█                                     | 15/517 [00:00<00:07, 67.95it/s]
Training (loss=2.7264):   3%|█                                     | 15/517 [00:00<00:07, 67.95it/s]
Training (loss=2.7019):   3%|█                                     | 15/517 [00:00<00:07, 67.95it/s]
Training (loss=2.4978):   3%|█                                     | 15/517 [00:00<00:07, 67.95it/s]
Training (loss=2.4480):   3%|█                                     | 15/517 [00:00<00:07, 67.95it/s]
Training (loss=2.9051):   3%|█                                     | 15/517 [00:00<00:07, 67.95it/s]
Training (loss=2.4202):   3%|█                                     | 15/517 [00:00<00:07, 67.95it/s]
Training (loss=2.5251):   3%|█                                     | 15/517 [00:00<00:07, 67.95it/s]
Training (loss=2.6376):   3%|█                                     | 15/517 [00:00<00:07, 67.95it/s]
Training (loss=2.4735):   3%|█                                     | 15/517 [00:00<00:07, 67.95it/s]
Training (loss=2.4609):   3%|█                                     | 15/517 [00:00<00:07, 67.95it/s]
Training (loss=2.3413):   3%|█                                     | 15/517 [00:00<00:07, 67.95it/s]
Training (loss=2.5562):   3%|█                                     | 15/517 [00:00<00:07, 67.95it/s]
Training (loss=2.5678):   3%|█                                     | 15/517 [00:00<00:07, 67.95it/s]
Training (loss=2.5066):   3%|█                                     | 15/517 [00:00<00:07, 67.95it/s]
Training (loss=2.5870):   3%|█                                     | 15/517 [00:00<00:07, 67.95it/s]
Training (loss=2.5621):   3%|█                                     | 15/517 [00:00<00:07, 67.95it/s]
Training (loss=2.5621):   6%|██▏                                  | 31/517 [00:00<00:04, 104.35it/s]
Training (loss=2.5951):   6%|██▏                                  | 31/517 [00:00<00:04, 104.35it/s]
Training (loss=2.4097):   6%|██▏                                  | 31/517 [00:00<00:04, 104.35it/s]
Training (loss=2.7087):   6%|██▏                                  | 31/517 [00:00<00:04, 104.35it/s]
Training (loss=2.7666):   6%|██▏                                  | 31/517 [00:00<00:04, 104.35it/s]
Training (loss=2.7549):   6%|██▏                                  | 31/517 [00:00<00:04, 104.35it/s]
Training (loss=2.5039):   6%|██▏                                  | 31/517 [00:00<00:04, 104.35it/s]
Training (loss=2.8177):   6%|██▏                                  | 31/517 [00:00<00:04, 104.35it/s]
Training (loss=2.6003):   6%|██▏                                  | 31/517 [00:00<00:04, 104.35it/s]
Training (loss=2.6478):   6%|██▏                                  | 31/517 [00:00<00:04, 104.35it/s]
Training (loss=2.5790):   6%|██▏                                  | 31/517 [00:00<00:04, 104.35it/s]
Training (loss=2.6975):   6%|██▏                                  | 31/517 [00:00<00:04, 104.35it/s]
Training (loss=2.6431):   6%|██▏                                  | 31/517 [00:00<00:04, 104.35it/s]
Training (loss=2.5612):   6%|██▏                                  | 31/517 [00:00<00:04, 104.35it/s]
Training (loss=2.6122):   6%|██▏                                  | 31/517 [00:00<00:04, 104.35it/s]
Training (loss=3.0411):   6%|██▏                                  | 31/517 [00:00<00:04, 104.35it/s]
Training (loss=2.5013):   6%|██▏                                  | 31/517 [00:00<00:04, 104.35it/s]
Training (loss=2.6447):   6%|██▏                                  | 31/517 [00:00<00:04, 104.35it/s]
Training (loss=2.6447):   9%|███▍                                 | 48/517 [00:00<00:03, 125.76it/s]
Training (loss=2.5788):   9%|███▍                                 | 48/517 [00:00<00:03, 125.76it/s]
Training (loss=2.6153):   9%|███▍                                 | 48/517 [00:00<00:03, 125.76it/s]
Training (loss=2.4196):   9%|███▍                                 | 48/517 [00:00<00:03, 125.76it/s]
Training (loss=2.6802):   9%|███▍                                 | 48/517 [00:00<00:03, 125.76it/s]
Training (loss=2.3359):   9%|███▍                                 | 48/517 [00:00<00:03, 125.76it/s]
Training (loss=2.7303):   9%|███▍                                 | 48/517 [00:00<00:03, 125.76it/s]
Training (loss=2.6333):   9%|███▍                                 | 48/517 [00:00<00:03, 125.76it/s]
Training (loss=2.8303):   9%|███▍                                 | 48/517 [00:00<00:03, 125.76it/s]
Training (loss=2.4455):   9%|███▍                                 | 48/517 [00:00<00:03, 125.76it/s]
Training (loss=2.6088):   9%|███▍                                 | 48/517 [00:00<00:03, 125.76it/s]
Training (loss=2.9302):   9%|███▍                                 | 48/517 [00:00<00:03, 125.76it/s]
Training (loss=2.6259):   9%|███▍                                 | 48/517 [00:00<00:03, 125.76it/s]
Training (loss=2.6324):   9%|███▍                                 | 48/517 [00:00<00:03, 125.76it/s]
Training (loss=2.5825):   9%|███▍                                 | 48/517 [00:00<00:03, 125.76it/s]
Training (loss=2.5936):   9%|███▍                                 | 48/517 [00:00<00:03, 125.76it/s]
Training (loss=2.8695):   9%|███▍                                 | 48/517 [00:00<00:03, 125.76it/s]
Training (loss=2.8695):  12%|████▌                                | 64/517 [00:00<00:03, 135.54it/s]
Training (loss=2.4495):  12%|████▌                                | 64/517 [00:00<00:03, 135.54it/s]
Training (loss=2.6361):  12%|████▌                                | 64/517 [00:00<00:03, 135.54it/s]
Training (loss=2.4825):  12%|████▌                                | 64/517 [00:00<00:03, 135.54it/s]
Training (loss=2.6824):  12%|████▌                                | 64/517 [00:00<00:03, 135.54it/s]
Training (loss=2.7418):  12%|████▌                                | 64/517 [00:00<00:03, 135.54it/s]
Training (loss=2.4271):  12%|████▌                                | 64/517 [00:00<00:03, 135.54it/s]
Training (loss=2.4900):  12%|████▌                                | 64/517 [00:00<00:03, 135.54it/s]
Training (loss=2.7843):  12%|████▌                                | 64/517 [00:00<00:03, 135.54it/s]
Training (loss=2.3977):  12%|████▌                                | 64/517 [00:00<00:03, 135.54it/s]
Training (loss=2.6676):  12%|████▌                                | 64/517 [00:00<00:03, 135.54it/s]
Training (loss=2.5797):  12%|████▌                                | 64/517 [00:00<00:03, 135.54it/s]
Training (loss=2.5654):  12%|████▌                                | 64/517 [00:00<00:03, 135.54it/s]
Training (loss=2.8456):  12%|████▌                                | 64/517 [00:00<00:03, 135.54it/s]
Training (loss=2.5443):  12%|████▌                                | 64/517 [00:00<00:03, 135.54it/s]
Training (loss=2.4069):  12%|████▌                                | 64/517 [00:00<00:03, 135.54it/s]
Training (loss=2.5297):  12%|████▌                                | 64/517 [00:00<00:03, 135.54it/s]
Training (loss=2.6460):  12%|████▌                                | 64/517 [00:00<00:03, 135.54it/s]
Training (loss=2.6460):  16%|█████▊                               | 81/517 [00:00<00:03, 144.55it/s]
Training (loss=2.5914):  16%|█████▊                               | 81/517 [00:00<00:03, 144.55it/s]
Training (loss=2.5822):  16%|█████▊                               | 81/517 [00:00<00:03, 144.55it/s]
Training (loss=2.9101):  16%|█████▊                               | 81/517 [00:00<00:03, 144.55it/s]
Training (loss=2.7496):  16%|█████▊                               | 81/517 [00:00<00:03, 144.55it/s]
Training (loss=2.6591):  16%|█████▊                               | 81/517 [00:00<00:03, 144.55it/s]
Training (loss=2.5135):  16%|█████▊                               | 81/517 [00:00<00:03, 144.55it/s]
Training (loss=2.4575):  16%|█████▊                               | 81/517 [00:00<00:03, 144.55it/s]
Training (loss=2.3656):  16%|█████▊                               | 81/517 [00:00<00:03, 144.55it/s]
Training (loss=2.4109):  16%|█████▊                               | 81/517 [00:00<00:03, 144.55it/s]
Training (loss=2.6339):  16%|█████▊                               | 81/517 [00:00<00:03, 144.55it/s]
Training (loss=2.8097):  16%|█████▊                               | 81/517 [00:00<00:03, 144.55it/s]
Training (loss=2.5245):  16%|█████▊                               | 81/517 [00:00<00:03, 144.55it/s]
Training (loss=2.4760):  16%|█████▊                               | 81/517 [00:00<00:03, 144.55it/s]
Training (loss=2.3814):  16%|█████▊                               | 81/517 [00:00<00:03, 144.55it/s]
Training (loss=2.5433):  16%|█████▊                               | 81/517 [00:00<00:03, 144.55it/s]
Training (loss=2.6365):  16%|█████▊                               | 81/517 [00:00<00:03, 144.55it/s]
Training (loss=2.6365):  19%|██████▉                              | 97/517 [00:00<00:02, 149.29it/s]
Training (loss=2.5942):  19%|██████▉                              | 97/517 [00:00<00:02, 149.29it/s]
Training (loss=2.3479):  19%|██████▉                              | 97/517 [00:00<00:02, 149.29it/s]
Training (loss=2.3760):  19%|██████▉                              | 97/517 [00:00<00:02, 149.29it/s]
Training (loss=2.8083):  19%|██████▉                              | 97/517 [00:00<00:02, 149.29it/s]
Training (loss=2.5847):  19%|██████▉                              | 97/517 [00:00<00:02, 149.29it/s]
Training (loss=2.5315):  19%|██████▉                              | 97/517 [00:00<00:02, 149.29it/s]
Training (loss=2.6094):  19%|██████▉                              | 97/517 [00:00<00:02, 149.29it/s]
Training (loss=2.4954):  19%|██████▉                              | 97/517 [00:00<00:02, 149.29it/s]
Training (loss=2.5139):  19%|██████▉                              | 97/517 [00:00<00:02, 149.29it/s]
Training (loss=2.5021):  19%|██████▉                              | 97/517 [00:00<00:02, 149.29it/s]
Training (loss=2.6207):  19%|██████▉                              | 97/517 [00:00<00:02, 149.29it/s]
Training (loss=2.6528):  19%|██████▉                              | 97/517 [00:00<00:02, 149.29it/s]
Training (loss=2.6105):  19%|██████▉                              | 97/517 [00:00<00:02, 149.29it/s]
Training (loss=2.5016):  19%|██████▉                              | 97/517 [00:00<00:02, 149.29it/s]
Training (loss=2.4444):  19%|██████▉                              | 97/517 [00:00<00:02, 149.29it/s]
Training (loss=2.7946):  19%|██████▉                              | 97/517 [00:00<00:02, 149.29it/s]
Training (loss=2.6804):  19%|██████▉                              | 97/517 [00:00<00:02, 149.29it/s]
Training (loss=2.6804):  22%|███████▉                            | 114/517 [00:00<00:02, 152.88it/s]
Training (loss=2.6339):  22%|███████▉                            | 114/517 [00:00<00:02, 152.88it/s]
Training (loss=2.5810):  22%|███████▉                            | 114/517 [00:00<00:02, 152.88it/s]
Training (loss=2.5483):  22%|███████▉                            | 114/517 [00:00<00:02, 152.88it/s]
Training (loss=2.3165):  22%|███████▉                            | 114/517 [00:00<00:02, 152.88it/s]
Training (loss=2.7195):  22%|███████▉                            | 114/517 [00:00<00:02, 152.88it/s]
Training (loss=2.5827):  22%|███████▉                            | 114/517 [00:00<00:02, 152.88it/s]
Training (loss=2.6028):  22%|███████▉                            | 114/517 [00:00<00:02, 152.88it/s]
Training (loss=2.5052):  22%|███████▉                            | 114/517 [00:00<00:02, 152.88it/s]
Training (loss=2.4304):  22%|███████▉                            | 114/517 [00:00<00:02, 152.88it/s]
Training (loss=2.4491):  22%|███████▉                            | 114/517 [00:00<00:02, 152.88it/s]
Training (loss=2.7426):  22%|███████▉                            | 114/517 [00:00<00:02, 152.88it/s]
Training (loss=2.6483):  22%|███████▉                            | 114/517 [00:00<00:02, 152.88it/s]
Training (loss=2.6231):  22%|███████▉                            | 114/517 [00:00<00:02, 152.88it/s]
Training (loss=2.5684):  22%|███████▉                            | 114/517 [00:00<00:02, 152.88it/s]
Training (loss=2.6465):  22%|███████▉                            | 114/517 [00:00<00:02, 152.88it/s]
Training (loss=2.5479):  22%|███████▉                            | 114/517 [00:00<00:02, 152.88it/s]
Training (loss=2.8087):  22%|███████▉                            | 114/517 [00:00<00:02, 152.88it/s]
Training (loss=2.8087):  25%|█████████                           | 131/517 [00:00<00:02, 156.11it/s]
Training (loss=2.6677):  25%|█████████                           | 131/517 [00:00<00:02, 156.11it/s]
Training (loss=2.5299):  25%|█████████                           | 131/517 [00:01<00:02, 156.11it/s]
Training (loss=2.5443):  25%|█████████                           | 131/517 [00:01<00:02, 156.11it/s]
Training (loss=2.6385):  25%|█████████                           | 131/517 [00:01<00:02, 156.11it/s]
Training (loss=2.5483):  25%|█████████                           | 131/517 [00:01<00:02, 156.11it/s]
Training (loss=2.7140):  25%|█████████                           | 131/517 [00:01<00:02, 156.11it/s]
Training (loss=2.7401):  25%|█████████                           | 131/517 [00:01<00:02, 156.11it/s]
Training (loss=2.6179):  25%|█████████                           | 131/517 [00:01<00:02, 156.11it/s]
Training (loss=2.5906):  25%|█████████                           | 131/517 [00:01<00:02, 156.11it/s]
Training (loss=2.5580):  25%|█████████                           | 131/517 [00:01<00:02, 156.11it/s]
Training (loss=2.7454):  25%|█████████                           | 131/517 [00:01<00:02, 156.11it/s]
Training (loss=2.5284):  25%|█████████                           | 131/517 [00:01<00:02, 156.11it/s]
Training (loss=2.5564):  25%|█████████                           | 131/517 [00:01<00:02, 156.11it/s]
Training (loss=2.5982):  25%|█████████                           | 131/517 [00:01<00:02, 156.11it/s]
Training (loss=2.6412):  25%|█████████                           | 131/517 [00:01<00:02, 156.11it/s]
Training (loss=2.5407):  25%|█████████                           | 131/517 [00:01<00:02, 156.11it/s]
Training (loss=2.6847):  25%|█████████                           | 131/517 [00:01<00:02, 156.11it/s]
Training (loss=2.6847):  29%|██████████▎                         | 148/517 [00:01<00:02, 159.59it/s]
Training (loss=2.5383):  29%|██████████▎                         | 148/517 [00:01<00:02, 159.59it/s]
Training (loss=2.5535):  29%|██████████▎                         | 148/517 [00:01<00:02, 159.59it/s]
Training (loss=2.6563):  29%|██████████▎                         | 148/517 [00:01<00:02, 159.59it/s]
Training (loss=2.6126):  29%|██████████▎                         | 148/517 [00:01<00:02, 159.59it/s]
Training (loss=2.7143):  29%|██████████▎                         | 148/517 [00:01<00:02, 159.59it/s]
Training (loss=2.6544):  29%|██████████▎                         | 148/517 [00:01<00:02, 159.59it/s]
Training (loss=2.7289):  29%|██████████▎                         | 148/517 [00:01<00:02, 159.59it/s]
Training (loss=2.6244):  29%|██████████▎                         | 148/517 [00:01<00:02, 159.59it/s]
Training (loss=2.2826):  29%|██████████▎                         | 148/517 [00:01<00:02, 159.59it/s]
Training (loss=2.7428):  29%|██████████▎                         | 148/517 [00:01<00:02, 159.59it/s]
Training (loss=2.6781):  29%|██████████▎                         | 148/517 [00:01<00:02, 159.59it/s]
Training (loss=2.6653):  29%|██████████▎                         | 148/517 [00:01<00:02, 159.59it/s]
Training (loss=2.6542):  29%|██████████▎                         | 148/517 [00:01<00:02, 159.59it/s]
Training (loss=2.6573):  29%|██████████▎                         | 148/517 [00:01<00:02, 159.59it/s]
Training (loss=2.5842):  29%|██████████▎                         | 148/517 [00:01<00:02, 159.59it/s]
Training (loss=2.6059):  29%|██████████▎                         | 148/517 [00:01<00:02, 159.59it/s]
Training (loss=2.4241):  29%|██████████▎                         | 148/517 [00:01<00:02, 159.59it/s]
Training (loss=2.7222):  29%|██████████▎                         | 148/517 [00:01<00:02, 159.59it/s]
Training (loss=2.7222):  32%|███████████▌                        | 166/517 [00:01<00:02, 163.22it/s]
Training (loss=2.7391):  32%|███████████▌                        | 166/517 [00:01<00:02, 163.22it/s]
Training (loss=2.4421):  32%|███████████▌                        | 166/517 [00:01<00:02, 163.22it/s]
Training (loss=2.6552):  32%|███████████▌                        | 166/517 [00:01<00:02, 163.22it/s]
Training (loss=2.4586):  32%|███████████▌                        | 166/517 [00:01<00:02, 163.22it/s]
Training (loss=2.5337):  32%|███████████▌                        | 166/517 [00:01<00:02, 163.22it/s]
Training (loss=2.7460):  32%|███████████▌                        | 166/517 [00:01<00:02, 163.22it/s]
Training (loss=2.7017):  32%|███████████▌                        | 166/517 [00:01<00:02, 163.22it/s]
Training (loss=2.5552):  32%|███████████▌                        | 166/517 [00:01<00:02, 163.22it/s]
Training (loss=2.5467):  32%|███████████▌                        | 166/517 [00:01<00:02, 163.22it/s]
Training (loss=2.7025):  32%|███████████▌                        | 166/517 [00:01<00:02, 163.22it/s]
Training (loss=2.6525):  32%|███████████▌                        | 166/517 [00:01<00:02, 163.22it/s]
Training (loss=2.7864):  32%|███████████▌                        | 166/517 [00:01<00:02, 163.22it/s]
Training (loss=2.6347):  32%|███████████▌                        | 166/517 [00:01<00:02, 163.22it/s]
Training (loss=2.6015):  32%|███████████▌                        | 166/517 [00:01<00:02, 163.22it/s]
Training (loss=2.5833):  32%|███████████▌                        | 166/517 [00:01<00:02, 163.22it/s]
Training (loss=2.6395):  32%|███████████▌                        | 166/517 [00:01<00:02, 163.22it/s]
Training (loss=2.7691):  32%|███████████▌                        | 166/517 [00:01<00:02, 163.22it/s]
Training (loss=2.7691):  35%|████████████▋                       | 183/517 [00:01<00:02, 161.26it/s]
Training (loss=2.7061):  35%|████████████▋                       | 183/517 [00:01<00:02, 161.26it/s]
Training (loss=2.5708):  35%|████████████▋                       | 183/517 [00:01<00:02, 161.26it/s]
Training (loss=2.7291):  35%|████████████▋                       | 183/517 [00:01<00:02, 161.26it/s]
Training (loss=2.7877):  35%|████████████▋                       | 183/517 [00:01<00:02, 161.26it/s]
Training (loss=2.6132):  35%|████████████▋                       | 183/517 [00:01<00:02, 161.26it/s]
Training (loss=2.4078):  35%|████████████▋                       | 183/517 [00:01<00:02, 161.26it/s]
Training (loss=2.5798):  35%|████████████▋                       | 183/517 [00:01<00:02, 161.26it/s]
Training (loss=2.6328):  35%|████████████▋                       | 183/517 [00:01<00:02, 161.26it/s]
Training (loss=2.4675):  35%|████████████▋                       | 183/517 [00:01<00:02, 161.26it/s]
Training (loss=2.6660):  35%|████████████▋                       | 183/517 [00:01<00:02, 161.26it/s]
Training (loss=2.6207):  35%|████████████▋                       | 183/517 [00:01<00:02, 161.26it/s]
Training (loss=2.6887):  35%|████████████▋                       | 183/517 [00:01<00:02, 161.26it/s]
Training (loss=2.5434):  35%|████████████▋                       | 183/517 [00:01<00:02, 161.26it/s]
Training (loss=2.8186):  35%|████████████▋                       | 183/517 [00:01<00:02, 161.26it/s]
Training (loss=2.4741):  35%|████████████▋                       | 183/517 [00:01<00:02, 161.26it/s]
Training (loss=2.5178):  35%|████████████▋                       | 183/517 [00:01<00:02, 161.26it/s]
Training (loss=2.5958):  35%|████████████▋                       | 183/517 [00:01<00:02, 161.26it/s]
Training (loss=2.5958):  39%|█████████████▉                      | 200/517 [00:01<00:01, 161.14it/s]
Training (loss=2.4942):  39%|█████████████▉                      | 200/517 [00:01<00:01, 161.14it/s]
Training (loss=2.6853):  39%|█████████████▉                      | 200/517 [00:01<00:01, 161.14it/s]
Training (loss=2.7859):  39%|█████████████▉                      | 200/517 [00:01<00:01, 161.14it/s]
Training (loss=2.6273):  39%|█████████████▉                      | 200/517 [00:01<00:01, 161.14it/s]
Training (loss=2.6347):  39%|█████████████▉                      | 200/517 [00:01<00:01, 161.14it/s]
Training (loss=2.7410):  39%|█████████████▉                      | 200/517 [00:01<00:01, 161.14it/s]
Training (loss=2.3670):  39%|█████████████▉                      | 200/517 [00:01<00:01, 161.14it/s]
Training (loss=2.5520):  39%|█████████████▉                      | 200/517 [00:01<00:01, 161.14it/s]
Training (loss=2.2706):  39%|█████████████▉                      | 200/517 [00:01<00:01, 161.14it/s]
Training (loss=2.4893):  39%|█████████████▉                      | 200/517 [00:01<00:01, 161.14it/s]
Training (loss=2.6517):  39%|█████████████▉                      | 200/517 [00:01<00:01, 161.14it/s]
Training (loss=2.5760):  39%|█████████████▉                      | 200/517 [00:01<00:01, 161.14it/s]
Training (loss=2.6525):  39%|█████████████▉                      | 200/517 [00:01<00:01, 161.14it/s]
Training (loss=2.5779):  39%|█████████████▉                      | 200/517 [00:01<00:01, 161.14it/s]
Training (loss=2.7246):  39%|█████████████▉                      | 200/517 [00:01<00:01, 161.14it/s]
Training (loss=2.5798):  39%|█████████████▉                      | 200/517 [00:01<00:01, 161.14it/s]
Training (loss=2.5583):  39%|█████████████▉                      | 200/517 [00:01<00:01, 161.14it/s]
Training (loss=2.6199):  39%|█████████████▉                      | 200/517 [00:01<00:01, 161.14it/s]
Training (loss=2.6199):  42%|███████████████▏                    | 218/517 [00:01<00:01, 164.64it/s]
Training (loss=2.5483):  42%|███████████████▏                    | 218/517 [00:01<00:01, 164.64it/s]
Training (loss=2.8152):  42%|███████████████▏                    | 218/517 [00:01<00:01, 164.64it/s]
Training (loss=2.5405):  42%|███████████████▏                    | 218/517 [00:01<00:01, 164.64it/s]
Training (loss=2.6025):  42%|███████████████▏                    | 218/517 [00:01<00:01, 164.64it/s]
Training (loss=2.5523):  42%|███████████████▏                    | 218/517 [00:01<00:01, 164.64it/s]
Training (loss=2.6533):  42%|███████████████▏                    | 218/517 [00:01<00:01, 164.64it/s]
Training (loss=2.6128):  42%|███████████████▏                    | 218/517 [00:01<00:01, 164.64it/s]
Training (loss=2.8229):  42%|███████████████▏                    | 218/517 [00:01<00:01, 164.64it/s]
Training (loss=2.4400):  42%|███████████████▏                    | 218/517 [00:01<00:01, 164.64it/s]
Training (loss=2.7601):  42%|███████████████▏                    | 218/517 [00:01<00:01, 164.64it/s]
Training (loss=2.5820):  42%|███████████████▏                    | 218/517 [00:01<00:01, 164.64it/s]
Training (loss=2.4428):  42%|███████████████▏                    | 218/517 [00:01<00:01, 164.64it/s]
Training (loss=2.6102):  42%|███████████████▏                    | 218/517 [00:01<00:01, 164.64it/s]
Training (loss=2.3066):  42%|███████████████▏                    | 218/517 [00:01<00:01, 164.64it/s]
Training (loss=2.6236):  42%|███████████████▏                    | 218/517 [00:01<00:01, 164.64it/s]
Training (loss=2.5382):  42%|███████████████▏                    | 218/517 [00:01<00:01, 164.64it/s]
Training (loss=2.6379):  42%|███████████████▏                    | 218/517 [00:01<00:01, 164.64it/s]
Training (loss=3.0790):  42%|███████████████▏                    | 218/517 [00:01<00:01, 164.64it/s]
Training (loss=3.0790):  46%|████████████████▍                   | 236/517 [00:01<00:01, 167.80it/s]
Training (loss=2.5573):  46%|████████████████▍                   | 236/517 [00:01<00:01, 167.80it/s]
Training (loss=2.6286):  46%|████████████████▍                   | 236/517 [00:01<00:01, 167.80it/s]
Training (loss=2.5589):  46%|████████████████▍                   | 236/517 [00:01<00:01, 167.80it/s]
Training (loss=2.6524):  46%|████████████████▍                   | 236/517 [00:01<00:01, 167.80it/s]
Training (loss=2.4925):  46%|████████████████▍                   | 236/517 [00:01<00:01, 167.80it/s]
Training (loss=2.4564):  46%|████████████████▍                   | 236/517 [00:01<00:01, 167.80it/s]
Training (loss=2.4082):  46%|████████████████▍                   | 236/517 [00:01<00:01, 167.80it/s]
Training (loss=2.6178):  46%|████████████████▍                   | 236/517 [00:01<00:01, 167.80it/s]
Training (loss=2.6546):  46%|████████████████▍                   | 236/517 [00:01<00:01, 167.80it/s]
Training (loss=2.9074):  46%|████████████████▍                   | 236/517 [00:01<00:01, 167.80it/s]
Training (loss=2.4996):  46%|████████████████▍                   | 236/517 [00:01<00:01, 167.80it/s]
Training (loss=2.4808):  46%|████████████████▍                   | 236/517 [00:01<00:01, 167.80it/s]
Training (loss=2.3602):  46%|████████████████▍                   | 236/517 [00:01<00:01, 167.80it/s]
Training (loss=2.5317):  46%|████████████████▍                   | 236/517 [00:01<00:01, 167.80it/s]
Training (loss=2.7068):  46%|████████████████▍                   | 236/517 [00:01<00:01, 167.80it/s]
Training (loss=2.5702):  46%|████████████████▍                   | 236/517 [00:01<00:01, 167.80it/s]
Training (loss=2.6293):  46%|████████████████▍                   | 236/517 [00:01<00:01, 167.80it/s]
Training (loss=2.6353):  46%|████████████████▍                   | 236/517 [00:01<00:01, 167.80it/s]
Training (loss=2.6353):  49%|█████████████████▋                  | 254/517 [00:01<00:01, 168.63it/s]
Training (loss=2.5844):  49%|█████████████████▋                  | 254/517 [00:01<00:01, 168.63it/s]
Training (loss=2.5794):  49%|█████████████████▋                  | 254/517 [00:01<00:01, 168.63it/s]
Training (loss=2.5197):  49%|█████████████████▋                  | 254/517 [00:01<00:01, 168.63it/s]
Training (loss=2.5558):  49%|█████████████████▋                  | 254/517 [00:01<00:01, 168.63it/s]
Training (loss=2.6183):  49%|█████████████████▋                  | 254/517 [00:01<00:01, 168.63it/s]
Training (loss=2.6000):  49%|█████████████████▋                  | 254/517 [00:01<00:01, 168.63it/s]
Training (loss=2.5087):  49%|█████████████████▋                  | 254/517 [00:01<00:01, 168.63it/s]
Training (loss=2.6257):  49%|█████████████████▋                  | 254/517 [00:01<00:01, 168.63it/s]
Training (loss=2.8666):  49%|█████████████████▋                  | 254/517 [00:01<00:01, 168.63it/s]
Training (loss=2.6044):  49%|█████████████████▋                  | 254/517 [00:01<00:01, 168.63it/s]
Training (loss=2.4719):  49%|█████████████████▋                  | 254/517 [00:01<00:01, 168.63it/s]
Training (loss=2.6257):  49%|█████████████████▋                  | 254/517 [00:01<00:01, 168.63it/s]
Training (loss=2.8180):  49%|█████████████████▋                  | 254/517 [00:01<00:01, 168.63it/s]
Training (loss=2.4321):  49%|█████████████████▋                  | 254/517 [00:01<00:01, 168.63it/s]
Training (loss=2.5911):  49%|█████████████████▋                  | 254/517 [00:01<00:01, 168.63it/s]
Training (loss=2.4889):  49%|█████████████████▋                  | 254/517 [00:01<00:01, 168.63it/s]
Training (loss=2.5059):  49%|█████████████████▋                  | 254/517 [00:01<00:01, 168.63it/s]
Training (loss=2.5059):  52%|██████████████████▊                 | 271/517 [00:01<00:01, 166.59it/s]
Training (loss=2.6313):  52%|██████████████████▊                 | 271/517 [00:01<00:01, 166.59it/s]
Training (loss=2.5189):  52%|██████████████████▊                 | 271/517 [00:01<00:01, 166.59it/s]
Training (loss=2.5524):  52%|██████████████████▊                 | 271/517 [00:01<00:01, 166.59it/s]
Training (loss=2.5988):  52%|██████████████████▊                 | 271/517 [00:01<00:01, 166.59it/s]
Training (loss=2.6077):  52%|██████████████████▊                 | 271/517 [00:01<00:01, 166.59it/s]
Training (loss=2.6246):  52%|██████████████████▊                 | 271/517 [00:01<00:01, 166.59it/s]
Training (loss=2.5161):  52%|██████████████████▊                 | 271/517 [00:01<00:01, 166.59it/s]
Training (loss=2.4100):  52%|██████████████████▊                 | 271/517 [00:01<00:01, 166.59it/s]
Training (loss=2.7593):  52%|██████████████████▊                 | 271/517 [00:01<00:01, 166.59it/s]
Training (loss=2.5186):  52%|██████████████████▊                 | 271/517 [00:01<00:01, 166.59it/s]
Training (loss=2.3927):  52%|██████████████████▊                 | 271/517 [00:01<00:01, 166.59it/s]
Training (loss=2.5262):  52%|██████████████████▊                 | 271/517 [00:01<00:01, 166.59it/s]
Training (loss=2.5883):  52%|██████████████████▊                 | 271/517 [00:01<00:01, 166.59it/s]
Training (loss=2.6541):  52%|██████████████████▊                 | 271/517 [00:01<00:01, 166.59it/s]
Training (loss=2.5600):  52%|██████████████████▊                 | 271/517 [00:01<00:01, 166.59it/s]
Training (loss=2.4474):  52%|██████████████████▊                 | 271/517 [00:01<00:01, 166.59it/s]
Training (loss=2.5880):  52%|██████████████████▊                 | 271/517 [00:01<00:01, 166.59it/s]
Training (loss=2.5880):  56%|████████████████████                | 288/517 [00:01<00:01, 165.57it/s]
Training (loss=2.7267):  56%|████████████████████                | 288/517 [00:01<00:01, 165.57it/s]
Training (loss=2.6511):  56%|████████████████████                | 288/517 [00:01<00:01, 165.57it/s]
Training (loss=2.5235):  56%|████████████████████                | 288/517 [00:01<00:01, 165.57it/s]
Training (loss=3.0137):  56%|████████████████████                | 288/517 [00:01<00:01, 165.57it/s]
Training (loss=2.8004):  56%|████████████████████                | 288/517 [00:01<00:01, 165.57it/s]
Training (loss=2.5564):  56%|████████████████████                | 288/517 [00:01<00:01, 165.57it/s]
Training (loss=2.5757):  56%|████████████████████                | 288/517 [00:01<00:01, 165.57it/s]
Training (loss=2.6173):  56%|████████████████████                | 288/517 [00:01<00:01, 165.57it/s]
Training (loss=2.5946):  56%|████████████████████                | 288/517 [00:01<00:01, 165.57it/s]
Training (loss=2.6915):  56%|████████████████████                | 288/517 [00:01<00:01, 165.57it/s]
Training (loss=2.4961):  56%|████████████████████                | 288/517 [00:01<00:01, 165.57it/s]
Training (loss=2.8383):  56%|████████████████████                | 288/517 [00:02<00:01, 165.57it/s]
Training (loss=2.6334):  56%|████████████████████                | 288/517 [00:02<00:01, 165.57it/s]
Training (loss=2.5212):  56%|████████████████████                | 288/517 [00:02<00:01, 165.57it/s]
Training (loss=2.5839):  56%|████████████████████                | 288/517 [00:02<00:01, 165.57it/s]
Training (loss=2.5361):  56%|████████████████████                | 288/517 [00:02<00:01, 165.57it/s]
Training (loss=2.5501):  56%|████████████████████                | 288/517 [00:02<00:01, 165.57it/s]
Training (loss=2.5501):  59%|█████████████████████▏              | 305/517 [00:02<00:01, 165.72it/s]
Training (loss=2.4914):  59%|█████████████████████▏              | 305/517 [00:02<00:01, 165.72it/s]
Training (loss=2.6949):  59%|█████████████████████▏              | 305/517 [00:02<00:01, 165.72it/s]
Training (loss=2.7708):  59%|█████████████████████▏              | 305/517 [00:02<00:01, 165.72it/s]
Training (loss=2.5295):  59%|█████████████████████▏              | 305/517 [00:02<00:01, 165.72it/s]
Training (loss=2.7995):  59%|█████████████████████▏              | 305/517 [00:02<00:01, 165.72it/s]
Training (loss=2.6555):  59%|█████████████████████▏              | 305/517 [00:02<00:01, 165.72it/s]
Training (loss=2.7609):  59%|█████████████████████▏              | 305/517 [00:02<00:01, 165.72it/s]
Training (loss=2.7061):  59%|█████████████████████▏              | 305/517 [00:02<00:01, 165.72it/s]
Training (loss=2.4964):  59%|█████████████████████▏              | 305/517 [00:02<00:01, 165.72it/s]
Training (loss=2.7492):  59%|█████████████████████▏              | 305/517 [00:02<00:01, 165.72it/s]
Training (loss=2.7279):  59%|█████████████████████▏              | 305/517 [00:02<00:01, 165.72it/s]
Training (loss=2.6326):  59%|█████████████████████▏              | 305/517 [00:02<00:01, 165.72it/s]
Training (loss=2.3499):  59%|█████████████████████▏              | 305/517 [00:02<00:01, 165.72it/s]
Training (loss=2.6117):  59%|█████████████████████▏              | 305/517 [00:02<00:01, 165.72it/s]
Training (loss=2.7383):  59%|█████████████████████▏              | 305/517 [00:02<00:01, 165.72it/s]
Training (loss=2.5602):  59%|█████████████████████▏              | 305/517 [00:02<00:01, 165.72it/s]
Training (loss=2.5212):  59%|█████████████████████▏              | 305/517 [00:02<00:01, 165.72it/s]
Training (loss=2.5212):  62%|██████████████████████▍             | 322/517 [00:02<00:01, 164.67it/s]
Training (loss=2.7324):  62%|██████████████████████▍             | 322/517 [00:02<00:01, 164.67it/s]
Training (loss=2.5437):  62%|██████████████████████▍             | 322/517 [00:02<00:01, 164.67it/s]
Training (loss=2.6773):  62%|██████████████████████▍             | 322/517 [00:02<00:01, 164.67it/s]
Training (loss=2.6626):  62%|██████████████████████▍             | 322/517 [00:02<00:01, 164.67it/s]
Training (loss=2.5646):  62%|██████████████████████▍             | 322/517 [00:02<00:01, 164.67it/s]
Training (loss=2.5965):  62%|██████████████████████▍             | 322/517 [00:02<00:01, 164.67it/s]
Training (loss=2.5644):  62%|██████████████████████▍             | 322/517 [00:02<00:01, 164.67it/s]
Training (loss=2.7576):  62%|██████████████████████▍             | 322/517 [00:02<00:01, 164.67it/s]
Training (loss=2.4167):  62%|██████████████████████▍             | 322/517 [00:02<00:01, 164.67it/s]
Training (loss=2.5151):  62%|██████████████████████▍             | 322/517 [00:02<00:01, 164.67it/s]
Training (loss=2.4992):  62%|██████████████████████▍             | 322/517 [00:02<00:01, 164.67it/s]
Training (loss=2.8824):  62%|██████████████████████▍             | 322/517 [00:02<00:01, 164.67it/s]
Training (loss=2.4319):  62%|██████████████████████▍             | 322/517 [00:02<00:01, 164.67it/s]
Training (loss=2.7196):  62%|██████████████████████▍             | 322/517 [00:02<00:01, 164.67it/s]
Training (loss=2.5176):  62%|██████████████████████▍             | 322/517 [00:02<00:01, 164.67it/s]
Training (loss=2.6181):  62%|██████████████████████▍             | 322/517 [00:02<00:01, 164.67it/s]
Training (loss=2.5954):  62%|██████████████████████▍             | 322/517 [00:02<00:01, 164.67it/s]
Training (loss=2.5954):  66%|███████████████████████▌            | 339/517 [00:02<00:01, 165.07it/s]
Training (loss=2.5845):  66%|███████████████████████▌            | 339/517 [00:02<00:01, 165.07it/s]
Training (loss=2.6798):  66%|███████████████████████▌            | 339/517 [00:02<00:01, 165.07it/s]
Training (loss=2.4165):  66%|███████████████████████▌            | 339/517 [00:02<00:01, 165.07it/s]
Training (loss=2.7430):  66%|███████████████████████▌            | 339/517 [00:02<00:01, 165.07it/s]
Training (loss=2.6709):  66%|███████████████████████▌            | 339/517 [00:02<00:01, 165.07it/s]
Training (loss=2.5898):  66%|███████████████████████▌            | 339/517 [00:02<00:01, 165.07it/s]
Training (loss=2.6279):  66%|███████████████████████▌            | 339/517 [00:02<00:01, 165.07it/s]
Training (loss=2.7926):  66%|███████████████████████▌            | 339/517 [00:02<00:01, 165.07it/s]
Training (loss=2.5293):  66%|███████████████████████▌            | 339/517 [00:02<00:01, 165.07it/s]
Training (loss=2.4566):  66%|███████████████████████▌            | 339/517 [00:02<00:01, 165.07it/s]
Training (loss=2.6317):  66%|███████████████████████▌            | 339/517 [00:02<00:01, 165.07it/s]
Training (loss=2.5113):  66%|███████████████████████▌            | 339/517 [00:02<00:01, 165.07it/s]
Training (loss=2.4585):  66%|███████████████████████▌            | 339/517 [00:02<00:01, 165.07it/s]
Training (loss=2.5429):  66%|███████████████████████▌            | 339/517 [00:02<00:01, 165.07it/s]
Training (loss=2.3125):  66%|███████████████████████▌            | 339/517 [00:02<00:01, 165.07it/s]
Training (loss=2.8030):  66%|███████████████████████▌            | 339/517 [00:02<00:01, 165.07it/s]
Training (loss=2.4807):  66%|███████████████████████▌            | 339/517 [00:02<00:01, 165.07it/s]
Training (loss=2.4807):  69%|████████████████████████▊           | 356/517 [00:02<00:00, 162.17it/s]
Training (loss=2.5928):  69%|████████████████████████▊           | 356/517 [00:02<00:00, 162.17it/s]
Training (loss=2.4847):  69%|████████████████████████▊           | 356/517 [00:02<00:00, 162.17it/s]
Training (loss=2.5347):  69%|████████████████████████▊           | 356/517 [00:02<00:00, 162.17it/s]
Training (loss=2.4578):  69%|████████████████████████▊           | 356/517 [00:02<00:00, 162.17it/s]
Training (loss=2.4920):  69%|████████████████████████▊           | 356/517 [00:02<00:00, 162.17it/s]
Training (loss=2.5726):  69%|████████████████████████▊           | 356/517 [00:02<00:00, 162.17it/s]
Training (loss=2.6741):  69%|████████████████████████▊           | 356/517 [00:02<00:00, 162.17it/s]
Training (loss=2.7328):  69%|████████████████████████▊           | 356/517 [00:02<00:00, 162.17it/s]
Training (loss=2.7091):  69%|████████████████████████▊           | 356/517 [00:02<00:00, 162.17it/s]
Training (loss=2.6716):  69%|████████████████████████▊           | 356/517 [00:02<00:00, 162.17it/s]
Training (loss=2.5179):  69%|████████████████████████▊           | 356/517 [00:02<00:00, 162.17it/s]
Training (loss=2.6226):  69%|████████████████████████▊           | 356/517 [00:02<00:00, 162.17it/s]
Training (loss=2.5114):  69%|████████████████████████▊           | 356/517 [00:02<00:00, 162.17it/s]
Training (loss=2.4844):  69%|████████████████████████▊           | 356/517 [00:02<00:00, 162.17it/s]
Training (loss=2.6933):  69%|████████████████████████▊           | 356/517 [00:02<00:00, 162.17it/s]
Training (loss=2.5682):  69%|████████████████████████▊           | 356/517 [00:02<00:00, 162.17it/s]
Training (loss=2.7157):  69%|████████████████████████▊           | 356/517 [00:02<00:00, 162.17it/s]
Training (loss=2.7157):  72%|█████████████████████████▉          | 373/517 [00:02<00:00, 162.51it/s]
Training (loss=2.7639):  72%|█████████████████████████▉          | 373/517 [00:02<00:00, 162.51it/s]
Training (loss=2.5002):  72%|█████████████████████████▉          | 373/517 [00:02<00:00, 162.51it/s]
Training (loss=2.5390):  72%|█████████████████████████▉          | 373/517 [00:02<00:00, 162.51it/s]
Training (loss=2.6232):  72%|█████████████████████████▉          | 373/517 [00:02<00:00, 162.51it/s]
Training (loss=2.5693):  72%|█████████████████████████▉          | 373/517 [00:02<00:00, 162.51it/s]
Training (loss=2.5874):  72%|█████████████████████████▉          | 373/517 [00:02<00:00, 162.51it/s]
Training (loss=2.5841):  72%|█████████████████████████▉          | 373/517 [00:02<00:00, 162.51it/s]
Training (loss=2.4232):  72%|█████████████████████████▉          | 373/517 [00:02<00:00, 162.51it/s]
Training (loss=2.4361):  72%|█████████████████████████▉          | 373/517 [00:02<00:00, 162.51it/s]
Training (loss=2.5241):  72%|█████████████████████████▉          | 373/517 [00:02<00:00, 162.51it/s]
Training (loss=2.7624):  72%|█████████████████████████▉          | 373/517 [00:02<00:00, 162.51it/s]
Training (loss=2.5833):  72%|█████████████████████████▉          | 373/517 [00:02<00:00, 162.51it/s]
Training (loss=2.7852):  72%|█████████████████████████▉          | 373/517 [00:02<00:00, 162.51it/s]
Training (loss=2.4606):  72%|█████████████████████████▉          | 373/517 [00:02<00:00, 162.51it/s]
Training (loss=2.5039):  72%|█████████████████████████▉          | 373/517 [00:02<00:00, 162.51it/s]
Training (loss=2.7105):  72%|█████████████████████████▉          | 373/517 [00:02<00:00, 162.51it/s]
Training (loss=2.5209):  72%|█████████████████████████▉          | 373/517 [00:02<00:00, 162.51it/s]
Training (loss=2.5209):  75%|███████████████████████████▏        | 390/517 [00:02<00:00, 163.23it/s]
Training (loss=2.6939):  75%|███████████████████████████▏        | 390/517 [00:02<00:00, 163.23it/s]
Training (loss=2.4190):  75%|███████████████████████████▏        | 390/517 [00:02<00:00, 163.23it/s]
Training (loss=2.4806):  75%|███████████████████████████▏        | 390/517 [00:02<00:00, 163.23it/s]
Training (loss=2.3708):  75%|███████████████████████████▏        | 390/517 [00:02<00:00, 163.23it/s]
Training (loss=2.4492):  75%|███████████████████████████▏        | 390/517 [00:02<00:00, 163.23it/s]
Training (loss=2.4348):  75%|███████████████████████████▏        | 390/517 [00:02<00:00, 163.23it/s]
Training (loss=2.5397):  75%|███████████████████████████▏        | 390/517 [00:02<00:00, 163.23it/s]
Training (loss=2.6320):  75%|███████████████████████████▏        | 390/517 [00:02<00:00, 163.23it/s]
Training (loss=2.6047):  75%|███████████████████████████▏        | 390/517 [00:02<00:00, 163.23it/s]
Training (loss=2.7936):  75%|███████████████████████████▏        | 390/517 [00:02<00:00, 163.23it/s]
Training (loss=2.5930):  75%|███████████████████████████▏        | 390/517 [00:02<00:00, 163.23it/s]
Training (loss=2.7532):  75%|███████████████████████████▏        | 390/517 [00:02<00:00, 163.23it/s]
Training (loss=2.7105):  75%|███████████████████████████▏        | 390/517 [00:02<00:00, 163.23it/s]
Training (loss=2.6710):  75%|███████████████████████████▏        | 390/517 [00:02<00:00, 163.23it/s]
Training (loss=2.6084):  75%|███████████████████████████▏        | 390/517 [00:02<00:00, 163.23it/s]
Training (loss=2.4729):  75%|███████████████████████████▏        | 390/517 [00:02<00:00, 163.23it/s]
Training (loss=2.5566):  75%|███████████████████████████▏        | 390/517 [00:02<00:00, 163.23it/s]
Training (loss=2.4302):  75%|███████████████████████████▏        | 390/517 [00:02<00:00, 163.23it/s]
Training (loss=2.4302):  79%|████████████████████████████▍       | 408/517 [00:02<00:00, 165.87it/s]
Training (loss=2.4997):  79%|████████████████████████████▍       | 408/517 [00:02<00:00, 165.87it/s]
Training (loss=2.6463):  79%|████████████████████████████▍       | 408/517 [00:02<00:00, 165.87it/s]
Training (loss=2.6554):  79%|████████████████████████████▍       | 408/517 [00:02<00:00, 165.87it/s]
Training (loss=2.4720):  79%|████████████████████████████▍       | 408/517 [00:02<00:00, 165.87it/s]
Training (loss=2.5121):  79%|████████████████████████████▍       | 408/517 [00:02<00:00, 165.87it/s]
Training (loss=2.4538):  79%|████████████████████████████▍       | 408/517 [00:02<00:00, 165.87it/s]
Training (loss=2.5540):  79%|████████████████████████████▍       | 408/517 [00:02<00:00, 165.87it/s]
Training (loss=2.7757):  79%|████████████████████████████▍       | 408/517 [00:02<00:00, 165.87it/s]
Training (loss=2.5482):  79%|████████████████████████████▍       | 408/517 [00:02<00:00, 165.87it/s]
Training (loss=2.6143):  79%|████████████████████████████▍       | 408/517 [00:02<00:00, 165.87it/s]
Training (loss=2.5745):  79%|████████████████████████████▍       | 408/517 [00:02<00:00, 165.87it/s]
Training (loss=2.5984):  79%|████████████████████████████▍       | 408/517 [00:02<00:00, 165.87it/s]
Training (loss=2.6616):  79%|████████████████████████████▍       | 408/517 [00:02<00:00, 165.87it/s]
Training (loss=2.5745):  79%|████████████████████████████▍       | 408/517 [00:02<00:00, 165.87it/s]
Training (loss=2.4689):  79%|████████████████████████████▍       | 408/517 [00:02<00:00, 165.87it/s]
Training (loss=2.6023):  79%|████████████████████████████▍       | 408/517 [00:02<00:00, 165.87it/s]
Training (loss=2.7334):  79%|████████████████████████████▍       | 408/517 [00:02<00:00, 165.87it/s]
Training (loss=2.7334):  82%|█████████████████████████████▌      | 425/517 [00:02<00:00, 166.01it/s]
Training (loss=2.7973):  82%|█████████████████████████████▌      | 425/517 [00:02<00:00, 166.01it/s]
Training (loss=2.2600):  82%|█████████████████████████████▌      | 425/517 [00:02<00:00, 166.01it/s]
Training (loss=2.5394):  82%|█████████████████████████████▌      | 425/517 [00:02<00:00, 166.01it/s]
Training (loss=2.4970):  82%|█████████████████████████████▌      | 425/517 [00:02<00:00, 166.01it/s]
Training (loss=2.4872):  82%|█████████████████████████████▌      | 425/517 [00:02<00:00, 166.01it/s]
Training (loss=2.7098):  82%|█████████████████████████████▌      | 425/517 [00:02<00:00, 166.01it/s]
Training (loss=2.6895):  82%|█████████████████████████████▌      | 425/517 [00:02<00:00, 166.01it/s]
Training (loss=2.5748):  82%|█████████████████████████████▌      | 425/517 [00:02<00:00, 166.01it/s]
Training (loss=2.4753):  82%|█████████████████████████████▌      | 425/517 [00:02<00:00, 166.01it/s]
Training (loss=2.6478):  82%|█████████████████████████████▌      | 425/517 [00:02<00:00, 166.01it/s]
Training (loss=2.7108):  82%|█████████████████████████████▌      | 425/517 [00:02<00:00, 166.01it/s]
Training (loss=2.4878):  82%|█████████████████████████████▌      | 425/517 [00:02<00:00, 166.01it/s]
Training (loss=2.4727):  82%|█████████████████████████████▌      | 425/517 [00:02<00:00, 166.01it/s]
Training (loss=2.5206):  82%|█████████████████████████████▌      | 425/517 [00:02<00:00, 166.01it/s]
Training (loss=2.7095):  82%|█████████████████████████████▌      | 425/517 [00:02<00:00, 166.01it/s]
Training (loss=2.5975):  82%|█████████████████████████████▌      | 425/517 [00:02<00:00, 166.01it/s]
Training (loss=2.7394):  82%|█████████████████████████████▌      | 425/517 [00:02<00:00, 166.01it/s]
Training (loss=2.7394):  85%|██████████████████████████████▊     | 442/517 [00:02<00:00, 165.57it/s]
Training (loss=2.6091):  85%|██████████████████████████████▊     | 442/517 [00:02<00:00, 165.57it/s]
Training (loss=2.6343):  85%|██████████████████████████████▊     | 442/517 [00:02<00:00, 165.57it/s]
Training (loss=2.6661):  85%|██████████████████████████████▊     | 442/517 [00:02<00:00, 165.57it/s]
Training (loss=2.7302):  85%|██████████████████████████████▊     | 442/517 [00:02<00:00, 165.57it/s]
Training (loss=2.6712):  85%|██████████████████████████████▊     | 442/517 [00:02<00:00, 165.57it/s]
Training (loss=2.7818):  85%|██████████████████████████████▊     | 442/517 [00:02<00:00, 165.57it/s]
Training (loss=2.6940):  85%|██████████████████████████████▊     | 442/517 [00:02<00:00, 165.57it/s]
Training (loss=2.6160):  85%|██████████████████████████████▊     | 442/517 [00:02<00:00, 165.57it/s]
Training (loss=2.6541):  85%|██████████████████████████████▊     | 442/517 [00:02<00:00, 165.57it/s]
Training (loss=2.4127):  85%|██████████████████████████████▊     | 442/517 [00:02<00:00, 165.57it/s]
Training (loss=2.6797):  85%|██████████████████████████████▊     | 442/517 [00:02<00:00, 165.57it/s]
Training (loss=2.5120):  85%|██████████████████████████████▊     | 442/517 [00:02<00:00, 165.57it/s]
Training (loss=2.7302):  85%|██████████████████████████████▊     | 442/517 [00:02<00:00, 165.57it/s]
Training (loss=2.5976):  85%|██████████████████████████████▊     | 442/517 [00:02<00:00, 165.57it/s]
Training (loss=2.3877):  85%|██████████████████████████████▊     | 442/517 [00:02<00:00, 165.57it/s]
Training (loss=2.6515):  85%|██████████████████████████████▊     | 442/517 [00:02<00:00, 165.57it/s]
Training (loss=2.6353):  85%|██████████████████████████████▊     | 442/517 [00:02<00:00, 165.57it/s]
Training (loss=2.6353):  89%|███████████████████████████████▉    | 459/517 [00:02<00:00, 164.78it/s]
Training (loss=2.4629):  89%|███████████████████████████████▉    | 459/517 [00:02<00:00, 164.78it/s]
Training (loss=2.5755):  89%|███████████████████████████████▉    | 459/517 [00:02<00:00, 164.78it/s]
Training (loss=2.4437):  89%|███████████████████████████████▉    | 459/517 [00:02<00:00, 164.78it/s]
Training (loss=2.4260):  89%|███████████████████████████████▉    | 459/517 [00:02<00:00, 164.78it/s]
Training (loss=2.7401):  89%|███████████████████████████████▉    | 459/517 [00:03<00:00, 164.78it/s]
Training (loss=2.9388):  89%|███████████████████████████████▉    | 459/517 [00:03<00:00, 164.78it/s]
Training (loss=2.6171):  89%|███████████████████████████████▉    | 459/517 [00:03<00:00, 164.78it/s]
Training (loss=2.7263):  89%|███████████████████████████████▉    | 459/517 [00:03<00:00, 164.78it/s]
Training (loss=2.5750):  89%|███████████████████████████████▉    | 459/517 [00:03<00:00, 164.78it/s]
Training (loss=2.6209):  89%|███████████████████████████████▉    | 459/517 [00:03<00:00, 164.78it/s]
Training (loss=2.6629):  89%|███████████████████████████████▉    | 459/517 [00:03<00:00, 164.78it/s]
Training (loss=2.6144):  89%|███████████████████████████████▉    | 459/517 [00:03<00:00, 164.78it/s]
Training (loss=2.5565):  89%|███████████████████████████████▉    | 459/517 [00:03<00:00, 164.78it/s]
Training (loss=2.6796):  89%|███████████████████████████████▉    | 459/517 [00:03<00:00, 164.78it/s]
Training (loss=2.6146):  89%|███████████████████████████████▉    | 459/517 [00:03<00:00, 164.78it/s]
Training (loss=2.4876):  89%|███████████████████████████████▉    | 459/517 [00:03<00:00, 164.78it/s]
Training (loss=2.5160):  89%|███████████████████████████████▉    | 459/517 [00:03<00:00, 164.78it/s]
Training (loss=2.5160):  92%|█████████████████████████████████▏  | 476/517 [00:03<00:00, 162.82it/s]
Training (loss=2.5469):  92%|█████████████████████████████████▏  | 476/517 [00:03<00:00, 162.82it/s]
Training (loss=2.4470):  92%|█████████████████████████████████▏  | 476/517 [00:03<00:00, 162.82it/s]
Training (loss=2.7685):  92%|█████████████████████████████████▏  | 476/517 [00:03<00:00, 162.82it/s]
Training (loss=2.5651):  92%|█████████████████████████████████▏  | 476/517 [00:03<00:00, 162.82it/s]
Training (loss=2.6712):  92%|█████████████████████████████████▏  | 476/517 [00:03<00:00, 162.82it/s]
Training (loss=2.6547):  92%|█████████████████████████████████▏  | 476/517 [00:03<00:00, 162.82it/s]
Training (loss=2.6530):  92%|█████████████████████████████████▏  | 476/517 [00:03<00:00, 162.82it/s]
Training (loss=2.5440):  92%|█████████████████████████████████▏  | 476/517 [00:03<00:00, 162.82it/s]
Training (loss=2.5680):  92%|█████████████████████████████████▏  | 476/517 [00:03<00:00, 162.82it/s]
Training (loss=2.4618):  92%|█████████████████████████████████▏  | 476/517 [00:03<00:00, 162.82it/s]
Training (loss=2.5934):  92%|█████████████████████████████████▏  | 476/517 [00:03<00:00, 162.82it/s]
Training (loss=2.5967):  92%|█████████████████████████████████▏  | 476/517 [00:03<00:00, 162.82it/s]
Training (loss=2.6252):  92%|█████████████████████████████████▏  | 476/517 [00:03<00:00, 162.82it/s]
Training (loss=2.7149):  92%|█████████████████████████████████▏  | 476/517 [00:03<00:00, 162.82it/s]
Training (loss=2.6036):  92%|█████████████████████████████████▏  | 476/517 [00:03<00:00, 162.82it/s]
Training (loss=2.7761):  92%|█████████████████████████████████▏  | 476/517 [00:03<00:00, 162.82it/s]
Training (loss=2.6303):  92%|█████████████████████████████████▏  | 476/517 [00:03<00:00, 162.82it/s]
Training (loss=2.6303):  95%|██████████████████████████████████▎ | 493/517 [00:03<00:00, 162.18it/s]
Training (loss=2.6599):  95%|██████████████████████████████████▎ | 493/517 [00:03<00:00, 162.18it/s]
Training (loss=2.5779):  95%|██████████████████████████████████▎ | 493/517 [00:03<00:00, 162.18it/s]
Training (loss=2.3455):  95%|██████████████████████████████████▎ | 493/517 [00:03<00:00, 162.18it/s]
Training (loss=2.7210):  95%|██████████████████████████████████▎ | 493/517 [00:03<00:00, 162.18it/s]
Training (loss=2.7163):  95%|██████████████████████████████████▎ | 493/517 [00:03<00:00, 162.18it/s]
Training (loss=2.4841):  95%|██████████████████████████████████▎ | 493/517 [00:03<00:00, 162.18it/s]
Training (loss=2.6634):  95%|██████████████████████████████████▎ | 493/517 [00:03<00:00, 162.18it/s]
Training (loss=2.9153):  95%|██████████████████████████████████▎ | 493/517 [00:03<00:00, 162.18it/s]
Training (loss=2.6267):  95%|██████████████████████████████████▎ | 493/517 [00:03<00:00, 162.18it/s]
Training (loss=2.3975):  95%|██████████████████████████████████▎ | 493/517 [00:03<00:00, 162.18it/s]
Training (loss=2.6125):  95%|██████████████████████████████████▎ | 493/517 [00:03<00:00, 162.18it/s]
Training (loss=2.5555):  95%|██████████████████████████████████▎ | 493/517 [00:03<00:00, 162.18it/s]
Training (loss=2.5166):  95%|██████████████████████████████████▎ | 493/517 [00:03<00:00, 162.18it/s]
Training (loss=2.6706):  95%|██████████████████████████████████▎ | 493/517 [00:03<00:00, 162.18it/s]
Training (loss=2.6826):  95%|██████████████████████████████████▎ | 493/517 [00:03<00:00, 162.18it/s]
Training (loss=2.5244):  95%|██████████████████████████████████▎ | 493/517 [00:03<00:00, 162.18it/s]
Training (loss=2.5789):  95%|██████████████████████████████████▎ | 493/517 [00:03<00:00, 162.18it/s]
Training (loss=2.5789):  99%|███████████████████████████████████▌| 510/517 [00:03<00:00, 161.47it/s]
Training (loss=2.5363):  99%|███████████████████████████████████▌| 510/517 [00:03<00:00, 161.47it/s]
Training (loss=2.7121):  99%|███████████████████████████████████▌| 510/517 [00:03<00:00, 161.47it/s]
Training (loss=2.5185):  99%|███████████████████████████████████▌| 510/517 [00:03<00:00, 161.47it/s]
Training (loss=2.5675):  99%|███████████████████████████████████▌| 510/517 [00:03<00:00, 161.47it/s]
Training (loss=2.6372):  99%|███████████████████████████████████▌| 510/517 [00:03<00:00, 161.47it/s]
Training (loss=2.8473):  99%|███████████████████████████████████▌| 510/517 [00:03<00:00, 161.47it/s]
Training (loss=2.5071):  99%|███████████████████████████████████▌| 510/517 [00:03<00:00, 161.47it/s]
Training (loss=2.5071): 100%|████████████████████████████████████| 517/517 [00:03<00:00, 151.35it/s]
Evaluating on validation set...
Validation loss: 2.6333
Epoch 4/5 - Train loss: 2.5994, Val loss: 2.6333

Epoch 5/5

Training:   0%|                                                             | 0/517 [00:00<?, ?it/s]
Training (loss=2.5983):   0%|                                               | 0/517 [00:00<?, ?it/s]
Training (loss=2.5983):   0%|                                       | 1/517 [00:00<01:12,  7.14it/s]
Training (loss=2.6007):   0%|                                       | 1/517 [00:00<01:12,  7.14it/s]
Training (loss=2.5200):   0%|                                       | 1/517 [00:00<01:12,  7.14it/s]
Training (loss=2.5909):   0%|                                       | 1/517 [00:00<01:12,  7.14it/s]
Training (loss=2.8077):   0%|                                       | 1/517 [00:00<01:12,  7.14it/s]
Training (loss=2.4605):   0%|                                       | 1/517 [00:00<01:12,  7.14it/s]
Training (loss=2.6545):   0%|                                       | 1/517 [00:00<01:12,  7.14it/s]
Training (loss=2.5322):   0%|                                       | 1/517 [00:00<01:12,  7.14it/s]
Training (loss=2.5897):   0%|                                       | 1/517 [00:00<01:12,  7.14it/s]
Training (loss=2.6133):   0%|                                       | 1/517 [00:00<01:12,  7.14it/s]
Training (loss=2.5725):   0%|                                       | 1/517 [00:00<01:12,  7.14it/s]
Training (loss=2.7687):   0%|                                       | 1/517 [00:00<01:12,  7.14it/s]
Training (loss=2.7569):   0%|                                       | 1/517 [00:00<01:12,  7.14it/s]
Training (loss=2.6285):   0%|                                       | 1/517 [00:00<01:12,  7.14it/s]
Training (loss=2.3857):   0%|                                       | 1/517 [00:00<01:12,  7.14it/s]
Training (loss=2.5915):   0%|                                       | 1/517 [00:00<01:12,  7.14it/s]
Training (loss=2.6112):   0%|                                       | 1/517 [00:00<01:12,  7.14it/s]
Training (loss=2.5362):   0%|                                       | 1/517 [00:00<01:12,  7.14it/s]
Training (loss=2.5362):   3%|█▎                                    | 18/517 [00:00<00:05, 86.97it/s]
Training (loss=2.4694):   3%|█▎                                    | 18/517 [00:00<00:05, 86.97it/s]
Training (loss=2.6301):   3%|█▎                                    | 18/517 [00:00<00:05, 86.97it/s]
Training (loss=2.6140):   3%|█▎                                    | 18/517 [00:00<00:05, 86.97it/s]
Training (loss=2.6429):   3%|█▎                                    | 18/517 [00:00<00:05, 86.97it/s]
Training (loss=2.5375):   3%|█▎                                    | 18/517 [00:00<00:05, 86.97it/s]
Training (loss=2.4702):   3%|█▎                                    | 18/517 [00:00<00:05, 86.97it/s]
Training (loss=2.5706):   3%|█▎                                    | 18/517 [00:00<00:05, 86.97it/s]
Training (loss=2.6858):   3%|█▎                                    | 18/517 [00:00<00:05, 86.97it/s]
Training (loss=2.5235):   3%|█▎                                    | 18/517 [00:00<00:05, 86.97it/s]
Training (loss=2.7269):   3%|█▎                                    | 18/517 [00:00<00:05, 86.97it/s]
Training (loss=2.6698):   3%|█▎                                    | 18/517 [00:00<00:05, 86.97it/s]
Training (loss=2.5171):   3%|█▎                                    | 18/517 [00:00<00:05, 86.97it/s]
Training (loss=2.6602):   3%|█▎                                    | 18/517 [00:00<00:05, 86.97it/s]
Training (loss=2.5699):   3%|█▎                                    | 18/517 [00:00<00:05, 86.97it/s]
Training (loss=2.4415):   3%|█▎                                    | 18/517 [00:00<00:05, 86.97it/s]
Training (loss=2.4973):   3%|█▎                                    | 18/517 [00:00<00:05, 86.97it/s]
Training (loss=2.7088):   3%|█▎                                    | 18/517 [00:00<00:05, 86.97it/s]
Training (loss=2.7088):   7%|██▌                                  | 35/517 [00:00<00:04, 118.24it/s]
Training (loss=2.3604):   7%|██▌                                  | 35/517 [00:00<00:04, 118.24it/s]
Training (loss=2.5173):   7%|██▌                                  | 35/517 [00:00<00:04, 118.24it/s]
Training (loss=2.3587):   7%|██▌                                  | 35/517 [00:00<00:04, 118.24it/s]
Training (loss=2.9320):   7%|██▌                                  | 35/517 [00:00<00:04, 118.24it/s]
Training (loss=2.5578):   7%|██▌                                  | 35/517 [00:00<00:04, 118.24it/s]
Training (loss=2.5242):   7%|██▌                                  | 35/517 [00:00<00:04, 118.24it/s]
Training (loss=2.6587):   7%|██▌                                  | 35/517 [00:00<00:04, 118.24it/s]
Training (loss=2.7351):   7%|██▌                                  | 35/517 [00:00<00:04, 118.24it/s]
Training (loss=2.6986):   7%|██▌                                  | 35/517 [00:00<00:04, 118.24it/s]
Training (loss=2.6341):   7%|██▌                                  | 35/517 [00:00<00:04, 118.24it/s]
Training (loss=2.6227):   7%|██▌                                  | 35/517 [00:00<00:04, 118.24it/s]
Training (loss=2.5691):   7%|██▌                                  | 35/517 [00:00<00:04, 118.24it/s]
Training (loss=2.5796):   7%|██▌                                  | 35/517 [00:00<00:04, 118.24it/s]
Training (loss=2.6365):   7%|██▌                                  | 35/517 [00:00<00:04, 118.24it/s]
Training (loss=2.8297):   7%|██▌                                  | 35/517 [00:00<00:04, 118.24it/s]
Training (loss=2.4571):   7%|██▌                                  | 35/517 [00:00<00:04, 118.24it/s]
Training (loss=2.4966):   7%|██▌                                  | 35/517 [00:00<00:04, 118.24it/s]
Training (loss=2.4966):  10%|███▋                                 | 52/517 [00:00<00:03, 135.45it/s]
Training (loss=2.6821):  10%|███▋                                 | 52/517 [00:00<00:03, 135.45it/s]
Training (loss=2.5780):  10%|███▋                                 | 52/517 [00:00<00:03, 135.45it/s]
Training (loss=2.7230):  10%|███▋                                 | 52/517 [00:00<00:03, 135.45it/s]
Training (loss=2.4525):  10%|███▋                                 | 52/517 [00:00<00:03, 135.45it/s]
Training (loss=2.8363):  10%|███▋                                 | 52/517 [00:00<00:03, 135.45it/s]
Training (loss=2.6590):  10%|███▋                                 | 52/517 [00:00<00:03, 135.45it/s]
Training (loss=2.5848):  10%|███▋                                 | 52/517 [00:00<00:03, 135.45it/s]
Training (loss=2.5813):  10%|███▋                                 | 52/517 [00:00<00:03, 135.45it/s]
Training (loss=2.6582):  10%|███▋                                 | 52/517 [00:00<00:03, 135.45it/s]
Training (loss=2.6884):  10%|███▋                                 | 52/517 [00:00<00:03, 135.45it/s]
Training (loss=2.6725):  10%|███▋                                 | 52/517 [00:00<00:03, 135.45it/s]
Training (loss=2.5309):  10%|███▋                                 | 52/517 [00:00<00:03, 135.45it/s]
Training (loss=2.7239):  10%|███▋                                 | 52/517 [00:00<00:03, 135.45it/s]
Training (loss=2.5635):  10%|███▋                                 | 52/517 [00:00<00:03, 135.45it/s]
Training (loss=2.5608):  10%|███▋                                 | 52/517 [00:00<00:03, 135.45it/s]
Training (loss=2.4500):  10%|███▋                                 | 52/517 [00:00<00:03, 135.45it/s]
Training (loss=2.5827):  10%|███▋                                 | 52/517 [00:00<00:03, 135.45it/s]
Training (loss=2.5237):  10%|███▋                                 | 52/517 [00:00<00:03, 135.45it/s]
Training (loss=2.5237):  14%|█████                                | 70/517 [00:00<00:03, 148.44it/s]
Training (loss=2.5972):  14%|█████                                | 70/517 [00:00<00:03, 148.44it/s]
Training (loss=2.6124):  14%|█████                                | 70/517 [00:00<00:03, 148.44it/s]
Training (loss=2.4493):  14%|█████                                | 70/517 [00:00<00:03, 148.44it/s]
Training (loss=2.6046):  14%|█████                                | 70/517 [00:00<00:03, 148.44it/s]
Training (loss=2.6947):  14%|█████                                | 70/517 [00:00<00:03, 148.44it/s]
Training (loss=2.5385):  14%|█████                                | 70/517 [00:00<00:03, 148.44it/s]
Training (loss=2.6888):  14%|█████                                | 70/517 [00:00<00:03, 148.44it/s]
Training (loss=2.4574):  14%|█████                                | 70/517 [00:00<00:03, 148.44it/s]
Training (loss=2.8427):  14%|█████                                | 70/517 [00:00<00:03, 148.44it/s]
Training (loss=2.4547):  14%|█████                                | 70/517 [00:00<00:03, 148.44it/s]
Training (loss=2.5038):  14%|█████                                | 70/517 [00:00<00:03, 148.44it/s]
Training (loss=2.4999):  14%|█████                                | 70/517 [00:00<00:03, 148.44it/s]
Training (loss=2.4873):  14%|█████                                | 70/517 [00:00<00:03, 148.44it/s]
Training (loss=2.6366):  14%|█████                                | 70/517 [00:00<00:03, 148.44it/s]
Training (loss=2.7049):  14%|█████                                | 70/517 [00:00<00:03, 148.44it/s]
Training (loss=2.4408):  14%|█████                                | 70/517 [00:00<00:03, 148.44it/s]
Training (loss=2.6689):  14%|█████                                | 70/517 [00:00<00:03, 148.44it/s]
Training (loss=2.6883):  14%|█████                                | 70/517 [00:00<00:03, 148.44it/s]
Training (loss=2.6883):  17%|██████▎                              | 88/517 [00:00<00:02, 156.82it/s]
Training (loss=2.5330):  17%|██████▎                              | 88/517 [00:00<00:02, 156.82it/s]
Training (loss=2.5059):  17%|██████▎                              | 88/517 [00:00<00:02, 156.82it/s]
Training (loss=2.7205):  17%|██████▎                              | 88/517 [00:00<00:02, 156.82it/s]
Training (loss=2.5132):  17%|██████▎                              | 88/517 [00:00<00:02, 156.82it/s]
Training (loss=2.5472):  17%|██████▎                              | 88/517 [00:00<00:02, 156.82it/s]
Training (loss=2.5557):  17%|██████▎                              | 88/517 [00:00<00:02, 156.82it/s]
Training (loss=2.5220):  17%|██████▎                              | 88/517 [00:00<00:02, 156.82it/s]
Training (loss=2.6184):  17%|██████▎                              | 88/517 [00:00<00:02, 156.82it/s]
Training (loss=2.5185):  17%|██████▎                              | 88/517 [00:00<00:02, 156.82it/s]
Training (loss=2.3540):  17%|██████▎                              | 88/517 [00:00<00:02, 156.82it/s]
Training (loss=2.5638):  17%|██████▎                              | 88/517 [00:00<00:02, 156.82it/s]
Training (loss=2.6486):  17%|██████▎                              | 88/517 [00:00<00:02, 156.82it/s]
Training (loss=2.5245):  17%|██████▎                              | 88/517 [00:00<00:02, 156.82it/s]
Training (loss=2.5841):  17%|██████▎                              | 88/517 [00:00<00:02, 156.82it/s]
Training (loss=2.5863):  17%|██████▎                              | 88/517 [00:00<00:02, 156.82it/s]
Training (loss=2.4172):  17%|██████▎                              | 88/517 [00:00<00:02, 156.82it/s]
Training (loss=2.5982):  17%|██████▎                              | 88/517 [00:00<00:02, 156.82it/s]
Training (loss=2.8156):  17%|██████▎                              | 88/517 [00:00<00:02, 156.82it/s]
Training (loss=2.8156):  21%|███████▍                            | 106/517 [00:00<00:02, 162.10it/s]
Training (loss=2.5079):  21%|███████▍                            | 106/517 [00:00<00:02, 162.10it/s]
Training (loss=2.9309):  21%|███████▍                            | 106/517 [00:00<00:02, 162.10it/s]
Training (loss=2.5098):  21%|███████▍                            | 106/517 [00:00<00:02, 162.10it/s]
Training (loss=2.5451):  21%|███████▍                            | 106/517 [00:00<00:02, 162.10it/s]
Training (loss=2.4148):  21%|███████▍                            | 106/517 [00:00<00:02, 162.10it/s]
Training (loss=2.3774):  21%|███████▍                            | 106/517 [00:00<00:02, 162.10it/s]
Training (loss=2.5785):  21%|███████▍                            | 106/517 [00:00<00:02, 162.10it/s]
Training (loss=2.6209):  21%|███████▍                            | 106/517 [00:00<00:02, 162.10it/s]
Training (loss=2.4564):  21%|███████▍                            | 106/517 [00:00<00:02, 162.10it/s]
Training (loss=2.5846):  21%|███████▍                            | 106/517 [00:00<00:02, 162.10it/s]
Training (loss=2.4818):  21%|███████▍                            | 106/517 [00:00<00:02, 162.10it/s]
Training (loss=2.7059):  21%|███████▍                            | 106/517 [00:00<00:02, 162.10it/s]
Training (loss=2.5679):  21%|███████▍                            | 106/517 [00:00<00:02, 162.10it/s]
Training (loss=2.7975):  21%|███████▍                            | 106/517 [00:00<00:02, 162.10it/s]
Training (loss=2.7010):  21%|███████▍                            | 106/517 [00:00<00:02, 162.10it/s]
Training (loss=2.8570):  21%|███████▍                            | 106/517 [00:00<00:02, 162.10it/s]
Training (loss=2.7821):  21%|███████▍                            | 106/517 [00:00<00:02, 162.10it/s]
Training (loss=2.7821):  24%|████████▌                           | 123/517 [00:00<00:02, 159.64it/s]
Training (loss=2.3538):  24%|████████▌                           | 123/517 [00:00<00:02, 159.64it/s]
Training (loss=2.6529):  24%|████████▌                           | 123/517 [00:00<00:02, 159.64it/s]
Training (loss=2.4953):  24%|████████▌                           | 123/517 [00:00<00:02, 159.64it/s]
Training (loss=2.5450):  24%|████████▌                           | 123/517 [00:00<00:02, 159.64it/s]
Training (loss=2.4683):  24%|████████▌                           | 123/517 [00:00<00:02, 159.64it/s]
Training (loss=2.4915):  24%|████████▌                           | 123/517 [00:00<00:02, 159.64it/s]
Training (loss=2.6664):  24%|████████▌                           | 123/517 [00:00<00:02, 159.64it/s]
Training (loss=2.7549):  24%|████████▌                           | 123/517 [00:00<00:02, 159.64it/s]
Training (loss=2.5867):  24%|████████▌                           | 123/517 [00:00<00:02, 159.64it/s]
Training (loss=2.4066):  24%|████████▌                           | 123/517 [00:00<00:02, 159.64it/s]
Training (loss=2.6444):  24%|████████▌                           | 123/517 [00:00<00:02, 159.64it/s]
Training (loss=2.5985):  24%|████████▌                           | 123/517 [00:00<00:02, 159.64it/s]
Training (loss=2.4689):  24%|████████▌                           | 123/517 [00:00<00:02, 159.64it/s]
Training (loss=2.2981):  24%|████████▌                           | 123/517 [00:00<00:02, 159.64it/s]
Training (loss=2.7432):  24%|████████▌                           | 123/517 [00:00<00:02, 159.64it/s]
Training (loss=2.7096):  24%|████████▌                           | 123/517 [00:00<00:02, 159.64it/s]
Training (loss=2.6277):  24%|████████▌                           | 123/517 [00:00<00:02, 159.64it/s]
Training (loss=2.6277):  27%|█████████▋                          | 140/517 [00:00<00:02, 158.21it/s]
Training (loss=2.6505):  27%|█████████▋                          | 140/517 [00:00<00:02, 158.21it/s]
Training (loss=2.6026):  27%|█████████▋                          | 140/517 [00:00<00:02, 158.21it/s]
Training (loss=2.5665):  27%|█████████▋                          | 140/517 [00:01<00:02, 158.21it/s]
Training (loss=2.4478):  27%|█████████▋                          | 140/517 [00:01<00:02, 158.21it/s]
Training (loss=2.5713):  27%|█████████▋                          | 140/517 [00:01<00:02, 158.21it/s]
Training (loss=2.5212):  27%|█████████▋                          | 140/517 [00:01<00:02, 158.21it/s]
Training (loss=2.5778):  27%|█████████▋                          | 140/517 [00:01<00:02, 158.21it/s]
Training (loss=2.4862):  27%|█████████▋                          | 140/517 [00:01<00:02, 158.21it/s]
Training (loss=2.6260):  27%|█████████▋                          | 140/517 [00:01<00:02, 158.21it/s]
Training (loss=2.3986):  27%|█████████▋                          | 140/517 [00:01<00:02, 158.21it/s]
Training (loss=2.6088):  27%|█████████▋                          | 140/517 [00:01<00:02, 158.21it/s]
Training (loss=2.4829):  27%|█████████▋                          | 140/517 [00:01<00:02, 158.21it/s]
Training (loss=2.5120):  27%|█████████▋                          | 140/517 [00:01<00:02, 158.21it/s]
Training (loss=2.5932):  27%|█████████▋                          | 140/517 [00:01<00:02, 158.21it/s]
Training (loss=2.5583):  27%|█████████▋                          | 140/517 [00:01<00:02, 158.21it/s]
Training (loss=2.6278):  27%|█████████▋                          | 140/517 [00:01<00:02, 158.21it/s]
Training (loss=2.6278):  30%|██████████▊                         | 156/517 [00:01<00:02, 156.60it/s]
Training (loss=2.5487):  30%|██████████▊                         | 156/517 [00:01<00:02, 156.60it/s]
Training (loss=2.5033):  30%|██████████▊                         | 156/517 [00:01<00:02, 156.60it/s]
Training (loss=2.6474):  30%|██████████▊                         | 156/517 [00:01<00:02, 156.60it/s]
Training (loss=2.3556):  30%|██████████▊                         | 156/517 [00:01<00:02, 156.60it/s]
Training (loss=2.4364):  30%|██████████▊                         | 156/517 [00:01<00:02, 156.60it/s]
Training (loss=2.5251):  30%|██████████▊                         | 156/517 [00:01<00:02, 156.60it/s]
Training (loss=2.5067):  30%|██████████▊                         | 156/517 [00:01<00:02, 156.60it/s]
Training (loss=2.4445):  30%|██████████▊                         | 156/517 [00:01<00:02, 156.60it/s]
Training (loss=2.6122):  30%|██████████▊                         | 156/517 [00:01<00:02, 156.60it/s]
Training (loss=2.6177):  30%|██████████▊                         | 156/517 [00:01<00:02, 156.60it/s]
Training (loss=2.6585):  30%|██████████▊                         | 156/517 [00:01<00:02, 156.60it/s]
Training (loss=2.5542):  30%|██████████▊                         | 156/517 [00:01<00:02, 156.60it/s]
Training (loss=2.5707):  30%|██████████▊                         | 156/517 [00:01<00:02, 156.60it/s]
Training (loss=2.6500):  30%|██████████▊                         | 156/517 [00:01<00:02, 156.60it/s]
Training (loss=2.7238):  30%|██████████▊                         | 156/517 [00:01<00:02, 156.60it/s]
Training (loss=2.5047):  30%|██████████▊                         | 156/517 [00:01<00:02, 156.60it/s]
Training (loss=2.6483):  30%|██████████▊                         | 156/517 [00:01<00:02, 156.60it/s]
Training (loss=2.7347):  30%|██████████▊                         | 156/517 [00:01<00:02, 156.60it/s]
Training (loss=2.7347):  34%|████████████                        | 174/517 [00:01<00:02, 161.20it/s]
Training (loss=2.5774):  34%|████████████                        | 174/517 [00:01<00:02, 161.20it/s]
Training (loss=2.8528):  34%|████████████                        | 174/517 [00:01<00:02, 161.20it/s]
Training (loss=2.4062):  34%|████████████                        | 174/517 [00:01<00:02, 161.20it/s]
Training (loss=2.6764):  34%|████████████                        | 174/517 [00:01<00:02, 161.20it/s]
Training (loss=2.6344):  34%|████████████                        | 174/517 [00:01<00:02, 161.20it/s]
Training (loss=2.3804):  34%|████████████                        | 174/517 [00:01<00:02, 161.20it/s]
Training (loss=2.4777):  34%|████████████                        | 174/517 [00:01<00:02, 161.20it/s]
Training (loss=2.5325):  34%|████████████                        | 174/517 [00:01<00:02, 161.20it/s]
Training (loss=2.3818):  34%|████████████                        | 174/517 [00:01<00:02, 161.20it/s]
Training (loss=2.5542):  34%|████████████                        | 174/517 [00:01<00:02, 161.20it/s]
Training (loss=2.5619):  34%|████████████                        | 174/517 [00:01<00:02, 161.20it/s]
Training (loss=2.5501):  34%|████████████                        | 174/517 [00:01<00:02, 161.20it/s]
Training (loss=2.6490):  34%|████████████                        | 174/517 [00:01<00:02, 161.20it/s]
Training (loss=2.5515):  34%|████████████                        | 174/517 [00:01<00:02, 161.20it/s]
Training (loss=2.8717):  34%|████████████                        | 174/517 [00:01<00:02, 161.20it/s]
Training (loss=2.5204):  34%|████████████                        | 174/517 [00:01<00:02, 161.20it/s]
Training (loss=2.6809):  34%|████████████                        | 174/517 [00:01<00:02, 161.20it/s]
Training (loss=2.5850):  34%|████████████                        | 174/517 [00:01<00:02, 161.20it/s]
Training (loss=2.5850):  37%|█████████████▎                      | 192/517 [00:01<00:01, 164.38it/s]
Training (loss=2.5836):  37%|█████████████▎                      | 192/517 [00:01<00:01, 164.38it/s]
Training (loss=2.5481):  37%|█████████████▎                      | 192/517 [00:01<00:01, 164.38it/s]
Training (loss=2.4386):  37%|█████████████▎                      | 192/517 [00:01<00:01, 164.38it/s]
Training (loss=2.4781):  37%|█████████████▎                      | 192/517 [00:01<00:01, 164.38it/s]
Training (loss=2.6320):  37%|█████████████▎                      | 192/517 [00:01<00:01, 164.38it/s]
Training (loss=2.5249):  37%|█████████████▎                      | 192/517 [00:01<00:01, 164.38it/s]
Training (loss=2.6118):  37%|█████████████▎                      | 192/517 [00:01<00:01, 164.38it/s]
Training (loss=2.4746):  37%|█████████████▎                      | 192/517 [00:01<00:01, 164.38it/s]
Training (loss=2.5398):  37%|█████████████▎                      | 192/517 [00:01<00:01, 164.38it/s]
Training (loss=2.4962):  37%|█████████████▎                      | 192/517 [00:01<00:01, 164.38it/s]
Training (loss=2.6699):  37%|█████████████▎                      | 192/517 [00:01<00:01, 164.38it/s]
Training (loss=2.7086):  37%|█████████████▎                      | 192/517 [00:01<00:01, 164.38it/s]
Training (loss=2.8052):  37%|█████████████▎                      | 192/517 [00:01<00:01, 164.38it/s]
Training (loss=2.6238):  37%|█████████████▎                      | 192/517 [00:01<00:01, 164.38it/s]
Training (loss=2.5012):  37%|█████████████▎                      | 192/517 [00:01<00:01, 164.38it/s]
Training (loss=2.6378):  37%|█████████████▎                      | 192/517 [00:01<00:01, 164.38it/s]
Training (loss=2.6332):  37%|█████████████▎                      | 192/517 [00:01<00:01, 164.38it/s]
Training (loss=2.6456):  37%|█████████████▎                      | 192/517 [00:01<00:01, 164.38it/s]
Training (loss=2.6456):  41%|██████████████▌                     | 210/517 [00:01<00:01, 166.82it/s]
Training (loss=2.5860):  41%|██████████████▌                     | 210/517 [00:01<00:01, 166.82it/s]
Training (loss=2.5931):  41%|██████████████▌                     | 210/517 [00:01<00:01, 166.82it/s]
Training (loss=2.7315):  41%|██████████████▌                     | 210/517 [00:01<00:01, 166.82it/s]
Training (loss=2.3734):  41%|██████████████▌                     | 210/517 [00:01<00:01, 166.82it/s]
Training (loss=2.7644):  41%|██████████████▌                     | 210/517 [00:01<00:01, 166.82it/s]
Training (loss=2.3299):  41%|██████████████▌                     | 210/517 [00:01<00:01, 166.82it/s]
Training (loss=2.4277):  41%|██████████████▌                     | 210/517 [00:01<00:01, 166.82it/s]
Training (loss=2.6769):  41%|██████████████▌                     | 210/517 [00:01<00:01, 166.82it/s]
Training (loss=2.8813):  41%|██████████████▌                     | 210/517 [00:01<00:01, 166.82it/s]
Training (loss=2.6197):  41%|██████████████▌                     | 210/517 [00:01<00:01, 166.82it/s]
Training (loss=2.5193):  41%|██████████████▌                     | 210/517 [00:01<00:01, 166.82it/s]
Training (loss=2.8085):  41%|██████████████▌                     | 210/517 [00:01<00:01, 166.82it/s]
Training (loss=2.6873):  41%|██████████████▌                     | 210/517 [00:01<00:01, 166.82it/s]
Training (loss=2.5452):  41%|██████████████▌                     | 210/517 [00:01<00:01, 166.82it/s]
Training (loss=2.6540):  41%|██████████████▌                     | 210/517 [00:01<00:01, 166.82it/s]
Training (loss=2.6714):  41%|██████████████▌                     | 210/517 [00:01<00:01, 166.82it/s]
Training (loss=2.6114):  41%|██████████████▌                     | 210/517 [00:01<00:01, 166.82it/s]
Training (loss=2.7328):  41%|██████████████▌                     | 210/517 [00:01<00:01, 166.82it/s]
Training (loss=2.5920):  41%|██████████████▌                     | 210/517 [00:01<00:01, 166.82it/s]
Training (loss=2.5920):  44%|███████████████▉                    | 229/517 [00:01<00:01, 171.28it/s]
Training (loss=2.6080):  44%|███████████████▉                    | 229/517 [00:01<00:01, 171.28it/s]
Training (loss=2.7154):  44%|███████████████▉                    | 229/517 [00:01<00:01, 171.28it/s]
Training (loss=2.5946):  44%|███████████████▉                    | 229/517 [00:01<00:01, 171.28it/s]
Training (loss=2.5254):  44%|███████████████▉                    | 229/517 [00:01<00:01, 171.28it/s]
Training (loss=2.7136):  44%|███████████████▉                    | 229/517 [00:01<00:01, 171.28it/s]
Training (loss=2.6505):  44%|███████████████▉                    | 229/517 [00:01<00:01, 171.28it/s]
Training (loss=2.5918):  44%|███████████████▉                    | 229/517 [00:01<00:01, 171.28it/s]
Training (loss=2.5578):  44%|███████████████▉                    | 229/517 [00:01<00:01, 171.28it/s]
Training (loss=2.5525):  44%|███████████████▉                    | 229/517 [00:01<00:01, 171.28it/s]
Training (loss=2.3475):  44%|███████████████▉                    | 229/517 [00:01<00:01, 171.28it/s]
Training (loss=2.4731):  44%|███████████████▉                    | 229/517 [00:01<00:01, 171.28it/s]
Training (loss=2.7251):  44%|███████████████▉                    | 229/517 [00:01<00:01, 171.28it/s]
Training (loss=2.4593):  44%|███████████████▉                    | 229/517 [00:01<00:01, 171.28it/s]
Training (loss=2.6469):  44%|███████████████▉                    | 229/517 [00:01<00:01, 171.28it/s]
Training (loss=2.7567):  44%|███████████████▉                    | 229/517 [00:01<00:01, 171.28it/s]
Training (loss=2.6073):  44%|███████████████▉                    | 229/517 [00:01<00:01, 171.28it/s]
Training (loss=2.3970):  44%|███████████████▉                    | 229/517 [00:01<00:01, 171.28it/s]
Training (loss=2.5911):  44%|███████████████▉                    | 229/517 [00:01<00:01, 171.28it/s]
Training (loss=2.5911):  48%|█████████████████▏                  | 247/517 [00:01<00:01, 172.47it/s]
Training (loss=2.8080):  48%|█████████████████▏                  | 247/517 [00:01<00:01, 172.47it/s]
Training (loss=2.5873):  48%|█████████████████▏                  | 247/517 [00:01<00:01, 172.47it/s]
Training (loss=2.5055):  48%|█████████████████▏                  | 247/517 [00:01<00:01, 172.47it/s]
Training (loss=2.6813):  48%|█████████████████▏                  | 247/517 [00:01<00:01, 172.47it/s]
Training (loss=2.6001):  48%|█████████████████▏                  | 247/517 [00:01<00:01, 172.47it/s]
Training (loss=2.4063):  48%|█████████████████▏                  | 247/517 [00:01<00:01, 172.47it/s]
Training (loss=2.7263):  48%|█████████████████▏                  | 247/517 [00:01<00:01, 172.47it/s]
Training (loss=2.6084):  48%|█████████████████▏                  | 247/517 [00:01<00:01, 172.47it/s]
Training (loss=2.4894):  48%|█████████████████▏                  | 247/517 [00:01<00:01, 172.47it/s]
Training (loss=2.5226):  48%|█████████████████▏                  | 247/517 [00:01<00:01, 172.47it/s]
Training (loss=2.6730):  48%|█████████████████▏                  | 247/517 [00:01<00:01, 172.47it/s]
Training (loss=2.6197):  48%|█████████████████▏                  | 247/517 [00:01<00:01, 172.47it/s]
Training (loss=2.5891):  48%|█████████████████▏                  | 247/517 [00:01<00:01, 172.47it/s]
Training (loss=2.5874):  48%|█████████████████▏                  | 247/517 [00:01<00:01, 172.47it/s]
Training (loss=2.3990):  48%|█████████████████▏                  | 247/517 [00:01<00:01, 172.47it/s]
Training (loss=2.5438):  48%|█████████████████▏                  | 247/517 [00:01<00:01, 172.47it/s]
Training (loss=2.4000):  48%|█████████████████▏                  | 247/517 [00:01<00:01, 172.47it/s]
Training (loss=2.4832):  48%|█████████████████▏                  | 247/517 [00:01<00:01, 172.47it/s]
Training (loss=2.4832):  51%|██████████████████▍                 | 265/517 [00:01<00:01, 167.42it/s]
Training (loss=2.3925):  51%|██████████████████▍                 | 265/517 [00:01<00:01, 167.42it/s]
Training (loss=2.5424):  51%|██████████████████▍                 | 265/517 [00:01<00:01, 167.42it/s]
Training (loss=2.4983):  51%|██████████████████▍                 | 265/517 [00:01<00:01, 167.42it/s]
Training (loss=2.6628):  51%|██████████████████▍                 | 265/517 [00:01<00:01, 167.42it/s]
Training (loss=2.6638):  51%|██████████████████▍                 | 265/517 [00:01<00:01, 167.42it/s]
Training (loss=2.6725):  51%|██████████████████▍                 | 265/517 [00:01<00:01, 167.42it/s]
Training (loss=2.8008):  51%|██████████████████▍                 | 265/517 [00:01<00:01, 167.42it/s]
Training (loss=2.4781):  51%|██████████████████▍                 | 265/517 [00:01<00:01, 167.42it/s]
Training (loss=2.4417):  51%|██████████████████▍                 | 265/517 [00:01<00:01, 167.42it/s]
Training (loss=2.5199):  51%|██████████████████▍                 | 265/517 [00:01<00:01, 167.42it/s]
Training (loss=2.7297):  51%|██████████████████▍                 | 265/517 [00:01<00:01, 167.42it/s]
Training (loss=2.8046):  51%|██████████████████▍                 | 265/517 [00:01<00:01, 167.42it/s]
Training (loss=2.7641):  51%|██████████████████▍                 | 265/517 [00:01<00:01, 167.42it/s]
Training (loss=2.3918):  51%|██████████████████▍                 | 265/517 [00:01<00:01, 167.42it/s]
Training (loss=2.7284):  51%|██████████████████▍                 | 265/517 [00:01<00:01, 167.42it/s]
Training (loss=2.5061):  51%|██████████████████▍                 | 265/517 [00:01<00:01, 167.42it/s]
Training (loss=2.4915):  51%|██████████████████▍                 | 265/517 [00:01<00:01, 167.42it/s]
Training (loss=2.4915):  55%|███████████████████▋                | 282/517 [00:01<00:01, 161.43it/s]
Training (loss=2.3239):  55%|███████████████████▋                | 282/517 [00:01<00:01, 161.43it/s]
Training (loss=2.7883):  55%|███████████████████▋                | 282/517 [00:01<00:01, 161.43it/s]
Training (loss=2.8697):  55%|███████████████████▋                | 282/517 [00:01<00:01, 161.43it/s]
Training (loss=2.5987):  55%|███████████████████▋                | 282/517 [00:01<00:01, 161.43it/s]
Training (loss=2.3760):  55%|███████████████████▋                | 282/517 [00:01<00:01, 161.43it/s]
Training (loss=2.4886):  55%|███████████████████▋                | 282/517 [00:01<00:01, 161.43it/s]
Training (loss=2.7231):  55%|███████████████████▋                | 282/517 [00:01<00:01, 161.43it/s]
Training (loss=2.6930):  55%|███████████████████▋                | 282/517 [00:01<00:01, 161.43it/s]
Training (loss=2.5898):  55%|███████████████████▋                | 282/517 [00:01<00:01, 161.43it/s]
Training (loss=2.6404):  55%|███████████████████▋                | 282/517 [00:01<00:01, 161.43it/s]
Training (loss=2.5516):  55%|███████████████████▋                | 282/517 [00:01<00:01, 161.43it/s]
Training (loss=2.6154):  55%|███████████████████▋                | 282/517 [00:01<00:01, 161.43it/s]
Training (loss=2.4207):  55%|███████████████████▋                | 282/517 [00:01<00:01, 161.43it/s]
Training (loss=2.5549):  55%|███████████████████▋                | 282/517 [00:01<00:01, 161.43it/s]
Training (loss=2.7897):  55%|███████████████████▋                | 282/517 [00:01<00:01, 161.43it/s]
Training (loss=2.6977):  55%|███████████████████▋                | 282/517 [00:01<00:01, 161.43it/s]
Training (loss=2.5493):  55%|███████████████████▋                | 282/517 [00:01<00:01, 161.43it/s]
Training (loss=2.5493):  58%|████████████████████▊               | 299/517 [00:01<00:01, 163.29it/s]
Training (loss=2.6651):  58%|████████████████████▊               | 299/517 [00:01<00:01, 163.29it/s]
Training (loss=2.7486):  58%|████████████████████▊               | 299/517 [00:01<00:01, 163.29it/s]
Training (loss=2.7978):  58%|████████████████████▊               | 299/517 [00:01<00:01, 163.29it/s]
Training (loss=2.3803):  58%|████████████████████▊               | 299/517 [00:01<00:01, 163.29it/s]
Training (loss=2.5799):  58%|████████████████████▊               | 299/517 [00:01<00:01, 163.29it/s]
Training (loss=2.7073):  58%|████████████████████▊               | 299/517 [00:01<00:01, 163.29it/s]
Training (loss=2.3974):  58%|████████████████████▊               | 299/517 [00:01<00:01, 163.29it/s]
Training (loss=2.6658):  58%|████████████████████▊               | 299/517 [00:01<00:01, 163.29it/s]
Training (loss=2.4761):  58%|████████████████████▊               | 299/517 [00:02<00:01, 163.29it/s]
Training (loss=2.6473):  58%|████████████████████▊               | 299/517 [00:02<00:01, 163.29it/s]
Training (loss=2.5371):  58%|████████████████████▊               | 299/517 [00:02<00:01, 163.29it/s]
Training (loss=2.6897):  58%|████████████████████▊               | 299/517 [00:02<00:01, 163.29it/s]
Training (loss=2.6524):  58%|████████████████████▊               | 299/517 [00:02<00:01, 163.29it/s]
Training (loss=2.6127):  58%|████████████████████▊               | 299/517 [00:02<00:01, 163.29it/s]
Training (loss=2.7021):  58%|████████████████████▊               | 299/517 [00:02<00:01, 163.29it/s]
Training (loss=2.6244):  58%|████████████████████▊               | 299/517 [00:02<00:01, 163.29it/s]
Training (loss=2.6406):  58%|████████████████████▊               | 299/517 [00:02<00:01, 163.29it/s]
Training (loss=2.6406):  61%|██████████████████████              | 316/517 [00:02<00:01, 163.46it/s]
Training (loss=2.4216):  61%|██████████████████████              | 316/517 [00:02<00:01, 163.46it/s]
Training (loss=2.6904):  61%|██████████████████████              | 316/517 [00:02<00:01, 163.46it/s]
Training (loss=2.6632):  61%|██████████████████████              | 316/517 [00:02<00:01, 163.46it/s]
Training (loss=2.3842):  61%|██████████████████████              | 316/517 [00:02<00:01, 163.46it/s]
Training (loss=2.6639):  61%|██████████████████████              | 316/517 [00:02<00:01, 163.46it/s]
Training (loss=2.7141):  61%|██████████████████████              | 316/517 [00:02<00:01, 163.46it/s]
Training (loss=2.8320):  61%|██████████████████████              | 316/517 [00:02<00:01, 163.46it/s]
Training (loss=2.6613):  61%|██████████████████████              | 316/517 [00:02<00:01, 163.46it/s]
Training (loss=2.5382):  61%|██████████████████████              | 316/517 [00:02<00:01, 163.46it/s]
Training (loss=2.8316):  61%|██████████████████████              | 316/517 [00:02<00:01, 163.46it/s]
Training (loss=2.5404):  61%|██████████████████████              | 316/517 [00:02<00:01, 163.46it/s]
Training (loss=2.4626):  61%|██████████████████████              | 316/517 [00:02<00:01, 163.46it/s]
Training (loss=2.7039):  61%|██████████████████████              | 316/517 [00:02<00:01, 163.46it/s]
Training (loss=2.6043):  61%|██████████████████████              | 316/517 [00:02<00:01, 163.46it/s]
Training (loss=2.5194):  61%|██████████████████████              | 316/517 [00:02<00:01, 163.46it/s]
Training (loss=2.7847):  61%|██████████████████████              | 316/517 [00:02<00:01, 163.46it/s]
Training (loss=2.4415):  61%|██████████████████████              | 316/517 [00:02<00:01, 163.46it/s]
Training (loss=2.4415):  64%|███████████████████████▏            | 333/517 [00:02<00:01, 164.30it/s]
Training (loss=2.5461):  64%|███████████████████████▏            | 333/517 [00:02<00:01, 164.30it/s]
Training (loss=2.5769):  64%|███████████████████████▏            | 333/517 [00:02<00:01, 164.30it/s]
Training (loss=2.5535):  64%|███████████████████████▏            | 333/517 [00:02<00:01, 164.30it/s]
Training (loss=2.6809):  64%|███████████████████████▏            | 333/517 [00:02<00:01, 164.30it/s]
Training (loss=2.6079):  64%|███████████████████████▏            | 333/517 [00:02<00:01, 164.30it/s]
Training (loss=2.4608):  64%|███████████████████████▏            | 333/517 [00:02<00:01, 164.30it/s]
Training (loss=2.7785):  64%|███████████████████████▏            | 333/517 [00:02<00:01, 164.30it/s]
Training (loss=2.8472):  64%|███████████████████████▏            | 333/517 [00:02<00:01, 164.30it/s]
Training (loss=2.4876):  64%|███████████████████████▏            | 333/517 [00:02<00:01, 164.30it/s]
Training (loss=2.5447):  64%|███████████████████████▏            | 333/517 [00:02<00:01, 164.30it/s]
Training (loss=2.4685):  64%|███████████████████████▏            | 333/517 [00:02<00:01, 164.30it/s]
Training (loss=2.6606):  64%|███████████████████████▏            | 333/517 [00:02<00:01, 164.30it/s]
Training (loss=2.7555):  64%|███████████████████████▏            | 333/517 [00:02<00:01, 164.30it/s]
Training (loss=2.6285):  64%|███████████████████████▏            | 333/517 [00:02<00:01, 164.30it/s]
Training (loss=2.6400):  64%|███████████████████████▏            | 333/517 [00:02<00:01, 164.30it/s]
Training (loss=2.3672):  64%|███████████████████████▏            | 333/517 [00:02<00:01, 164.30it/s]
Training (loss=2.6882):  64%|███████████████████████▏            | 333/517 [00:02<00:01, 164.30it/s]
Training (loss=2.4999):  64%|███████████████████████▏            | 333/517 [00:02<00:01, 164.30it/s]
Training (loss=2.4999):  68%|████████████████████████▍           | 351/517 [00:02<00:00, 167.47it/s]
Training (loss=2.6085):  68%|████████████████████████▍           | 351/517 [00:02<00:00, 167.47it/s]
Training (loss=2.7755):  68%|████████████████████████▍           | 351/517 [00:02<00:00, 167.47it/s]
Training (loss=2.7506):  68%|████████████████████████▍           | 351/517 [00:02<00:00, 167.47it/s]
Training (loss=2.5986):  68%|████████████████████████▍           | 351/517 [00:02<00:00, 167.47it/s]
Training (loss=2.5945):  68%|████████████████████████▍           | 351/517 [00:02<00:00, 167.47it/s]
Training (loss=2.7528):  68%|████████████████████████▍           | 351/517 [00:02<00:00, 167.47it/s]
Training (loss=2.4961):  68%|████████████████████████▍           | 351/517 [00:02<00:00, 167.47it/s]
Training (loss=2.6690):  68%|████████████████████████▍           | 351/517 [00:02<00:00, 167.47it/s]
Training (loss=2.5583):  68%|████████████████████████▍           | 351/517 [00:02<00:00, 167.47it/s]
Training (loss=2.7931):  68%|████████████████████████▍           | 351/517 [00:02<00:00, 167.47it/s]
Training (loss=2.6102):  68%|████████████████████████▍           | 351/517 [00:02<00:00, 167.47it/s]
Training (loss=2.4297):  68%|████████████████████████▍           | 351/517 [00:02<00:00, 167.47it/s]
Training (loss=2.4736):  68%|████████████████████████▍           | 351/517 [00:02<00:00, 167.47it/s]
Training (loss=2.4358):  68%|████████████████████████▍           | 351/517 [00:02<00:00, 167.47it/s]
Training (loss=2.7462):  68%|████████████████████████▍           | 351/517 [00:02<00:00, 167.47it/s]
Training (loss=2.4831):  68%|████████████████████████▍           | 351/517 [00:02<00:00, 167.47it/s]
Training (loss=2.4833):  68%|████████████████████████▍           | 351/517 [00:02<00:00, 167.47it/s]
Training (loss=2.5564):  68%|████████████████████████▍           | 351/517 [00:02<00:00, 167.47it/s]
Training (loss=2.5564):  71%|█████████████████████████▋          | 369/517 [00:02<00:00, 168.83it/s]
Training (loss=2.5388):  71%|█████████████████████████▋          | 369/517 [00:02<00:00, 168.83it/s]
Training (loss=2.5148):  71%|█████████████████████████▋          | 369/517 [00:02<00:00, 168.83it/s]
Training (loss=2.4375):  71%|█████████████████████████▋          | 369/517 [00:02<00:00, 168.83it/s]
Training (loss=2.5209):  71%|█████████████████████████▋          | 369/517 [00:02<00:00, 168.83it/s]
Training (loss=2.4018):  71%|█████████████████████████▋          | 369/517 [00:02<00:00, 168.83it/s]
Training (loss=2.6732):  71%|█████████████████████████▋          | 369/517 [00:02<00:00, 168.83it/s]
Training (loss=2.5425):  71%|█████████████████████████▋          | 369/517 [00:02<00:00, 168.83it/s]
Training (loss=2.6063):  71%|█████████████████████████▋          | 369/517 [00:02<00:00, 168.83it/s]
Training (loss=2.4565):  71%|█████████████████████████▋          | 369/517 [00:02<00:00, 168.83it/s]
Training (loss=2.5096):  71%|█████████████████████████▋          | 369/517 [00:02<00:00, 168.83it/s]
Training (loss=2.6062):  71%|█████████████████████████▋          | 369/517 [00:02<00:00, 168.83it/s]
Training (loss=2.5123):  71%|█████████████████████████▋          | 369/517 [00:02<00:00, 168.83it/s]
Training (loss=2.5406):  71%|█████████████████████████▋          | 369/517 [00:02<00:00, 168.83it/s]
Training (loss=2.6843):  71%|█████████████████████████▋          | 369/517 [00:02<00:00, 168.83it/s]
Training (loss=2.7062):  71%|█████████████████████████▋          | 369/517 [00:02<00:00, 168.83it/s]
Training (loss=2.4940):  71%|█████████████████████████▋          | 369/517 [00:02<00:00, 168.83it/s]
Training (loss=2.5391):  71%|█████████████████████████▋          | 369/517 [00:02<00:00, 168.83it/s]
Training (loss=2.5354):  71%|█████████████████████████▋          | 369/517 [00:02<00:00, 168.83it/s]
Training (loss=2.5354):  75%|██████████████████████████▉         | 387/517 [00:02<00:00, 170.29it/s]
Training (loss=2.4683):  75%|██████████████████████████▉         | 387/517 [00:02<00:00, 170.29it/s]
Training (loss=2.4047):  75%|██████████████████████████▉         | 387/517 [00:02<00:00, 170.29it/s]
Training (loss=2.4866):  75%|██████████████████████████▉         | 387/517 [00:02<00:00, 170.29it/s]
Training (loss=2.7471):  75%|██████████████████████████▉         | 387/517 [00:02<00:00, 170.29it/s]
Training (loss=2.4687):  75%|██████████████████████████▉         | 387/517 [00:02<00:00, 170.29it/s]
Training (loss=2.5167):  75%|██████████████████████████▉         | 387/517 [00:02<00:00, 170.29it/s]
Training (loss=2.4429):  75%|██████████████████████████▉         | 387/517 [00:02<00:00, 170.29it/s]
Training (loss=2.6874):  75%|██████████████████████████▉         | 387/517 [00:02<00:00, 170.29it/s]
Training (loss=2.7480):  75%|██████████████████████████▉         | 387/517 [00:02<00:00, 170.29it/s]
Training (loss=2.7094):  75%|██████████████████████████▉         | 387/517 [00:02<00:00, 170.29it/s]
Training (loss=2.7862):  75%|██████████████████████████▉         | 387/517 [00:02<00:00, 170.29it/s]
Training (loss=2.4934):  75%|██████████████████████████▉         | 387/517 [00:02<00:00, 170.29it/s]
Training (loss=2.7059):  75%|██████████████████████████▉         | 387/517 [00:02<00:00, 170.29it/s]
Training (loss=2.2331):  75%|██████████████████████████▉         | 387/517 [00:02<00:00, 170.29it/s]
Training (loss=2.8200):  75%|██████████████████████████▉         | 387/517 [00:02<00:00, 170.29it/s]
Training (loss=2.5378):  75%|██████████████████████████▉         | 387/517 [00:02<00:00, 170.29it/s]
Training (loss=2.7073):  75%|██████████████████████████▉         | 387/517 [00:02<00:00, 170.29it/s]
Training (loss=2.6558):  75%|██████████████████████████▉         | 387/517 [00:02<00:00, 170.29it/s]
Training (loss=2.6558):  78%|████████████████████████████▏       | 405/517 [00:02<00:00, 168.86it/s]
Training (loss=2.5955):  78%|████████████████████████████▏       | 405/517 [00:02<00:00, 168.86it/s]
Training (loss=2.5298):  78%|████████████████████████████▏       | 405/517 [00:02<00:00, 168.86it/s]
Training (loss=2.6124):  78%|████████████████████████████▏       | 405/517 [00:02<00:00, 168.86it/s]
Training (loss=2.6961):  78%|████████████████████████████▏       | 405/517 [00:02<00:00, 168.86it/s]
Training (loss=2.8086):  78%|████████████████████████████▏       | 405/517 [00:02<00:00, 168.86it/s]
Training (loss=2.3266):  78%|████████████████████████████▏       | 405/517 [00:02<00:00, 168.86it/s]
Training (loss=2.3652):  78%|████████████████████████████▏       | 405/517 [00:02<00:00, 168.86it/s]
Training (loss=2.6016):  78%|████████████████████████████▏       | 405/517 [00:02<00:00, 168.86it/s]
Training (loss=2.4410):  78%|████████████████████████████▏       | 405/517 [00:02<00:00, 168.86it/s]
Training (loss=2.4851):  78%|████████████████████████████▏       | 405/517 [00:02<00:00, 168.86it/s]
Training (loss=2.2786):  78%|████████████████████████████▏       | 405/517 [00:02<00:00, 168.86it/s]
Training (loss=2.4836):  78%|████████████████████████████▏       | 405/517 [00:02<00:00, 168.86it/s]
Training (loss=2.5616):  78%|████████████████████████████▏       | 405/517 [00:02<00:00, 168.86it/s]
Training (loss=2.4354):  78%|████████████████████████████▏       | 405/517 [00:02<00:00, 168.86it/s]
Training (loss=2.3833):  78%|████████████████████████████▏       | 405/517 [00:02<00:00, 168.86it/s]
Training (loss=2.4275):  78%|████████████████████████████▏       | 405/517 [00:02<00:00, 168.86it/s]
Training (loss=2.6983):  78%|████████████████████████████▏       | 405/517 [00:02<00:00, 168.86it/s]
Training (loss=2.6983):  82%|█████████████████████████████▍      | 422/517 [00:02<00:00, 167.95it/s]
Training (loss=2.3933):  82%|█████████████████████████████▍      | 422/517 [00:02<00:00, 167.95it/s]
Training (loss=2.4742):  82%|█████████████████████████████▍      | 422/517 [00:02<00:00, 167.95it/s]
Training (loss=2.6236):  82%|█████████████████████████████▍      | 422/517 [00:02<00:00, 167.95it/s]
Training (loss=2.6295):  82%|█████████████████████████████▍      | 422/517 [00:02<00:00, 167.95it/s]
Training (loss=2.6240):  82%|█████████████████████████████▍      | 422/517 [00:02<00:00, 167.95it/s]
Training (loss=2.4548):  82%|█████████████████████████████▍      | 422/517 [00:02<00:00, 167.95it/s]
Training (loss=2.5973):  82%|█████████████████████████████▍      | 422/517 [00:02<00:00, 167.95it/s]
Training (loss=2.6291):  82%|█████████████████████████████▍      | 422/517 [00:02<00:00, 167.95it/s]
Training (loss=2.4365):  82%|█████████████████████████████▍      | 422/517 [00:02<00:00, 167.95it/s]
Training (loss=2.6379):  82%|█████████████████████████████▍      | 422/517 [00:02<00:00, 167.95it/s]
Training (loss=2.8260):  82%|█████████████████████████████▍      | 422/517 [00:02<00:00, 167.95it/s]
Training (loss=2.6023):  82%|█████████████████████████████▍      | 422/517 [00:02<00:00, 167.95it/s]
Training (loss=2.6524):  82%|█████████████████████████████▍      | 422/517 [00:02<00:00, 167.95it/s]
Training (loss=2.5921):  82%|█████████████████████████████▍      | 422/517 [00:02<00:00, 167.95it/s]
Training (loss=2.5318):  82%|█████████████████████████████▍      | 422/517 [00:02<00:00, 167.95it/s]
Training (loss=2.3584):  82%|█████████████████████████████▍      | 422/517 [00:02<00:00, 167.95it/s]
Training (loss=2.4775):  82%|█████████████████████████████▍      | 422/517 [00:02<00:00, 167.95it/s]
Training (loss=2.5583):  82%|█████████████████████████████▍      | 422/517 [00:02<00:00, 167.95it/s]
Training (loss=2.5583):  85%|██████████████████████████████▋     | 440/517 [00:02<00:00, 170.62it/s]
Training (loss=2.6029):  85%|██████████████████████████████▋     | 440/517 [00:02<00:00, 170.62it/s]
Training (loss=2.6468):  85%|██████████████████████████████▋     | 440/517 [00:02<00:00, 170.62it/s]
Training (loss=2.8863):  85%|██████████████████████████████▋     | 440/517 [00:02<00:00, 170.62it/s]
Training (loss=2.7037):  85%|██████████████████████████████▋     | 440/517 [00:02<00:00, 170.62it/s]
Training (loss=2.5557):  85%|██████████████████████████████▋     | 440/517 [00:02<00:00, 170.62it/s]
Training (loss=2.3703):  85%|██████████████████████████████▋     | 440/517 [00:02<00:00, 170.62it/s]
Training (loss=2.5671):  85%|██████████████████████████████▋     | 440/517 [00:02<00:00, 170.62it/s]
Training (loss=2.6923):  85%|██████████████████████████████▋     | 440/517 [00:02<00:00, 170.62it/s]
Training (loss=2.5129):  85%|██████████████████████████████▋     | 440/517 [00:02<00:00, 170.62it/s]
Training (loss=2.4705):  85%|██████████████████████████████▋     | 440/517 [00:02<00:00, 170.62it/s]
Training (loss=2.6266):  85%|██████████████████████████████▋     | 440/517 [00:02<00:00, 170.62it/s]
Training (loss=2.6666):  85%|██████████████████████████████▋     | 440/517 [00:02<00:00, 170.62it/s]
Training (loss=2.6095):  85%|██████████████████████████████▋     | 440/517 [00:02<00:00, 170.62it/s]
Training (loss=2.7818):  85%|██████████████████████████████▋     | 440/517 [00:02<00:00, 170.62it/s]
Training (loss=2.6731):  85%|██████████████████████████████▋     | 440/517 [00:02<00:00, 170.62it/s]
Training (loss=2.6132):  85%|██████████████████████████████▋     | 440/517 [00:02<00:00, 170.62it/s]
Training (loss=2.6616):  85%|██████████████████████████████▋     | 440/517 [00:02<00:00, 170.62it/s]
Training (loss=2.5379):  85%|██████████████████████████████▋     | 440/517 [00:02<00:00, 170.62it/s]
Training (loss=2.5379):  89%|███████████████████████████████▉    | 458/517 [00:02<00:00, 172.45it/s]
Training (loss=2.5727):  89%|███████████████████████████████▉    | 458/517 [00:02<00:00, 172.45it/s]
Training (loss=2.6117):  89%|███████████████████████████████▉    | 458/517 [00:02<00:00, 172.45it/s]
Training (loss=2.9182):  89%|███████████████████████████████▉    | 458/517 [00:02<00:00, 172.45it/s]
Training (loss=2.5605):  89%|███████████████████████████████▉    | 458/517 [00:02<00:00, 172.45it/s]
Training (loss=2.4368):  89%|███████████████████████████████▉    | 458/517 [00:02<00:00, 172.45it/s]
Training (loss=2.5999):  89%|███████████████████████████████▉    | 458/517 [00:02<00:00, 172.45it/s]
Training (loss=2.4275):  89%|███████████████████████████████▉    | 458/517 [00:02<00:00, 172.45it/s]
Training (loss=2.5573):  89%|███████████████████████████████▉    | 458/517 [00:02<00:00, 172.45it/s]
Training (loss=2.6022):  89%|███████████████████████████████▉    | 458/517 [00:02<00:00, 172.45it/s]
Training (loss=2.5953):  89%|███████████████████████████████▉    | 458/517 [00:02<00:00, 172.45it/s]
Training (loss=2.7259):  89%|███████████████████████████████▉    | 458/517 [00:02<00:00, 172.45it/s]
Training (loss=2.5051):  89%|███████████████████████████████▉    | 458/517 [00:02<00:00, 172.45it/s]
Training (loss=2.3651):  89%|███████████████████████████████▉    | 458/517 [00:02<00:00, 172.45it/s]
Training (loss=2.6667):  89%|███████████████████████████████▉    | 458/517 [00:02<00:00, 172.45it/s]
Training (loss=2.7288):  89%|███████████████████████████████▉    | 458/517 [00:02<00:00, 172.45it/s]
Training (loss=2.6183):  89%|███████████████████████████████▉    | 458/517 [00:02<00:00, 172.45it/s]
Training (loss=2.5743):  89%|███████████████████████████████▉    | 458/517 [00:02<00:00, 172.45it/s]
Training (loss=2.6219):  89%|███████████████████████████████▉    | 458/517 [00:02<00:00, 172.45it/s]
Training (loss=2.6219):  92%|█████████████████████████████████▏  | 476/517 [00:02<00:00, 168.88it/s]
Training (loss=2.6495):  92%|█████████████████████████████████▏  | 476/517 [00:02<00:00, 168.88it/s]
Training (loss=2.6649):  92%|█████████████████████████████████▏  | 476/517 [00:03<00:00, 168.88it/s]
Training (loss=2.7281):  92%|█████████████████████████████████▏  | 476/517 [00:03<00:00, 168.88it/s]
Training (loss=2.5111):  92%|█████████████████████████████████▏  | 476/517 [00:03<00:00, 168.88it/s]
Training (loss=2.5876):  92%|█████████████████████████████████▏  | 476/517 [00:03<00:00, 168.88it/s]
Training (loss=2.7667):  92%|█████████████████████████████████▏  | 476/517 [00:03<00:00, 168.88it/s]
Training (loss=2.5242):  92%|█████████████████████████████████▏  | 476/517 [00:03<00:00, 168.88it/s]
Training (loss=2.5159):  92%|█████████████████████████████████▏  | 476/517 [00:03<00:00, 168.88it/s]
Training (loss=2.5891):  92%|█████████████████████████████████▏  | 476/517 [00:03<00:00, 168.88it/s]
Training (loss=2.7130):  92%|█████████████████████████████████▏  | 476/517 [00:03<00:00, 168.88it/s]
Training (loss=2.6179):  92%|█████████████████████████████████▏  | 476/517 [00:03<00:00, 168.88it/s]
Training (loss=2.5845):  92%|█████████████████████████████████▏  | 476/517 [00:03<00:00, 168.88it/s]
Training (loss=2.6089):  92%|█████████████████████████████████▏  | 476/517 [00:03<00:00, 168.88it/s]
Training (loss=2.6511):  92%|█████████████████████████████████▏  | 476/517 [00:03<00:00, 168.88it/s]
Training (loss=2.4335):  92%|█████████████████████████████████▏  | 476/517 [00:03<00:00, 168.88it/s]
Training (loss=2.5461):  92%|█████████████████████████████████▏  | 476/517 [00:03<00:00, 168.88it/s]
Training (loss=2.6655):  92%|█████████████████████████████████▏  | 476/517 [00:03<00:00, 168.88it/s]
Training (loss=2.6655):  95%|██████████████████████████████████▎ | 493/517 [00:03<00:00, 165.07it/s]
Training (loss=2.5739):  95%|██████████████████████████████████▎ | 493/517 [00:03<00:00, 165.07it/s]
Training (loss=2.6061):  95%|██████████████████████████████████▎ | 493/517 [00:03<00:00, 165.07it/s]
Training (loss=2.5195):  95%|██████████████████████████████████▎ | 493/517 [00:03<00:00, 165.07it/s]
Training (loss=2.5307):  95%|██████████████████████████████████▎ | 493/517 [00:03<00:00, 165.07it/s]
Training (loss=2.8327):  95%|██████████████████████████████████▎ | 493/517 [00:03<00:00, 165.07it/s]
Training (loss=2.7320):  95%|██████████████████████████████████▎ | 493/517 [00:03<00:00, 165.07it/s]
Training (loss=2.6669):  95%|██████████████████████████████████▎ | 493/517 [00:03<00:00, 165.07it/s]
Training (loss=2.7924):  95%|██████████████████████████████████▎ | 493/517 [00:03<00:00, 165.07it/s]
Training (loss=2.6588):  95%|██████████████████████████████████▎ | 493/517 [00:03<00:00, 165.07it/s]
Training (loss=2.6076):  95%|██████████████████████████████████▎ | 493/517 [00:03<00:00, 165.07it/s]
Training (loss=2.8137):  95%|██████████████████████████████████▎ | 493/517 [00:03<00:00, 165.07it/s]
Training (loss=2.6682):  95%|██████████████████████████████████▎ | 493/517 [00:03<00:00, 165.07it/s]
Training (loss=2.7202):  95%|██████████████████████████████████▎ | 493/517 [00:03<00:00, 165.07it/s]
Training (loss=2.5599):  95%|██████████████████████████████████▎ | 493/517 [00:03<00:00, 165.07it/s]
Training (loss=2.9066):  95%|██████████████████████████████████▎ | 493/517 [00:03<00:00, 165.07it/s]
Training (loss=2.4032):  95%|██████████████████████████████████▎ | 493/517 [00:03<00:00, 165.07it/s]
Training (loss=2.9164):  95%|██████████████████████████████████▎ | 493/517 [00:03<00:00, 165.07it/s]
Training (loss=2.9164):  99%|███████████████████████████████████▌| 510/517 [00:03<00:00, 164.38it/s]
Training (loss=2.5559):  99%|███████████████████████████████████▌| 510/517 [00:03<00:00, 164.38it/s]
Training (loss=2.7418):  99%|███████████████████████████████████▌| 510/517 [00:03<00:00, 164.38it/s]
Training (loss=2.5697):  99%|███████████████████████████████████▌| 510/517 [00:03<00:00, 164.38it/s]
Training (loss=2.6841):  99%|███████████████████████████████████▌| 510/517 [00:03<00:00, 164.38it/s]
Training (loss=2.5931):  99%|███████████████████████████████████▌| 510/517 [00:03<00:00, 164.38it/s]
Training (loss=2.8240):  99%|███████████████████████████████████▌| 510/517 [00:03<00:00, 164.38it/s]
Training (loss=2.5138):  99%|███████████████████████████████████▌| 510/517 [00:03<00:00, 164.38it/s]
Training (loss=2.5138): 100%|████████████████████████████████████| 517/517 [00:03<00:00, 155.23it/s]
Evaluating on validation set...
Validation loss: 2.6350
Epoch 5/5 - Train loss: 2.5912, Val loss: 2.6350

Evaluating on test set...
Test loss: 2.6398

==== 数据集划分方式：random ====
训练集体素数: 258951，验证集体素数: 302110，测试集体素数: 302111

==== 输出volume序号与b值、原始nifti索引的对应关系 ====
输出volume序号: 0, 原始nifti索引: 3, b值: 5
输出volume序号: 1, 原始nifti索引: 5, b值: 1000
输出volume序号: 2, 原始nifti索引: 9, b值: 2000
输出volume序号: 3, 原始nifti索引: 12, b值: 3005
输出volume序号: 4, 原始nifti索引: 15, b值: 995
输出volume序号: 5, 原始nifti索引: 19, b值: 2995
输出volume序号: 6, 原始nifti索引: 20, b值: 2005
输出volume序号: 7, 原始nifti索引: 25, b值: 990
输出volume序号: 8, 原始nifti索引: 28, b值: 1990
输出volume序号: 9, 原始nifti索引: 31, b值: 2995
输出volume序号: 10, 原始nifti索引: 33, b值: 1000
输出volume序号: 11, 原始nifti索引: 38, b值: 1990
输出volume序号: 12, 原始nifti索引: 40, b值: 2995
输出volume序号: 13, 原始nifti索引: 42, b值: 1005
输出volume序号: 14, 原始nifti索引: 47, b值: 1995
输出volume序号: 15, 原始nifti索引: 51, b值: 2995
输出volume序号: 16, 原始nifti索引: 52, b值: 5
输出volume序号: 17, 原始nifti索引: 56, b值: 995
输出volume序号: 18, 原始nifti索引: 60, b值: 2000
输出volume序号: 19, 原始nifti索引: 62, b值: 3010
输出volume序号: 20, 原始nifti索引: 67, b值: 3005
输出volume序号: 21, 原始nifti索引: 70, b值: 995
输出volume序号: 22, 原始nifti索引: 73, b值: 2010
输出volume序号: 23, 原始nifti索引: 76, b值: 995
输出volume序号: 24, 原始nifti索引: 82, b值: 1990
输出volume序号: 25, 原始nifti索引: 83, b值: 2990
输出volume序号: 26, 原始nifti索引: 86, b值: 1000
输出volume序号: 27, 原始nifti索引: 89, b值: 2000
输出volume序号: 28, 原始nifti索引: 92, b值: 3005
输出volume序号: 29, 原始nifti索引: 93, b值: 995
输出volume序号: 30, 原始nifti索引: 96, b值: 1995
输出volume序号: 31, 原始nifti索引: 102, b值: 2985
输出volume序号: 32, 原始nifti索引: 105, b值: 5
输出volume序号: 33, 原始nifti索引: 108, b值: 3005
输出volume序号: 34, 原始nifti索引: 111, b值: 995
输出volume序号: 35, 原始nifti索引: 114, b值: 2005
输出volume序号: 36, 原始nifti索引: 118, b值: 990
输出volume序号: 37, 原始nifti索引: 121, b值: 1985
输出volume序号: 38, 原始nifti索引: 124, b值: 2990
输出volume序号: 39, 原始nifti索引: 127, b值: 995
输出volume序号: 40, 原始nifti索引: 130, b值: 2985
输出volume序号: 41, 原始nifti索引: 135, b值: 1995
输出volume序号: 42, 原始nifti索引: 137, b值: 3005
输出volume序号: 43, 原始nifti索引: 140, b值: 995
输出volume序号: 44, 原始nifti索引: 143, b值: 2005
输出volume序号: 45, 原始nifti索引: 147, b值: 1000
输出volume序号: 46, 原始nifti索引: 150, b值: 1990
输出volume序号: 47, 原始nifti索引: 153, b值: 2995
输出volume序号: 48, 原始nifti索引: 156, b值: 5
输出volume序号: 49, 原始nifti索引: 159, b值: 1005
输出volume序号: 50, 原始nifti索引: 162, b值: 2005
输出volume序号: 51, 原始nifti索引: 164, b值: 2995
输出volume序号: 52, 原始nifti索引: 169, b值: 2995
输出volume序号: 53, 原始nifti索引: 170, b值: 1005
输出volume序号: 54, 原始nifti索引: 175, b值: 1985
输出volume序号: 55, 原始nifti索引: 178, b值: 1005
输出volume序号: 56, 原始nifti索引: 184, b值: 2990
输出volume序号: 57, 原始nifti索引: 185, b值: 2005
输出volume序号: 58, 原始nifti索引: 188, b值: 995
输出volume序号: 59, 原始nifti索引: 189, b值: 1990
输出volume序号: 60, 原始nifti索引: 194, b值: 3005
输出volume序号: 61, 原始nifti索引: 198, b值: 995
输出volume序号: 62, 原始nifti索引: 201, b值: 2990
输出volume序号: 63, 原始nifti索引: 204, b值: 1995
输出volume序号: 64, 原始nifti索引: 206, b值: 5
输出volume序号: 65, 原始nifti索引: 209, b值: 990
输出volume序号: 66, 原始nifti索引: 214, b值: 2005
输出volume序号: 67, 原始nifti索引: 217, b值: 2995
输出volume序号: 68, 原始nifti索引: 220, b值: 1000
输出volume序号: 69, 原始nifti索引: 221, b值: 2000
输出volume序号: 70, 原始nifti索引: 226, b值: 3000
输出volume序号: 71, 原始nifti索引: 230, b值: 995
输出volume序号: 72, 原始nifti索引: 231, b值: 2005
输出volume序号: 73, 原始nifti索引: 234, b值: 3000
输出volume序号: 74, 原始nifti索引: 239, b值: 1000
输出volume序号: 75, 原始nifti索引: 241, b值: 2000
输出volume序号: 76, 原始nifti索引: 246, b值: 3010
输出volume序号: 77, 原始nifti索引: 249, b值: 990
输出volume序号: 78, 原始nifti索引: 252, b值: 2005
输出volume序号: 79, 原始nifti索引: 254, b值: 1995
输出volume序号: 80, 原始nifti索引: 259, b值: 5
输出volume序号: 81, 原始nifti索引: 262, b值: 1000
输出volume序号: 82, 原始nifti索引: 265, b值: 3010
输出volume序号: 83, 原始nifti索引: 268, b值: 2985
输出volume序号: 84, 原始nifti索引: 270, b值: 1005
输出volume序号: 85, 原始nifti索引: 275, b值: 1990
输出volume序号: 86, 原始nifti索引: 278, b值: 3000
输出volume序号: 87, 原始nifti索引: 279, b值: 1000
输出volume序号: 88, 原始nifti索引: 283, b值: 2005
输出volume序号: 89, 原始nifti索引: 287, b值: 3000
